13, AdminAdmin, fortynine, true, 1579938003
13, AdminAdmin, fortynine, true, 1579938473
13, anand._.10, 64, false, 1579960389
13, anand._.10, sixtyfour, false, 1579960395
13, anand._.10, acchedin, false, 1579960514
13, pasta4lyf, fortynine, true, 1579960515
13, anand._.10, bhaiyon, false, 1579960519
13, Vp27101999, 49, false, 1579960522
13, anand._.10, mitron, false, 1579960523
13, anand._.10, namo, false, 1579960527
13, Vp27101999, fortynine, true, 1579960527
13, modulated_pikachu, fortynine, true, 1579960528
13, ronnie_36, fortynine, true, 1579960531
13, anand._.10, fortynine, true, 1579960536
13, FreezeV2, fortynine, true, 1579960537
13, wonttell, fortynine, true, 1579960551
13, ysh_suvarna, fortynine, true, 1579960562
13, vivekbhushan, fortynine, true, 1579960582
13, bhanushali, fortynine, true, 1579960607
13, geraltofrivia, fortynine, true, 1579960733
13, hazy.......007, fortynine, true, 1579961038
13, aaabattery, fortynine, true, 1579961983
13, ayamrage, mitronachhedinaagaye, false, 1579962573
13, ayamrage, mitronachhedinaagaye, false, 1579962573
13, ayamrage, mitronachhedinaagayehai, false, 1579962576
13, architojha2001, fortynine, true, 1579962593
13, ayamrage, achchedin, false, 1579962596
13, ayamrage, demonetization, false, 1579962607
13, ayamrage, demonetisation, false, 1579962610
13, ayamrage, 2016indianbanknotedemonetisation, false, 1579962632
13, ayamrage, banknotedemonetisation, false, 1579962636
13, ayamrage, demonetisation, false, 1579962639
13, MishuAnubis, demonetization, false, 1579962677
13, MishuAnubis, demonetisation, false, 1579962683
13, ayamrage, achhedinaanewaalehain, false, 1579962790
13, ayamrage, modiscript, false, 1579962997
13, CrazyByDefaut, modiscript, false, 1579962997
13, Whazza42, fortynine, true, 1579963022
13, MishuAnubis, demonetisationspeech, false, 1579963032
13, CrazyByDefaut, fortynine, true, 1579963294
13, MishuAnubis, fortynine, true, 1579963339
13, ayamrage, fortynine, true, 1579963369
13, iBlyatiful, fourtynine, false, 1579963440
13, iBlyatiful, fourtynine, false, 1579963446
13, iBlyatiful, fortynine, true, 1579963450
13, flitwick, fortynine, true, 1579963463
13, abcdefghi, fortynine, true, 1579963477
13, Tabzzzzzzzz, fortynine, true, 1579963551
13, Kamikaze, demonitisation, false, 1579965738
13, Kamikaze, demonetisation, false, 1579965746
13, Kamikaze, 49, false, 1579965806
13, Kamikaze, fortynine, true, 1579965816
13, vedantsingh1404, demonetisation, false, 1579966024
13, vedantsingh1404, 1000, false, 1579966127
13, vedantsingh1404, demonetization, false, 1579966296
13, vedantsingh1404, demonetisation, false, 1579966297
13, vedantsingh1404, congress, false, 1579966305
13, vedantsingh1404, rahulgandhi, false, 1579966311
13, vedantsingh1404, 522783, false, 1579966348
13, vedantsingh1404, choturam, false, 1579966534
13, vedantsingh1404, maharashtra, false, 1579966612
13, vedantsingh1404, 334581, false, 1579966755
13, vedantsingh1404, acchedin, false, 1579967082
13, vedantsingh1404, acchedinaagaye, false, 1579967085
13, Brokeigma, fortynine, true, 1579967196
13, vedantsingh1404, ZGVtb25ldGlzYXRpb24NCg, false, 1579967339
13, vedantsingh1404, ZGVtb25ldGlzYXRpb24NCg==, false, 1579967344
13, vedantsingh1404, ZGVtb25ldGl6YXRpb24=, false, 1579967367
13, vedantsingh1404, ZGVtb25ldGl6YXRpb24, false, 1579967371
13, vedantsingh1404, unlambda, false, 1579967415
13, vedantsingh1404, barinfuck, false, 1579967420
13, vedantsingh1404, brainfuck, false, 1579967424
13, vedantsingh1404, brainfuck, false, 1579967468
13, vedantsingh1404, modiscript, false, 1579967551
13, vedantsingh1404, modiscript, false, 1579967565
13, vedantsingh1404, davidmorganmar, false, 1579967574
13, vedantsingh1404, 49, false, 1579967689
13, vedantsingh1404, 350, false, 1579967698
13, vedantsingh1404, threefivezero, false, 1579967703
13, vedantsingh1404, fortynine, true, 1579967774
13, BoredTea, fourtynine, false, 1579968362
13, BoredTea, fortynine, true, 1579968364
13, Tanishq2403, fortynine, true, 1579968805
13, tushartiwariofficial, fortynine, true, 1579969683
13, GreenEarthEagle, demonetization, false, 1579970262
13, GreenEarthEagle, drums, false, 1579970319
13, GreenEarthEagle, fortynine, true, 1579970483
13, omaewamoushindeiru, fortynine, true, 1579972900
13, aakshata, fourtynine, false, 1579974005
13, aakshata, fortynine, true, 1579974015
13, Hellblazer100, demonetization, false, 1579975136
13, TheDemigod, fortytwo, false, 1579975473
13, TheDemigod, fourtytwo, false, 1579975483
13, TheDemigod, seasons, false, 1579976657
13, TheDemigod, seasons, false, 1579976662
13, TheDemigod, season, false, 1579976663
13, Hellblazer100, mausam, false, 1579976669
13, TheDemigod, spring, false, 1579976677
13, TheDemigod, winter, false, 1579976704
13, TheDemigod, winterhascome, false, 1579976707
13, TheDemigod, groovecoverage, false, 1579976797
13, TheDemigod, sevenyearsandfiftydays, false, 1579977030
13, E_power_i_pi, demonetisation, false, 1579977632
13, ee190002068, fortynine, true, 1579977845
13, TheDemigod, fortnite, false, 1579977905
13, TheDemigod, taiius, false, 1579978191
13, E_power_i_pi, run, false, 1579978248
13, TheDemigod, taimes, false, 1579978702
13, TheDemigod, mindfuck, false, 1579978727
13, TheDemigod, ook, false, 1579978730
13, TheDemigod, brainfuck, false, 1579978736
13, TheDemigod, esolat, false, 1579978798
13, TheDemigod, thames, false, 1579979065
13, Hellblazer100, thanos, false, 1579979076
13, Hellblazer100, thanos, false, 1579979077
13, TheDemigod, 350, false, 1579979084
13, Hellblazer100, sixtyfour, false, 1579979085
13, TheDemigod, 350threehundredfifty, false, 1579979091
13, TheDemigod, threehundredfifty, false, 1579979096
13, TheDemigod, threehundredandfifty, false, 1579979099
13, TheDemigod, isis, false, 1579979119
13, Elephantsfoot, selmonbhoi, false, 1579979133
13, Elephantsfoot, selmonkhan, false, 1579979137
13, Elephantsfoot, salmankhan, false, 1579979143
13, TheDemigod, plant, false, 1579979231
13, Elephantsfoot, demonetisation, false, 1579979314
13, Elephantsfoot, demonetization, false, 1579979320
13, Elephantsfoot, elan, false, 1579979516
13, Elephantsfoot, elanandnvision, false, 1579979522
13, Elephantsfoot, elanandnvision, false, 1579979523
13, TheDemigod, modiscript, false, 1579979578
13, TheDemigod, fortynine, true, 1579979741
13, Hellblazer100, fortynine, true, 1579979750
13, E_power_i_pi, modiscript, false, 1579979991
13, E_power_i_pi, 49, false, 1579980107
13, E_power_i_pi, fortynine, true, 1579980113
13, angad11121, , false, 1579980121
13, angad11121, , false, 1579980122
13, angad11121, , false, 1579980122
13, angad11121, , false, 1579980123
13, angad11121, , false, 1579980125
13, angad11121, , false, 1579980125
13, angad11121, , false, 1579980126
13, angad11121, , false, 1579980164
13, angad11121, , false, 1579980165
13, angad11121, , false, 1579980166
13, angad11121, , false, 1579980167
13, angad11121, , false, 1579980168
13, angad11121, , false, 1579980168
13, Elephantsfoot, seven, false, 1579980247
13, angad11121, , false, 1579980251
13, angad11121, , false, 1579980252
13, angad11121, , false, 1579980254
13, angad11121, , false, 1579980256
13, angad11121, , false, 1579980257
13, angad11121, , false, 1579980259
13, angad11121, , false, 1579980259
13, angad11121, , false, 1579980261
13, angad11121, , false, 1579980262
13, angad11121, , false, 1579980262
13, angad11121, , false, 1579980263
13, angad11121, , false, 1579980264
13, angad11121, , false, 1579980264
13, angad11121, , false, 1579980264
13, angad11121, , false, 1579980265
13, angad11121, , false, 1579980266
13, Elephantsfoot, fortynine, true, 1579980392
13, angad11121, , false, 1579980502
13, angad11121, , false, 1579980504
13, angad11121, , false, 1579980513
13, angad11121, , false, 1579980515
13, angad11121, , false, 1579980518
13, angad11121, , false, 1579980521
13, angad11121, , false, 1579980524
13, angad11121, , false, 1579980524
13, angad11121, , false, 1579980526
13, angad11121, , false, 1579980526
13, angad11121, , false, 1579980527
13, angad11121, , false, 1579980530
13, angad11121, , false, 1579980532
13, angad11121, , false, 1579980533
13, angad11121, , false, 1579980533
13, angad11121, fuck segreta, false, 1579980543
13, angad11121, , false, 1579980545
13, angad11121, , false, 1579980564
13, angad11121, , false, 1579980565
13, angad11121, , false, 1579980569
13, angad11121, fuck segreta, false, 1579980573
13, angad11121, , false, 1579980576
13, angad11121, fuck segreta, false, 1579980607
13, angad11121, fuck segreta, false, 1579980615
13, angad11121, fuck segreta, false, 1579980615
13, angad11121, fuck segreta, false, 1579980619
13, angad11121, fuck segreta, false, 1579980620
13, angad11121, fuck segreta, false, 1579980621
13, angad11121, fuck segreta, false, 1579980621
13, angad11121, fuck segreta, false, 1579980622
13, angad11121, fuck segreta, false, 1579980622
13, angad11121, fuck segreta, false, 1579980622
13, Hopeless_Case, modiscript, false, 1579980819
13, LordFaramir, fortynine, true, 1579980932
13, Hopeless_Case, mitroon, false, 1579981120
13, Hopeless_Case, mitron, false, 1579981126
13, Hopeless_Case, , false, 1579981390
13, Hopeless_Case, mitrooon, false, 1579981396
13, Hopeless_Case, modisabseachhepradhanmantrihai, false, 1579981459
13, Hopeless_Case, fortynine, true, 1579982313
13, Radicalidol, fortynine, true, 1579983282
13, XamgineX, fortynine, true, 1579983507
13, AdminisGod, fortynine, true, 1579984824
13, tjkartha, modi, false, 1579987334
13, tjkartha, bjp, false, 1579987341
13, tjkartha, rss, false, 1579987345
13, tjkartha, demonitisation, false, 1579987364
13, tjkartha, demonitization, false, 1579987370
13, tjkartha, demonetization, false, 1579987379
13, tjkartha, demonetisation, false, 1579987385
13, tjkartha, caa, false, 1579987521
13, tjkartha, algebra, false, 1579987533
13, tjkartha, fortynine, true, 1579987658
13, angad11121, 49, false, 1579994494
13, angad11121, fortynine, true, 1579994503
13, SolveyMcSolveface, fortynine, true, 1579999560
13, hai12345678, forbes, false, 1580017560
13, Uniraider, 123, false, 1580017674
13, Uniraider, eight, false, 1580017765
13, Uniraider, demonetisatin, false, 1580017797
13, Uniraider, demonetisation, false, 1580017799
13, Uniraider, demonetization, false, 1580017812
13, Uniraider, eight, false, 1580017894
13, Uniraider, 8, false, 1580017896
13, Uniraider, china, false, 1580017922
13, Uniraider, chinaolymipics, false, 1580017927
13, Uniraider, chinaolympics, false, 1580017930
13, Uniraider, olympics, false, 1580017947
13, Uniraider, mitrooon, false, 1580018295
13, Uniraider, maheshthakur, false, 1580018950
13, Uniraider, 56, false, 1580019019
13, Uniraider, mitron, false, 1580019555
13, Uniraider, esolang, false, 1580019788
13, Uniraider, modiscript, false, 1580019824
13, Trollface, demonisation, false, 1580019849
13, Trollface, demonisationdate, false, 1580019853
13, hai12345678, modiscript, false, 1580019914
13, hai12345678, modiscript, false, 1580019918
13, hai12345678, modiscript, false, 1580019919
13, hai12345678, modiscript, false, 1580019920
13, hai12345678, modiscript, false, 1580019920
13, hai12345678, modiscript, false, 1580019920
13, hai12345678, modiscript, false, 1580019920
13, hai12345678, modiscript, false, 1580019930
13, hai12345678, modiscript, false, 1580019931
13, hai12345678, modiscript, false, 1580019931
13, hai12345678, modiscript, false, 1580019931
13, hai12345678, modiscript, false, 1580019932
13, Uniraider, 49, false, 1580019992
13, hai12345678, modiscript, false, 1580019995
13, Uniraider, fortynine, true, 1580019996
13, hai12345678, fortynine, true, 1580020025
13, TipTopGauntlet, demonetization, false, 1580020643
13, Trollface, 5000, false, 1580020718
13, Trollface, 5001, false, 1580020722
13, TipTopGauntlet, demonetize, false, 1580020906
13, TipTopGauntlet, demonetize, false, 1580020929
13, TipTopGauntlet, purificationdrive, false, 1580021089
13, blank123, demonetization, false, 1580021310
13, blank123, demonetization, false, 1580021311
13, TipTopGauntlet, forbes, false, 1580022117
13, TipTopGauntlet, forbes, false, 1580022117
13, TipTopGauntlet, forbeslist, false, 1580022119
13, TipTopGauntlet, forbeslist, false, 1580022119
13, TipTopGauntlet, pareshrawal, false, 1580022169
13, blank123, eight, false, 1580022298
13, blank123, eightsquare, false, 1580022304
13, blank123, eightsquare, false, 1580022305
13, Phoenix22, numerology, false, 1580022350
13, Phoenix22, eight, false, 1580022355
13, Phoenix22, eighty, false, 1580022361
13, Phoenix22, birthday, false, 1580022433
13, Phoenix22, 8, false, 1580022437
13, Phoenix22, demonetization, false, 1580022655
13, Phoenix22, money, false, 1580022661
13, Phoenix22, gigabytes, false, 1580022665
13, Phoenix22, gb, false, 1580022669
13, Phoenix22, ram, false, 1580022673
13, Phoenix22, notes, false, 1580022678
13, Phoenix22, thousand, false, 1580022686
13, Phoenix22, brics, false, 1580022722
13, Phoenix22, brics, false, 1580022724
13, Phoenix22, currency, false, 1580022909
13, Phoenix22, atm, false, 1580022914
13, Phoenix22, bank, false, 1580022921
13, Phoenix22, banks, false, 1580022925
13, Phoenix22, november, false, 1580022931
13, Phoenix22, birthday, false, 1580022937
13, Phoenix22, , false, 1580023235
13, Phoenix22, mother, false, 1580023239
13, Phoenix22, mother, false, 1580023241
13, Phoenix22, sweets, false, 1580023346
13, Phoenix22, sweet, false, 1580023348
13, Phoenix22, hiraben, false, 1580023353
13, Phoenix22, hiraben, false, 1580023354
13, Phoenix22, pareshrawal, false, 1580023361
13, Phoenix22, 5000, false, 1580023444
13, Phoenix22, fivethousand, false, 1580023451
13, Phoenix22, fivethousand, false, 1580023452
13, TipTopGauntlet, mitroon, false, 1580023964
13, TipTopGauntlet, mitrooon, false, 1580023976
13, TipTopGauntlet, bjp, false, 1580024148
13, TipTopGauntlet, esolang, false, 1580024398
13, blank123, esolang, false, 1580024496
13, blank123, esolang, false, 1580024498
13, TipTopGauntlet, esolang, false, 1580024858
13, TipTopGauntlet, modiscript, false, 1580024866
13, TipTopGauntlet, modiscript, false, 1580024920
13, TipTopGauntlet, modiscript, false, 1580024921
13, TipTopGauntlet, modiscript, false, 1580024921
13, TipTopGauntlet, modiscript, false, 1580024922
13, blank123, fortynine, true, 1580026166
13, TipTopGauntlet, fortynine, true, 1580026170
13, ajithreddy, fortynine, true, 1580026255
13, Trollface, fortynine, true, 1580026306
13, Phoenix22, fortynine, true, 1580026349
13, Gold_digger, fortynine, true, 1580027697
13, TERABAAP, demonitisation, false, 1580027824
13, TERABAAP, esolang, false, 1580028224
13, Doomsday37, mitron, false, 1580028267
13, TERABAAP, elannvision, false, 1580028892
13, TERABAAP, elanvision, false, 1580028895
13, TERABAAP, elan, false, 1580028898
13, TERABAAP, nvisiion, false, 1580028908
13, TERABAAP, elysium, false, 1580028912
13, TERABAAP, elysium, false, 1580028916
13, Doomsday37, elysium, false, 1580028916
13, TERABAAP, holi, false, 1580028923
13, TERABAAP, midsem, false, 1580028934
13, TERABAAP, midsembreak, false, 1580028937
13, Doomsday37, esolang, false, 1580028999
13, Doomsday37, ubergenes, false, 1580029158
13, Doomsday37, stuck, false, 1580029231
13, TERABAAP, taimus, false, 1580029299
13, TERABAAP, 50, false, 1580029304
13, TERABAAP, elysium, false, 1580029309
13, pinkunicorn, fortynine, true, 1580029312
13, Doomsday37, biggboss, false, 1580029500
13, Doomsday37, taimur, false, 1580029606
13, Doomsday37, saifalikhan, false, 1580029630
13, Doomsday37, kareenakapoor, false, 1580029639
13, Doomsday37, saraalikhan, false, 1580029644
13, Doomsday37, taimuralikhan, false, 1580029717
13, TERABAAP, taimes, false, 1580029957
13, TERABAAP, getwhen', false, 1580030081
13, TERABAAP, getwhen', false, 1580030082
13, TERABAAP, getwhen', false, 1580030082
13, TERABAAP, getwhen, false, 1580030083
13, TERABAAP, getwhen, false, 1580030083
13, TERABAAP, getwhen, false, 1580030083
13, TERABAAP, hatter, false, 1580030106
13, arthurpendragon, fortynine, true, 1580030211
13, TERABAAP, wearetogether, false, 1580030221
13, TERABAAP, soorajbartajya, false, 1580030491
13, Doomsday37, donaldtrump, false, 1580030709
13, Doomsday37, trump, false, 1580030713
13, TERABAAP, delhi, false, 1580030793
13, TERABAAP, esolang, false, 1580030798
13, TERABAAP, base64], false, 1580030803
13, TERABAAP, base64, false, 1580030804
13, TERABAAP, base, false, 1580030806
13, TERABAAP, basesixtyfour, false, 1580030816
13, TERABAAP, rbi, false, 1580031164
13, TERABAAP, sbi, false, 1580031168
13, TERABAAP, 500, false, 1580031172
13, TERABAAP, taimur, false, 1580031197
13, TERABAAP, seven, false, 1580031318
13, TERABAAP, seven, false, 1580031318
13, TERABAAP, fifty, false, 1580031322
13, TERABAAP, grey, false, 1580031327
13, TERABAAP, fiftyshades, false, 1580031337
13, TERABAAP, fiftyshadesofgrey, false, 1580031342
13, Doomsday37, demonetization, false, 1580031346
13, Doomsday37, modiscript, false, 1580031505
13, TERABAAP, theluckofpolitics, false, 1580031509
13, Doomsday37, modiscriptnetlify, false, 1580031513
13, Doomsday37, netlify, false, 1580031518
13, TERABAAP, brindabella, false, 1580031535
13, TERABAAP, brindabella, false, 1580031537
13, Doomsday37, fortynine, true, 1580031562
13, TERABAAP, tuggeranong, false, 1580031569
13, TERABAAP, fourtynine, false, 1580031620
13, TERABAAP, fourtynine, false, 1580031624
13, TERABAAP, fortynine, true, 1580031631
13, mr_rogers, fourtynine, false, 1580031823
13, mr_rogers, fortynine, true, 1580031838
13, cyclonite, mandiryahibanega, false, 1580032662
13, Anekchampion, 64, false, 1580032848
13, Anekchampion, ml, false, 1580032871
13, frozenloser, demonetisation, false, 1580032899
13, frozenloser, demonetization, false, 1580032916
13, Anekchampion, generalelections, false, 1580032986
13, yash_odhan, 64, false, 1580032988
13, Anekchampion, primeminister, false, 1580032993
13, yash_odhan, sixtyfour, false, 1580032999
13, Anekchampion, pareshrawal, false, 1580033058
13, Stalkers_are_back, mitron, false, 1580033074
13, Gtails2021, demonetization, false, 1580033110
13, Gtails2021, demonetization, false, 1580033112
13, Gtails2021, demonetization, false, 1580033114
13, frozenloser, demonetisation, false, 1580033123
13, frozenloser, demonetization, false, 1580033126
13, frozenloser, fivehundred, false, 1580033138
13, cyclonite, esolang, false, 1580033169
13, whybother, demonetisation, false, 1580033189
13, whybother, demonetisation, false, 1580033190
13, Vampire_Hunter, demonetisation, false, 1580033190
13, cyclonite, modiscript, false, 1580033208
13, Stalkers_are_back, demonetization, false, 1580033227
13, cyclonite, mandirwahinbanayenge, false, 1580033238
13, Stalkers_are_back, demonetisation, false, 1580033239
13, yash_odhan, demonetisation, false, 1580033276
13, cyclonite, abhidecisionnahiliyagayahai, false, 1580033285
13, frozenloser, elections, false, 1580033319
13, frozenloser, blackmoney, false, 1580033323
13, Anekchampion, demonitization, false, 1580033355
13, Anekchampion, demonitisation, false, 1580033359
13, akhila96, acchedin, false, 1580033373
13, Anekchampion, demonetisation, false, 1580033390
13, Anekchampion, demonetization, false, 1580033402
13, Anekchampion, congress, false, 1580033437
13, lokeshagarwal149@gmail.com, eight, false, 1580033446
13, lokeshagarwal149@gmail.com, eight, false, 1580033447
13, Anekchampion, blacknotes, false, 1580033447
13, lokeshagarwal149@gmail.com, eight, false, 1580033448
13, frozenloser, pink, false, 1580033448
13, frozenloser, twothousand, false, 1580033451
13, frozenloser, twothousandnote, false, 1580033453
13, frozenloser, twothousandnotes, false, 1580033454
13, Vampire_Hunter, blackmoney, false, 1580033474
13, Vampire_Hunter, blackcurrency, false, 1580033478
13, yash_odhan, demonetisation, false, 1580033530
13, yash_odhan, demonetization, false, 1580033536
13, Vampire_Hunter, square, false, 1580033565
13, cyclonite, modiscript, false, 1580033575
13, cyclonite, makeinindia, false, 1580033588
13, cyclonite, vpanjeta, false, 1580033610
13, vermicelli, demonetisation, false, 1580033613
13, Anekchampion, congress, false, 1580033619
13, vermicelli, demonetisation, false, 1580033640
13, vermicelli, demonetisationanniversary, false, 1580033647
13, vermicelli, demonetisation, false, 1580033653
13, Vampire_Hunter, masteer, false, 1580033653
13, Vampire_Hunter, master, false, 1580033656
13, yash_odhan, Time has come to ensure India’s wealth benefits the poor , false, 1580033670
13, frozenloser, thousand, false, 1580033670
13, frozenloser, twothousand, false, 1580033673
13, frozenloser, pink, false, 1580033676
13, Stalkers_are_back, esolang, false, 1580033684
13, vermicelli, jimin, false, 1580033711
13, proton25, six, false, 1580033734
13, cyclonite, acchedinaagaye, false, 1580033741
13, proton25, 6, false, 1580033755
13, yash_odhan, 192, false, 1580033777
13, yash_odhan, onehundredninetytwo, false, 1580033795
13, vermicelli, demonetisation, false, 1580033805
13, yash_odhan, onehundredandninetytwo, false, 1580033810
13, proton25, eight, false, 1580033856
13, vermicelli, surgicalstrike, false, 1580033896
13, cyclonite, gdp, false, 1580033966
13, Y2KInventedMe, money, false, 1580033983
13, Y2KInventedMe, mitroon, false, 1580033987
13, proton25, pythagoras, false, 1580034007
13, JamesBond007, cipher, false, 1580034019
13, Y2KInventedMe, announcement, false, 1580034022
13, Y2KInventedMe, midnightannouncement, false, 1580034026
13, JamesBond007, demonetization, false, 1580034029
13, JamesBond007, demonetisation, false, 1580034032
13, Radientbrain, 64, false, 1580034121
13, Radientbrain, 64, false, 1580034124
13, proton25, pythagorastheroem, false, 1580034124
13, Radientbrain, sixtyfour, false, 1580034138
13, Radientbrain, sixtyfour, false, 1580034140
13, Radientbrain, sixtyfour, false, 1580034141
13, Radientbrain, sixtyfour, false, 1580034142
13, Radientbrain, sixtyfour, false, 1580034142
13, Radientbrain, sixtyfour, false, 1580034142
13, frozenloser, threefifty, false, 1580034143
13, Radientbrain, sixtyfour, false, 1580034150
13, Radientbrain, sixtyfour, false, 1580034153
13, Radientbrain, sixtyfour, false, 1580034154
13, Radientbrain, base64, false, 1580034183
13, Stalkers_are_back, taimes, false, 1580034187
13, cyclonite, acchedin, false, 1580034197
13, Anekchampion, cbse, false, 1580034204
13, JamesBond007, amitshah, false, 1580034222
13, proton25, base64, false, 1580034249
13, Stalkers_are_back, base64, false, 1580034286
13, Y2KInventedMe, modiscript, false, 1580034290
13, whybother, notebandi, false, 1580034309
13, cyclonite, zero, false, 1580034334
13, cyclonite, one, false, 1580034336
13, cyclonite, 0, false, 1580034343
13, Y2KInventedMe, modiscript, false, 1580034362
13, cyclonite, seven, false, 1580034366
13, cyclonite, fortynine, true, 1580034370
13, proton25, base10, false, 1580034389
13, proton25, base64, false, 1580034397
13, proton25, 64, false, 1580034400
13, proton25, basesixtyfour, false, 1580034412
13, proton25, base8, false, 1580034421
13, proton25, baseeight, false, 1580034427
13, Stalkers_are_back, \[, false, 1580034478
13, vermicelli, demonetization, false, 1580034485
13, vermicelli, demonetizationofnotes, false, 1580034494
13, vermicelli, demonetisationofnotes, false, 1580034500
13, Radientbrain, humsaath, false, 1580034570
13, Radientbrain, humsaath, false, 1580034573
13, Radientbrain, humsaath, false, 1580034576
13, Radientbrain, humsaath, false, 1580034577
13, Radientbrain, modi, false, 1580034589
13, Radientbrain, modi, false, 1580034591
13, vermicelli, worthlesspieceofpaper, false, 1580034594
13, vermicelli, worthlesspieceofpapers, false, 1580034598
13, Radientbrain, taimes, false, 1580034616
13, yash_odhan, blackmoney, false, 1580034618
13, Radientbrain, taimes, false, 1580034624
13, Radientbrain, 2016, false, 1580034657
13, Radientbrain, 2016, false, 1580034660
13, Radientbrain, Mitrooon, false, 1580034696
13, Radientbrain, Mitrooon, false, 1580034699
13, Radientbrain, Mitrooon humsaath 7 hai din 50 hai bhaiyo aur behno humsaath taimes humsaath modi din Acche din aa gaye, false, 1580034756
13, Radientbrain, Mitrooon humsaath 7 hai din 50 hai bhaiyo aur behno humsaath taimes humsaath modi din Acche din aa gaye, false, 1580034760
13, frozenloser, fortynine, true, 1580034836
13, lokeshagarwal149@gmail.com, fortynine, true, 1580034870
13, maverick_729, demonetisation, false, 1580034876
13, maverick_729, demonetisation, false, 1580034879
13, maverick_729, demonetization, false, 1580034883
13, maverick_729, demonetization, false, 1580034884
13, maverick_729, demonetization, false, 1580034885
13, proton25, base8, false, 1580034896
13, AbunAnna, fourtynine, false, 1580034900
13, AbunAnna, 49, false, 1580034903
13, Y2KInventedMe, fortynine, true, 1580034906
13, AbunAnna, fortynine, true, 1580034908
13, yash_odhan, blackmoney, false, 1580034918
13, proton25, base8, false, 1580034922
13, Stalkers_are_back, 1000, false, 1580034946
13, Stalkers_are_back, 2000, false, 1580034948
13, Vampire_Hunter, whitespace, false, 1580034949
13, Stalkers_are_back, Mmtrooon humsaath 7 hai din 50 hai bhaiyo aur behno humsaath taimes humsaath modi din Acche din aa gaye, false, 1580035004
13, Stalkers_are_back, mmtrooonhumsaath7haidin50haibhaiyoaurbehnohumsaathtaimeshumsaathmodidinAcchedinaagaye, false, 1580035042
13, whybother, fortynine, true, 1580035049
13, CursedApple, fortynine, true, 1580035052
13, Stalkers_are_back, I"jfn, false, 1580035063
13, proton25, sixtyfour, false, 1580035131
13, priorysion, 64, false, 1580035132
13, maverick_729, slogan, false, 1580035162
13, maverick_729, slogan, false, 1580035163
13, Stalkers_are_back, ZGVtb25ldGlzYXRpb24, false, 1580035172
13, yash_odhan, 646464, false, 1580035184
13, Just_Another_Stranger, cab, false, 1580035225
13, Just_Another_Stranger, nrc, false, 1580035228
13, Just_Another_Stranger, caa, false, 1580035232
13, photatoo, fourtynine, false, 1580035251
13, photatoo, fourtynine, false, 1580035255
13, photatoo, fourtynine, false, 1580035258
13, photatoo, fourtynine, false, 1580035262
13, photatoo, fourtynine, false, 1580035265
13, photatoo, fourtynine, false, 1580035265
13, photatoo, fourtynine, false, 1580035266
13, yash_odhan, 128, false, 1580035267
13, proton25, meghantrainor, false, 1580035272
13, photatoo, fortynine, true, 1580035277
13, yash_odhan, onehundredtwentyeight, false, 1580035286
13, yash_odhan, onehundredandtwentyeight, false, 1580035294
13, cookie_pie, esolang, false, 1580035521
13, Wolverine_rockzz, demonetisation, false, 1580035581
13, maverick_729, demonetization, false, 1580035736
13, maverick_729, demonetization, false, 1580035738
13, proton25, basesix, false, 1580035750
13, proton25, base6, false, 1580035753
13, proton25, base8, false, 1580035756
13, Stalkers_are_back, ZGVtb25ldGlzYXRpb25aWE52YkdGdVp3, false, 1580035804
13, Stalkers_are_back, demonetisation, false, 1580035829
13, proton25, 64base, false, 1580035830
13, IdioticBaka1824, fortynine, true, 1580035888
13, priorysion, demonatization, false, 1580035907
13, priorysion, demonatisation, false, 1580035916
13, yash_odhan, 522783, false, 1580035918
13, Likhita_26, 64, false, 1580035954
13, Likhita_26, sixtyfour, false, 1580035965
13, priorysion, 56, false, 1580035981
13, mupparapukoushik@gmail.com, demonetization, false, 1580036017
13, mupparapukoushik@gmail.com, demonetization, false, 1580036019
13, yash_odhan, gdp, false, 1580036050
13, priorysion, anilbokil, false, 1580036058
13, priorysion, pune, false, 1580036062
13, priorysion, acchedin, false, 1580036158
13, Likhita_26, allsame, false, 1580036171
13, Wolverine_rockzz, sixtyfour, false, 1580036184
13, yash_odhan, corruption, false, 1580036198
13, cookie_pie, demonetisation, false, 1580036202
13, priorysion, mitrooon, false, 1580036202
13, cookie_pie, demonetization, false, 1580036208
13, yash_odhan, antiblackmoneyday, false, 1580036217
13, dmachine7, demonitisation, false, 1580036265
13, dmachine7, demonetization, false, 1580036290
13, dmachine7, demonetisation, false, 1580036296
13, Likhita_26, booty, false, 1580036304
13, akhila96, modiscript, false, 1580036320
13, priorysion, 50, false, 1580036322
13, Likhita_26, treble, false, 1580036337
13, priorysion, motto, false, 1580036341
13, priorysion, mitron, false, 1580036345
13, dmachine7, 2ab, false, 1580036350
13, yash_odhan, usd, false, 1580036351
13, Wolverine_rockzz, 2000, false, 1580036356
13, dmachine7, twoab, false, 1580036358
13, baap_square, fifty, false, 1580036362
13, Likhita_26, meghan, false, 1580036363
13, Wolverine_rockzz, 1000, false, 1580036366
13, baap_square, forty, false, 1580036366
13, baap_square, fourty, false, 1580036372
13, Likhita_26, meghantrainor, false, 1580036374
13, baap_square, fortynine, true, 1580036383
13, priorysion, 7din, false, 1580036417
13, Likhita_26, random, false, 1580036417
13, Likhita_26, something, false, 1580036425
13, Likhita_26, sexy, false, 1580036436
13, Wolverine_rockzz, 1037, false, 1580036445
13, Wolverine_rockzz, 1045, false, 1580036450
13, proton25, six, false, 1580036452
13, proton25, 6, false, 1580036458
13, proton25, 06, false, 1580036466
13, Likhita_26, IGJla, false, 1580036467
13, Wolverine_rockzz, 10:37, false, 1580036469
13, Wolverine_rockzz, 10:22, false, 1580036485
13, Wolverine_rockzz, 1022, false, 1580036489
13, Likhita_26, y, false, 1580036508
13, Vampire_Hunter, achedinaaagaye, false, 1580036551
13, priorysion, 49, false, 1580036563
13, priorysion, fortynine, true, 1580036569
13, yash_odhan, y, false, 1580036571
13, Sravani123, deathlyhallows, false, 1580036609
13, Sravani123, ninety, false, 1580036620
13, Sravani123, deathlyhallows, false, 1580036627
13, Likhita_26, metoo, false, 1580036627
13, Likhita_26, popular, false, 1580036640
13, yash_odhan, dollar, false, 1580036672
13, Likhita_26, november, false, 1580036699
13, Likhita_26, sixtyfour, false, 1580036731
13, Sravani123, demonetization, false, 1580036736
13, Sravani123, demonetisation, false, 1580036741
13, Sravani123, kejirwal, false, 1580036748
13, Sravani123, kejriwal, false, 1580036753
13, Sravani123, sixtyfour, false, 1580036767
13, yash_odhan, sixtyfour, false, 1580036771
13, Likhita_26, ZXNvbGFuZw, false, 1580036809
13, Likhita_26, narendramodi, false, 1580036828
13, maverick_729, fortynine, true, 1580036908
13, Sravani123, corruption, false, 1580036911
13, webhunter, 49, false, 1580036940
13, webhunter, fortynine, true, 1580036955
13, Vampire_Hunter, fortynine, true, 1580036987
13, Likhita_26, twitterforandroid, false, 1580037003
13, MrSplashMan, fortynine, true, 1580037005
13, Likhita_26, twitter, false, 1580037008
13, Likhita_26, twitterweb, false, 1580037012
13, dmachine7, gst, false, 1580037013
13, Likhita_26, twitterwebapp, false, 1580037015
13, Likhita_26, twitterforiphone, false, 1580037027
13, yash_odhan, reply, false, 1580037044
13, yash_odhan, replies, false, 1580037048
13, Likhita_26, share, false, 1580037056
13, dmachine7, 2014, false, 1580037060
13, Likhita_26, mail, false, 1580037062
13, Likhita_26, mailit, false, 1580037065
13, Likhita_26, mailforshare, false, 1580037081
13, Likhita_26, message, false, 1580037090
13, dmachine7, demonetisation, false, 1580037229
13, proton25, demonrtisation, false, 1580037279
13, proton25, demonetisation, false, 1580037286
13, proton25, demonetization, false, 1580037340
13, proton25, , false, 1580037345
13, Charannarukulla, esolang, false, 1580037380
13, proton25, demonetisation, false, 1580037386
13, proton25, demonetization, false, 1580037393
13, proton25, 1000, false, 1580037400
13, Niggachu69420, 49, false, 1580037403
13, Hashida_Itoru, fortynine, true, 1580037412
13, Niggachu69420, fourtynine, false, 1580037415
13, proton25, 10, false, 1580037417
13, proton25, 10, false, 1580037419
13, proton25, ten, false, 1580037423
13, akhila96, esolang, false, 1580037424
13, Niggachu69420, fortynine, true, 1580037432
13, dmachine7, tripletalaq, false, 1580037451
13, proton25, MTAwMA0K, false, 1580037507
13, yash_odhan, 65, false, 1580037629
13, yash_odhan, sixtyfive, false, 1580037656
13, Charannarukulla, base64, false, 1580037749
13, yash_odhan, eight, false, 1580037750
13, yash_odhan, 8, false, 1580037753
13, yash_odhan, queue, false, 1580037757
13, akhila96, vpanjeta, false, 1580037759
13, Charannarukulla, esolang, false, 1580037759
13, Charannarukulla, esolang, false, 1580037762
13, Charannarukulla, rot13, false, 1580037797
13, Charannarukulla, rot13, false, 1580037799
13, yash_odhan, buffer, false, 1580037807
13, akhila96, modi, false, 1580037817
13, akhila96, vishal, false, 1580037863
13, akhila96, vishalpanjeta, false, 1580037866
13, Charannarukulla, MKAioTShMj, false, 1580037881
13, Charannarukulla, mkaiotshmj, false, 1580037905
13, yash_odhan, mitroon, false, 1580037909
13, proton25, thousand, false, 1580037910
13, Charannarukulla, mkaiotshmj, false, 1580037911
13, proton25, thousand, false, 1580037911
13, Likhita_26, email, false, 1580037917
13, Sravani123, mitroon, false, 1580037924
13, Sravani123, mitrooon, false, 1580037933
13, Likhita_26, shareviamail, false, 1580037933
13, Sravani123, mitrooon, false, 1580037936
13, akhila96, 5040, false, 1580037969
13, Azwraith, 49, false, 1580037981
13, Azwraith, fortynine, true, 1580037990
13, Sravani123, acchedinaagaye, false, 1580038023
13, Manjot1151, 64, false, 1580038034
13, Wolverine_rockzz, primeminister, false, 1580038059
13, Sravani123, bhaiyoaurbehno, false, 1580038060
13, akhila96, 30414093201713378043612608166064768844377641568960512000000000000, false, 1580038071
13, Wolverine_rockzz, minister, false, 1580038076
13, akhila96, , false, 1580038076
13, Wolverine_rockzz, pm, false, 1580038079
13, Charannarukulla, TWIOcm9vb24NCmh1bXNhYXR01DcgaGFp- DQpkaW4gNTAgaGFpDQpiaGFpeW8gYXVy- IGJ1aG5v1Gh1bXNhYXR01HRhaW11cyB0dW- IzYWFOaCBtb2Rp1GRpbgOKQWNjaGUgZG1u- IGFh1GdheWU, false, 1580038191
13, dmachine7, esolang, false, 1580038273
13, Likhita_26, shareviamail, false, 1580038285
13, dmachine7, modiscript, false, 1580038348
13, yash_odhan, taimes, false, 1580038601
13, dmachine7, fortynine, true, 1580038630
13, yash_odhan, acchedinaagaye, false, 1580038648
13, yash_odhan, achedinaagaye, false, 1580038658
13, yash_odhan, achedinaagaye, false, 1580038665
13, yash_odhan, modiscript, false, 1580038676
13, yash_odhan, modiscript433, false, 1580038681
13, Manjot1151, 350, false, 1580038698
13, cookie_pie, esolang, false, 1580038703
13, Manjot1151, threehundredfifty, false, 1580038708
13, Manjot1151, threehundredandfifty, false, 1580038711
13, Manjot1151, threefifty, false, 1580038717
13, akhila96, demonetization, false, 1580038723
13, akhila96, esotericlanguage, false, 1580038741
13, akhila96, esoteric, false, 1580038743
13, Manjot1151, 0, false, 1580038794
13, Manjot1151, zero, false, 1580038797
13, Charannarukulla, demonetisation, false, 1580038844
13, Charannarukulla, demonetisation, false, 1580038847
13, Charannarukulla, demonetisation, false, 1580038848
13, Charannarukulla, demonetisation, false, 1580038848
13, Charannarukulla, demonetisation, false, 1580038848
13, Charannarukulla, demonetisation, false, 1580038848
13, Charannarukulla, demonetisation, false, 1580038849
13, cookie_pie, brainfuck, false, 1580038899
13, cookie_pie, ook, false, 1580038918
13, Charannarukulla, corruption, false, 1580038945
13, yash_odhan, Acchedinaagaye, false, 1580038952
13, yash_odhan, acchedinaagaye, false, 1580038961
13, cookie_pie, modiscript, false, 1580039037
13, Anekchampion, fivehundred, false, 1580039073
13, Anekchampion, onethousand, false, 1580039079
13, cookie_pie, helloworld, false, 1580039115
13, reddyjaideep1729, politics, false, 1580039116
13, yash_odhan, fourtynine, false, 1580039140
13, yash_odhan, fortynine, true, 1580039150
13, cookie_pie, fourtynine, false, 1580039166
13, cookie_pie, 49, false, 1580039172
13, cookie_pie, fortynine, true, 1580039181
13, SidThePro, , false, 1580039221
13, SidThePro, demonetization, false, 1580039234
13, Manjot1151, 49, false, 1580039308
13, Manjot1151, 4950, false, 1580039309
13, Manjot1151, 4950, false, 1580039310
13, Manjot1151, fortynine, true, 1580039362
13, reddyjaideep1729, demonitisation, false, 1580039382
13, reddyjaideep1729, demonitization, false, 1580039390
13, reddyjaideep1729, demonetisation, false, 1580039427
13, SidThePro, esolang, false, 1580039491
13, SidThePro, demonetization, false, 1580039652
13, ABCD1234, fortynine, true, 1580039750
13, SidThePro, Sixtyfour, false, 1580039821
13, Sidkiller001, noteban, false, 1580039836
13, Sidkiller001, blackmoney, false, 1580039849
13, SneakyGrease, fortynine, true, 1580040211
13, proton25, acchedinaagaye, false, 1580040231
13, Sravani123, modidin, false, 1580040443
13, Sravani123, Mitrooon hemsaatN 7 hai din 50 hai bhaiyo aur behno hemsaatN taimes humsaath modi dinAcche din aa gaye, false, 1580040464
13, Sravani123, Mitrooon, false, 1580040481
13, mupparapukoushik@gmail.com, esolang, false, 1580040584
13, mupparapukoushik@gmail.com, esolang, false, 1580040584
13, mupparapukoushik@gmail.com, esolang, false, 1580040584
13, mupparapukoushik@gmail.com, esolang, false, 1580040585
13, mupparapukoushik@gmail.com, esolang, false, 1580040585
13, mupparapukoushik@gmail.com, esolang, false, 1580040585
13, mupparapukoushik@gmail.com, esolang, false, 1580040585
13, mupparapukoushik@gmail.com, esolang, false, 1580040585
13, mupparapukoushik@gmail.com, esolang, false, 1580040585
13, mupparapukoushik@gmail.com, esolang, false, 1580040587
13, mupparapukoushik@gmail.com, esolang, false, 1580040608
13, mupparapukoushik@gmail.com, esolang, false, 1580040608
13, mupparapukoushik@gmail.com, esolang, false, 1580040608
13, mupparapukoushik@gmail.com, esolang, false, 1580040608
13, mupparapukoushik@gmail.com, esolang, false, 1580040608
13, mupparapukoushik@gmail.com, esolang, false, 1580040608
13, mupparapukoushik@gmail.com, esolang, false, 1580040609
13, mupparapukoushik@gmail.com, esolang, false, 1580040609
13, mupparapukoushik@gmail.com, esolang, false, 1580040609
13, mupparapukoushik@gmail.com, esolang, false, 1580040609
13, mupparapukoushik@gmail.com, esolang, false, 1580040609
13, mupparapukoushik@gmail.com, esolang, false, 1580040609
13, mupparapukoushik@gmail.com, esolang, false, 1580040609
13, mupparapukoushik@gmail.com, esolang, false, 1580040609
13, mupparapukoushik@gmail.com, esolang, false, 1580040609
13, mupparapukoushik@gmail.com, esolang, false, 1580040609
13, mupparapukoushik@gmail.com, esolang, false, 1580040609
13, mupparapukoushik@gmail.com, esolang, false, 1580040609
13, mupparapukoushik@gmail.com, esolang, false, 1580040609
13, mupparapukoushik@gmail.com, esolang, false, 1580040609
13, mupparapukoushik@gmail.com, esolang, false, 1580040610
13, mupparapukoushik@gmail.com, hamsaath, false, 1580040687
13, mupparapukoushik@gmail.com, hamsaath, false, 1580040690
13, aayush27, fortynine, true, 1580040774
13, mkavgane, mitrom, false, 1580040935
13, proton25, fortynine, true, 1580040963
13, mandirwahibanayenge, fourtynine, false, 1580040975
13, mandirwahibanayenge, fortynine, true, 1580040982
13, Drake_fabuloso, esolang, false, 1580040989
13, mupparapukoushik@gmail.com, modin, false, 1580041078
13, mupparapukoushik@gmail.com, humsaath, false, 1580041086
13, mupparapukoushik@gmail.com, base64, false, 1580041093
13, mupparapukoushik@gmail.com, esolang, false, 1580041120
13, mupparapukoushik@gmail.com, modiscript, false, 1580041195
13, mupparapukoushik@gmail.com, modiscript, false, 1580041196
13, mupparapukoushik@gmail.com, ModiScript, false, 1580041241
13, Drake_fabuloso, threefifty, false, 1580041257
13, mupparapukoushik@gmail.com, github, false, 1580041267
13, mupparapukoushik@gmail.com, github, false, 1580041367
13, mupparapukoushik@gmail.com, helloworld, false, 1580041376
13, mupparapukoushik@gmail.com, ModiScript, false, 1580041406
13, mupparapukoushik@gmail.com, modiscript, false, 1580041415
13, Spurthi31, mitroon, false, 1580041451
13, Spurthi31, mitrooon, false, 1580041460
13, mkavgane, mitroon, false, 1580041526
13, mkavgane, Mitrooon humsaath 7 hai din 50 hai bhaiyo aur behno humsaath taimes humsaath modi din Acche din aa gaye, false, 1580041531
13, mkavgane, mitrooonhumsaath7haidin50haibhaiyoaurbehnohumsaathtaimeshumsaathmodidinacchedinaagaye, false, 1580041580
13, mkavgane, 7, false, 1580041596
13, mkavgane, 750, false, 1580041601
13, mkavgane, sevenfifty, false, 1580041612
13, mkavgane, fifty, false, 1580041616
13, Drake_fabuloso, ook, false, 1580041631
13, Drake_fabuloso, console, false, 1580041660
13, Sravani123, rahulgayaacchedinaagaye, false, 1580041784
13, Sravani123, rahulgaya, false, 1580041792
13, Sravani123, rahulga, false, 1580041796
13, Drake_fabuloso, threefifty, false, 1580041797
13, Drake_fabuloso, threehunderedandfifty, false, 1580041812
13, Drake_fabuloso, threehunderedfifty, false, 1580041816
13, Drake_fabuloso, 350, false, 1580041823
13, Alchemist, meghontrainer, false, 1580041914
13, Drake_fabuloso, 5250, false, 1580041914
13, Alchemist, meghon, false, 1580041916
13, cyb3rjithu, canvas, false, 1580041938
13, Drake_fabuloso, fourtynine, false, 1580041959
13, Sravani123, modisabseachhepradhanmantrihai, false, 1580042035
13, Drake_fabuloso, 2kk, false, 1580042043
13, Sravani123, modipradhanmantrihai, false, 1580042061
13, Sravani123, modipradhanmantri, false, 1580042065
13, Sravani123, pradhanmantri, false, 1580042068
13, Sravani123, modi, false, 1580042074
13, Alchemist, demonitization, false, 1580042087
13, Alchemist, demonitisation, false, 1580042090
13, Sravani123, sabseachhepradhanmantri, false, 1580042095
13, Sravani123, sabseachhe, false, 1580042103
13, Alchemist, demonetization, false, 1580042108
13, Alchemist, demonetization, false, 1580042109
13, Alchemist, demonetisation, false, 1580042114
13, Sravani123, achhepradhanmantri, false, 1580042114
13, Alchemist, demonetisation, false, 1580042115
13, Sravani123, achhemantri, false, 1580042121
13, Sravani123, mantri, false, 1580042125
13, Sravani123, mantri, false, 1580042125
13, Alchemist, demonetisation, false, 1580042143
13, Alchemist, demonetisation, false, 1580042149
13, Alchemist, demonetization, false, 1580042153
13, Drake_fabuloso, ninetynine, false, 1580042237
13, Drake_fabuloso, onehunderedandone, false, 1580042250
13, Sravani123, mnna, false, 1580042269
13, Drake_fabuloso, sevenhundredandfifty, false, 1580042272
13, Sravani123, Modi, false, 1580042273
13, Drake_fabuloso, sevenhundredfifty, false, 1580042278
13, Spurthi31, esolang, false, 1580042284
13, Spurthi31, php, false, 1580042286
13, Spurthi31, python, false, 1580042290
13, Spurthi31, java, false, 1580042293
13, Sravani123, modipradhanmantrihai, false, 1580042295
13, Alchemist, demonetizationindia, false, 1580042302
13, Alchemist, demonetisationindia, false, 1580042305
13, Sravani123, achhepradhanmantri, false, 1580042309
13, Spurthi31, javascript, false, 1580042315
13, Sravani123, pradhanmantrihai, false, 1580042316
13, Alchemist, blackday, false, 1580042377
13, Alchemist, blackday, false, 1580042378
13, Alchemist, blackday, false, 1580042378
13, Alchemist, blackday, false, 1580042378
13, Alchemist, demonetise, false, 1580042467
13, Alchemist, demonetise, false, 1580042469
13, Alchemist, demonetise, false, 1580042469
13, Alchemist, demonetise, false, 1580042470
13, Alchemist, demonetise, false, 1580042470
13, mupparapukoushik@gmail.com, fortynine, true, 1580042685
13, Sravani123, achhedinaagaye, false, 1580042737
13, Alchemist, fortynine, true, 1580042752
13, Sravani123, fortynine, true, 1580042773
13, akhila96, fortynine, true, 1580042970
13, Anekchampion, fortynine, true, 1580042995
13, mkavgane, fortynine, true, 1580043007
13, Spurthi31, fortynine, true, 1580043391
13, Wolverine_rockzz, fortynine, true, 1580043426
13, Drake_fabuloso, fortynine, true, 1580043459
13, sss306969, fortynine, true, 1580043529
13, Juggernaut, fortynine, true, 1580043630
13, MeMeMeMe, retweet, false, 1580043753
13, MeMeMeMe, caa, false, 1580043787
13, MeMeMeMe, notocaa, false, 1580043795
13, MeMeMeMe, no2caa, false, 1580043804
13, MeMeMeMe, no2caa, false, 1580043804
13, MeMeMeMe, no2caa, false, 1580043805
13, MeMeMeMe, no2caa, false, 1580043805
13, cs19b1026, fortynine, true, 1580043857
13, bhavana.bayyapu@gmail.com, 49, false, 1580044276
13, bhavana.bayyapu@gmail.com, fortynine, true, 1580044289
13, 123@aditya, fortynine, true, 1580044333
13, vermicelli, fourtynine, false, 1580044863
13, vermicelli, fortynine, true, 1580044896
13, nanabananas, 49, false, 1580045007
13, nanabananas, 7, false, 1580045010
13, niyati10, fortynine, true, 1580045341
13, mindprobe, fortynine, true, 1580045864
13, varun_10, fortynine, true, 1580045937
13, thrilok18, fortynine, true, 1580046033
13, richik7777, fortynince, false, 1580046500
13, richik7777, fortynine, true, 1580046502
13, JamesBond007, fortynine, true, 1580047052
13, Iqbal.anwaar, fortynine, true, 1580047079
13, Sandesh9, fortyni, false, 1580047243
13, Sandesh9, fortynine, true, 1580047260
13, Charannarukulla, fortynine, true, 1580047575
13, Sumailrtz, fortynine, true, 1580047958
13, YourMomLigma, fortynine, true, 1580048495
13, Cicada007, messages, false, 1580048528
13, Cicada007, sixtyfour, false, 1580048556
13, JaffaPodi, fortynine, true, 1580048700
13, Cicada007, tweet, false, 1580048802
13, Cicada007, twitter, false, 1580048810
13, Cicada007, narendramodi, false, 1580048831
13, Cicada007, 64, false, 1580048880
13, Cicada007, base64, false, 1580048884
13, Cicada007, it'sallbase64, false, 1580048895
13, Cicada007, fortynine, true, 1580048995
13, theMaverick, mitronacchedinaagaye, false, 1580049852
13, theMaverick, acchedinaagaye, false, 1580049857
13, theMaverick, acchedinaagaye, false, 1580050072
13, Stalkers_are_back, fortynine, true, 1580050369
13, sanilsjacob, fourtynine, false, 1580050698
13, sanilsjacob, fortynine, true, 1580050726
13, oura162333, fortynine, true, 1580050961
13, AceStricker, fourtynine, false, 1580051083
13, AceStricker, fortynine, true, 1580051088
13, reddyjaideep1729, fortynine, true, 1580051307
13, Hereforfun, fortynine, true, 1580051336
13, harshu@10, fortynine, true, 1580051752
13, 25Aaditya, fortynine, true, 1580052225
13, Light2805, fortynine, true, 1580053480
13, yatish609, fortynine, true, 1580053754
13, Amarthya, caa, false, 1580054249
13, Amarthya, fortynine, true, 1580054377
13, DH-Dalz2001, money, false, 1580055864
13, DH-Dalz2001, people, false, 1580055879
13, Parayan4, fourtynine, false, 1580056686
13, Parayan4, 49, false, 1580056693
13, CS19BTECH11045@iith.ac.in, fortynine, true, 1580056695
13, Parayan4, fortynine, true, 1580056708
13, Luciferr, 64, false, 1580057237
13, Luciferr, sixetyfour, false, 1580057244
13, Luciferr, 5, false, 1580057260
13, Luciferr, five, false, 1580057263
13, Luciferr, 3, false, 1580057350
13, Luciferr, three, false, 1580057353
13, Luciferr, 0, false, 1580057586
13, Luciferr, zero, false, 1580057590
13, Luciferr, 262144, false, 1580057619
13, Luciferr, 4, false, 1580057643
13, Luciferr, four, false, 1580057646
13, Luciferr, 46, false, 1580057656
13, Luciferr, fourtysix, false, 1580057661
13, Luciferr, 97336, false, 1580057680
13, Luciferr, trending, false, 1580057719
13, Luciferr, demonetisation, false, 1580057764
13, Luciferr, 1037, false, 1580057841
13, Luciferr, 500, false, 1580057854
13, Luciferr, 1000, false, 1580057857
13, Luciferr, fivehundred, false, 1580057863
13, Luciferr, thousand, false, 1580057870
13, Luciferr, 86, false, 1580057949
13, Luciferr, eightysix, false, 1580057955
13, Luciferr, demonetisation, false, 1580057968
13, Luciferr, corruption, false, 1580058256
13, Luciferr, money, false, 1580058310
13, Luciferr, rupee, false, 1580058316
13, Luciferr, fortynine, true, 1580058467
13, 666_devil_666, fourtynine, false, 1580059743
13, 666_devil_666, fortynine, true, 1580059749
13, ModiShallNotGiveHints, fortynine, true, 1580061809
13, theMaverick, Fixfirefox, false, 1580062432
13, theMaverick, Fixfirefox, false, 1580062434
13, theMaverick, Fixfirefox, false, 1580062435
13, theMaverick, Fixfirefox, false, 1580062435
13, theMaverick, Fixfirefox, false, 1580062435
13, theMaverick, Fixfirefox, false, 1580062435
13, theMaverick, Fixfirefox, false, 1580062435
13, theMaverick, Fixfirefox, false, 1580062436
13, theMaverick, Fixfirefox, false, 1580062436
13, theMaverick, Fixfirefox, false, 1580062436
13, Srikanth, deathlyhallows, false, 1580063470
13, Srikanth, , false, 1580063478
13, Srikanth, fortynine, true, 1580063485
13, Khal_nayak, fortynine, true, 1580065459
