14, AdminAdmin, kriyayoga, true, 1579938300
14, AdminAdmin, kriyayoga, true, 1579938484
14, pasta4lyf, heyjude, false, 1579960681
14, modulated_pikachu, wealth, false, 1579960684
14, Vp27101999, wealth, false, 1579960686
14, Vp27101999, laxmi, false, 1579960688
14, pasta4lyf, whilemyguitargentlyweeps, false, 1579960690
14, modulated_pikachu, knowledgeispower, false, 1579960693
14, pasta4lyf, ericclapton, false, 1579960694
14, pasta4lyf, davidbowie, false, 1579960697
14, ysh_suvarna, bitmap, false, 1579960700
14, ysh_suvarna, png, false, 1579960706
14, modulated_pikachu, music, false, 1579960742
14, FreezeV2, bootleg, false, 1579960862
14, modulated_pikachu, religion, false, 1579960879
14, modulated_pikachu, inspiration, false, 1579960888
14, pasta4lyf, lsd, false, 1579960891
14, modulated_pikachu, lsd, false, 1579960892
14, modulated_pikachu, alterego, false, 1579960899
14, Vp27101999, lsd, false, 1579960900
14, Vp27101999, psychedic, false, 1579960904
14, pasta4lyf, adayinthelife, false, 1579960918
14, modulated_pikachu, psychedelia, false, 1579960922
14, pasta4lyf, goodmorninggoodmorning, false, 1579960929
14, pasta4lyf, lovelyrita, false, 1579960943
14, FreezeV2, reading, false, 1579960953
14, anand._.10, t, false, 1579960995
14, Vp27101999, sgtpepperslonelyheartsclubband, false, 1579961014
14, modulated_pikachu, metaphysics, false, 1579961105
14, FreezeV2, georgebest, false, 1579961125
14, modulated_pikachu, bampyhearts, false, 1579961138
14, modulated_pikachu, bimpyhearts, false, 1579961142
14, modulated_pikachu, bimpyhearts, false, 1579961149
14, modulated_pikachu, bempyhearts, false, 1579961156
14, bhanushali, emoji, false, 1579961156
14, modulated_pikachu, emptyhearts, false, 1579961164
14, modulated_pikachu, bompyhearts, false, 1579961181
14, modulated_pikachu, bumpyhearts, false, 1579961187
14, modulated_pikachu, bympyhearts, false, 1579961195
14, pasta4lyf, bumpyhearts, false, 1579961208
14, pasta4lyf, bonemorphogeneticprotein, false, 1579961254
14, Vp27101999, bmp, false, 1579961257
14, anand._.10, madiera, false, 1579961289
14, pasta4lyf, laxmi, false, 1579961432
14, pasta4lyf, lakshmi, false, 1579961435
14, Vp27101999, laxmi, false, 1579961442
14, anand._.10, laxmi, false, 1579961443
14, Vp27101999, laxmibai, false, 1579961444
14, anand._.10, kuber, false, 1579961446
14, Vp27101999, laxmi, false, 1579961446
14, FreezeV2, laxmi, false, 1579961447
14, Vp27101999, Laxmi, false, 1579961450
14, FreezeV2, kuber, false, 1579961453
14, FreezeV2, bumpy, false, 1579961471
14, pasta4lyf, Laxmi, false, 1579961472
14, pasta4lyf, laxative, false, 1579961478
14, pasta4lyf, kuber, false, 1579961482
14, pasta4lyf, laxmikuber, false, 1579961487
14, ysh_suvarna, laxmi, false, 1579961503
14, pasta4lyf, whenimsixtyfour, false, 1579961503
14, hazy.......007, laxmi, false, 1579961505
14, Vp27101999, sixtyfour, false, 1579961507
14, ysh_suvarna, kuber, false, 1579961508
14, hazy.......007, kuber, false, 1579961510
14, hazy.......007, laxmikuber, false, 1579961518
14, hazy.......007, kuberlaxmi, false, 1579961527
14, hazy.......007, Laxmi kuber, false, 1579961540
14, bhanushali, laxmi, false, 1579961540
14, Vp27101999, laxmi'x, false, 1579961541
14, Vp27101999, laxmi's, false, 1579961543
14, bhanushali, kuber, false, 1579961546
14, pasta4lyf, sgt.pepper'slonelyheartsclubband, false, 1579961548
14, pasta4lyf, sgt.pepperslonelyheartsclubband, false, 1579961552
14, pasta4lyf, sgtpepperslonelyheartsclubband, false, 1579961555
14, pasta4lyf, withinyouwithoutyou, false, 1579961569
14, hazy.......007, laxmi, false, 1579961569
14, hazy.......007, laxmi kuber, false, 1579961582
14, hazy.......007, laxmikuber, false, 1579961589
14, hazy.......007, laxmikuber, false, 1579961590
14, hazy.......007, luxmikuber, false, 1579961604
14, hazy.......007, laxmikuber, false, 1579961609
14, hazy.......007, kuberlaxmi, false, 1579961619
14, pasta4lyf, fixingahole, false, 1579961622
14, hazy.......007, kuber laxmi, false, 1579961625
14, hazy.......007, Laxmi Kuber, false, 1579961650
14, hazy.......007, LaxmiKuber, false, 1579961653
14, pasta4lyf, withalittlehelpfrommyfriends, false, 1579961655
14, hazy.......007, laxmiKuber, false, 1579961658
14, hazy.......007, Laxmi Kuber, false, 1579961660
14, hazy.......007, Laxmi Kuber, false, 1579961666
14, hazy.......007, laxmi Kuber, false, 1579961668
14, pasta4lyf, diamonds, false, 1579961670
14, hazy.......007, laxmikuber, false, 1579961683
14, pasta4lyf, lucyintheskywithdiamonds, false, 1579961688
14, hazy.......007, laxmi kuber, false, 1579961688
14, hazy.......007, laxmi Kuber, false, 1579961697
14, hazy.......007, laxmi Kuber, false, 1579961701
14, hazy.......007, laxmi Kuber, false, 1579961702
14, hazy.......007, laxmiKuber, false, 1579961709
14, pasta4lyf, lennon, false, 1579961712
14, pasta4lyf, starr, false, 1579961714
14, pasta4lyf, starr, false, 1579961714
14, hazy.......007, Kuber, false, 1579961714
14, pasta4lyf, johnlennon, false, 1579961717
14, hazy.......007, Kuberlaxmi, false, 1579961718
14, hazy.......007, Kuber laxmi, false, 1579961721
14, hazy.......007, kuber laxmi, false, 1579961727
14, hazy.......007, kuberlaxmi, false, 1579961730
14, hazy.......007, kuber-laxmi, false, 1579961736
14, hazy.......007, laxmi-kuber, false, 1579961747
14, geraltofrivia, laxmi, false, 1579961836
14, geraltofrivia, laxmi, false, 1579961841
14, geraltofrivia, laxmi, false, 1579961844
14, geraltofrivia, laxmi, false, 1579961844
14, geraltofrivia, laxmi, false, 1579961844
14, geraltofrivia, laxmi, false, 1579961844
14, geraltofrivia, laxmi, false, 1579961844
14, geraltofrivia, laxmi, false, 1579961844
14, hazy.......007, laxmi-kuber, false, 1579961849
14, geraltofrivia, kuber, false, 1579961849
14, hazy.......007, laxmi-Kuber, false, 1579961852
14, hazy.......007, Laxmi-Kuber, false, 1579961855
14, geraltofrivia, laxmikuber, false, 1579961856
14, hazy.......007, Laxmi, false, 1579961865
14, bhanushali, , false, 1579961866
14, hazy.......007, Lakshmi, false, 1579961871
14, hazy.......007, Lakshmi, false, 1579961874
14, hazy.......007, Lukshmi, false, 1579961879
14, hazy.......007, Luckshmi, false, 1579961888
14, aaabattery, lasmi, false, 1579962085
14, aaabattery, laxmi, false, 1579962089
14, aaabattery, kuber, false, 1579962104
14, aaabattery, uber, false, 1579962109
14, aaabattery, limbo, false, 1579962117
14, hazy.......007, Parlophone, false, 1579962178
14, bhanushali, you, false, 1579962204
14, pasta4lyf, bumpy, false, 1579962222
14, pasta4lyf, devilinherheart, false, 1579962237
14, pasta4lyf, heartofthecountry, false, 1579962260
14, aaabattery, saraswati, false, 1579962268
14, aaabattery, vishnu, false, 1579962274
14, aaabattery, narayan, false, 1579962281
14, aaabattery, mahabharat, false, 1579962290
14, aaabattery, ramayan, false, 1579962295
14, aaabattery, ganesh, false, 1579962304
14, aaabattery, ganesha, false, 1579962306
14, FreezeV2, eight, false, 1579962306
14, hazy.......007, beatles, false, 1579962310
14, aaabattery, ganapati, false, 1579962314
14, aaabattery, ganpati, false, 1579962318
14, FreezeV2, six, false, 1579962321
14, aaabattery, shiva, false, 1579962335
14, aaabattery, shankar, false, 1579962341
14, FreezeV2, four, false, 1579962342
14, aaabattery, shiv, false, 1579962346
14, aaabattery, mahadev, false, 1579962353
14, aaabattery, rama, false, 1579962358
14, aaabattery, ravana, false, 1579962363
14, hazy.......007, sgtpepperslonelyheartsclubband, false, 1579962370
14, FreezeV2, harsh, false, 1579962394
14, pasta4lyf, petebest, false, 1579962433
14, pasta4lyf, randolphpeterbest, false, 1579962448
14, pasta4lyf, randolphbest, false, 1579962451
14, FreezeV2, reading, false, 1579962487
14, FreezeV2, ontheroad, false, 1579962528
14, FreezeV2, ontheroad, false, 1579962528
14, FreezeV2, ontheroad, false, 1579962528
14, FreezeV2, abbeyroad, false, 1579962570
14, aaabattery, tabla, false, 1579962575
14, aaabattery, santoor, false, 1579962582
14, aaabattery, marilyn, false, 1579962862
14, aaabattery, marilynmonroe, false, 1579962869
14, aaabattery, pope, false, 1579962884
14, Vp27101999, alexander, false, 1579962907
14, Vp27101999, alexanderschram, false, 1579962913
14, Vp27101999, schram, false, 1579962923
14, aaabattery, goat, false, 1579963064
14, aaabattery, jude, false, 1579963233
14, aaabattery, heyjude, false, 1579963237
14, aaabattery, hey jude, false, 1579963241
14, aaabattery, fiftyeight, false, 1579963306
14, aaabattery, elvispresley, false, 1579963372
14, aaabattery, presley, false, 1579963382
14, aaabattery, gandhi, false, 1579963408
14, aaabattery, mahatmagandhi, false, 1579963415
14, aaabattery, 62, false, 1579963476
14, aaabattery, lakshmi, false, 1579963503
14, aaabattery, lakshmidoll, false, 1579963505
14, aaabattery, Itgottobeanyoneweliked, false, 1579963570
14, aaabattery, itgottobeanyoneweliked, false, 1579963577
14, aaabattery, gandhi, false, 1579963600
14, aaabattery, benkingsley, false, 1579963619
14, abcdefghi, gameofthrones, false, 1579963661
14, Whazza42, bompyhearts, false, 1579963662
14, MishuAnubis, paulisdead, false, 1579963727
14, aaabattery, mohandaskaramchandgandhi, false, 1579963734
14, MishuAnubis, paul, false, 1579963742
14, aaabattery, shirleytemple, false, 1579963767
14, pasta4lyf, hn, false, 1579963929
14, hazy.......007, bompyheart, false, 1579963932
14, hazy.......007, bompyhearts, false, 1579963934
14, aaabattery, hexane, false, 1579963941
14, aaabattery, hexane, false, 1579963942
14, aaabattery, hexagon, false, 1579963945
14, pasta4lyf, bombaybloodgroup, false, 1579963948
14, aaabattery, kekule, false, 1579963948
14, aaabattery, benzene, false, 1579963952
14, pasta4lyf, hnbloodgroup, false, 1579963953
14, aaabattery, bonpy, false, 1579963959
14, FreezeV2, format, false, 1579963978
14, aaabattery, strawberryfieldsforever, false, 1579964025
14, FreezeV2, admin, false, 1579964033
14, modulated_pikachu, hexagon, false, 1579964047
14, pasta4lyf, bootleg, false, 1579964051
14, ysh_suvarna, hexagon, false, 1579964053
14, pasta4lyf, bootlegbeatles, false, 1579964054
14, aaabattery, cream, false, 1579964080
14, aaabattery, thewheelsoffire, false, 1579964086
14, aaabattery, wheelsoffire, false, 1579964097
14, pasta4lyf, thebootlegbeatles, false, 1579964097
14, aaabattery, whiteroom, false, 1579964106
14, aaabattery, bootleg, false, 1579964110
14, pasta4lyf, max8477, false, 1579964116
14, aaabattery, bootlegbeatles, false, 1579964124
14, pasta4lyf, maxeightthousandfourhundredseventyseven, false, 1579964129
14, pasta4lyf, maxeightthousandfourhundredsandeventyseven, false, 1579964133
14, aaabattery, lucyintheskywithdiamonds, false, 1579964145
14, aaabattery, march, false, 1579964158
14, aaabattery, bootlegbeatles, false, 1579964192
14, aaabattery, bootlegbeatlesreading, false, 1579964198
14, aaabattery, rading, false, 1579964201
14, aaabattery, reading, false, 1579964204
14, aaabattery, purplehaxe, false, 1579964217
14, aaabattery, thebootlegbeatles, false, 1579964225
14, aaabattery, jimihendrix, false, 1579964237
14, aaabattery, abbeyroad, false, 1579964253
14, aaabattery, theabbeyroad, false, 1579964255
14, aaabattery, letitbe, false, 1579964261
14, aaabattery, letitbe, false, 1579964261
14, aaabattery, thehexagon, false, 1579964287
14, aaabattery, readinghexagon, false, 1579964309
14, ysh_suvarna, lonelyhearts, false, 1579964330
14, aaabattery, fifty, false, 1579964383
14, aaabattery, fiftythanniversary, false, 1579964396
14, aaabattery, anniversary, false, 1579964400
14, aaabattery, abbeyroad, false, 1579964403
14, aaabattery, abbey, false, 1579964405
14, aaabattery, readingtownhall, false, 1579964436
14, aaabattery, southst, false, 1579964439
14, aaabattery, south, false, 1579964441
14, aaabattery, borough, false, 1579964447
14, aaabattery, apple, false, 1579964482
14, aaabattery, white, false, 1579964582
14, aaabattery, whitealbum, false, 1579964585
14, aaabattery, alberthall, false, 1579964703
14, aaabattery, royalalberthall, false, 1579964707
14, ysh_suvarna, beatles, false, 1579964733
14, ysh_suvarna, laxmi, false, 1579964737
14, ysh_suvarna, kuber, false, 1579964744
14, ysh_suvarna, cryotex, false, 1579964748
14, ysh_suvarna, cryptex, false, 1579964751
14, CrazyByDefaut, yellowsubmarine, false, 1579964819
14, aaabattery, bitmap, false, 1579964886
14, aaabattery, parody, false, 1579964958
14, aaabattery, phil, false, 1579964963
14, aaabattery, alexander, false, 1579964967
14, aaabattery, philalexander, false, 1579964971
14, aaabattery, nickgriffin, false, 1579964989
14, aaabattery, daviddimbleby, false, 1579965061
14, aaabattery, nick, false, 1579965074
14, aaabattery, nickgriffin, false, 1579965076
14, aaabattery, bnp, false, 1579965081
14, pasta4lyf, cryptex, false, 1579965635
14, pasta4lyf, cryptex2020, false, 1579965638
14, ysh_suvarna, valve, false, 1579965736
14, Kamikaze, fortynine, false, 1579965816
14, FreezeV2, ludwig, false, 1579965945
14, FreezeV2, adminrandihain, false, 1579965955
14, pasta4lyf, b, false, 1579966081
14, pasta4lyf, B, false, 1579966086
14, pasta4lyf, B, false, 1579966088
14, pasta4lyf, bangandolufsen, false, 1579966100
14, ysh_suvarna, cryptex2002, false, 1579966279
14, ysh_suvarna, cryptex22020, false, 1579966285
14, ysh_suvarna, cryptex2020, false, 1579966293
14, Kamikaze, fab4, false, 1579966645
14, Kamikaze, fabfour, false, 1579966648
14, pasta4lyf, adolfhitler, false, 1579966732
14, pasta4lyf, hitler, false, 1579966735
14, pasta4lyf, fullmetaljacket, false, 1579967046
14, pasta4lyf, billyshears, false, 1579967194
14, pasta4lyf, paulisdead, false, 1579967198
14, pasta4lyf, williamcampbell, false, 1579967230
14, pasta4lyf, glassonion, false, 1579967239
14, pasta4lyf, gobbledygook, false, 1579967290
14, pasta4lyf, iamthewalrus, false, 1579967301
14, CrazyByDefaut, kraftwerk, false, 1579967336
14, CrazyByDefaut, revolver, false, 1579967419
14, CrazyByDefaut, eleanorrigby, false, 1579967429
14, pasta4lyf, paulisdead, false, 1579968213
14, pasta4lyf, a, false, 1579968221
14, pasta4lyf, e, false, 1579968223
14, pasta4lyf, o, false, 1579968225
14, pasta4lyf, u, false, 1579968227
14, pasta4lyf, u, false, 1579968350
14, BoredTea, kriyayoga, true, 1579968544
14, pasta4lyf, 15000, false, 1579968607
14, pasta4lyf, fifteenthousand, false, 1579968614
14, pasta4lyf, bobdylan, false, 1579968712
14, pasta4lyf, jeffersondik, false, 1579968740
14, pasta4lyf, jeffersondisc, false, 1579968742
14, pasta4lyf, jeffersondisk, false, 1579968743
14, pasta4lyf, atom, false, 1579968883
14, pasta4lyf, atomheartmother, false, 1579968886
14, pasta4lyf, nucleus, false, 1579968888
14, pasta4lyf, atomicbeatles, false, 1579968902
14, pasta4lyf, magicalmysterytour, false, 1579968966
14, pasta4lyf, georgemartin, false, 1579969028
14, pasta4lyf, peterblake, false, 1579969095
14, aaabattery, 2020, false, 1579970066
14, aaabattery, 28thMarch2020, false, 1579970101
14, pasta4lyf, bts, false, 1579970111
14, aaabattery, march2020, false, 1579970114
14, aaabattery, twentyeightthmarch2020, false, 1579970154
14, aaabattery, twentyeightmarch2020, false, 1579970157
14, pasta4lyf, pasta, false, 1579970373
14, pasta4lyf, larrybird, false, 1579970383
14, tushartiwariofficial, lonelyhearts, false, 1579970465
14, tushartiwariofficial, beatles, false, 1579970574
14, GreenEarthEagle, glucose, false, 1579970586
14, iBlyatiful, ivanvaughan, false, 1579970608
14, tushartiwariofficial, pepper, false, 1579970636
14, iBlyatiful, ivan, false, 1579970699
14, tushartiwariofficial, sgt.pepper, false, 1579970703
14, iBlyatiful, blackbird, false, 1579970703
14, iBlyatiful, blackbirdsinging, false, 1579970705
14, iBlyatiful, parkinsons, false, 1579970713
14, tushartiwariofficial, lonely, false, 1579970714
14, iBlyatiful, parkinson, false, 1579970714
14, iBlyatiful, doperidone, false, 1579970718
14, tushartiwariofficial, lonelyhearts, false, 1579970719
14, iBlyatiful, domperidone, false, 1579970722
14, iBlyatiful, motilium, false, 1579970748
14, Tanishq2403, walkoffame, false, 1579971409
14, Tanishq2403, help, false, 1579971644
14, pasta4lyf, rollingstones, false, 1579971693
14, pasta4lyf, rollingstone, false, 1579971694
14, ysh_suvarna, tiedot, false, 1579971734
14, ysh_suvarna, peppers, false, 1579971842
14, ysh_suvarna, pepper, false, 1579971847
14, tushartiwariofficial, 468, false, 1579972000
14, tushartiwariofficial, heart, false, 1579972202
14, Kamikaze, mia, false, 1579972237
14, Kamikaze, mia30, false, 1579972242
14, Kamikaze, zenzedi, false, 1579972247
14, Kamikaze, zenzedi30, false, 1579972248
14, Kamikaze, zenzedithirty, false, 1579972251
14, Kamikaze, miathirty, false, 1579972262
14, tushartiwariofficial, bone morphogenetic protein, false, 1579972265
14, GreenEarthEagle, missinginaction, false, 1579972311
14, GreenEarthEagle, grandfather, false, 1579972529
14, Kamikaze, godfatherofharlem, false, 1579972569
14, GreenEarthEagle, lukecage, false, 1579972628
14, abcdefghi, heroin, false, 1579972797
14, pasta4lyf, terryburrows, false, 1579972818
14, vedantsingh1404, epstein, false, 1579972855
14, vedantsingh1404, jeffreyepstein, false, 1579972863
14, pasta4lyf, heyjude, false, 1579972890
14, pasta4lyf, eleanorrigby, false, 1579972901
14, GreenEarthEagle, chenyongmin, false, 1579972907
14, pasta4lyf, strawberryfieldsforever, false, 1579972912
14, GreenEarthEagle, olliedrummond, false, 1579972958
14, omaewamoushindeiru, beatles, false, 1579972972
14, abcdefghi, barbiturates, false, 1579972974
14, GreenEarthEagle, 40891640f, false, 1579972984
14, pasta4lyf, edgarallenpoe, false, 1579972991
14, pasta4lyf, edgarallanpoe, false, 1579973002
14, pasta4lyf, edgarallanpoe, false, 1579973004
14, ysh_suvarna, obscura, false, 1579973029
14, GreenEarthEagle, amazon, false, 1579973090
14, pasta4lyf, iamthewalrus, false, 1579973172
14, iBlyatiful, harlem, false, 1579973244
14, GreenEarthEagle, 1b1b1b, false, 1579973320
14, GreenEarthEagle, crazydiamond, false, 1579973565
14, GreenEarthEagle, starplatinum, false, 1579973569
14, GreenEarthEagle, jojo, false, 1579973679
14, GreenEarthEagle, mammamia, false, 1579973692
14, GreenEarthEagle, hexen, false, 1579973789
14, GreenEarthEagle, heretic, false, 1579973842
14, GreenEarthEagle, hexenbeyondheretic, false, 1579973848
14, GreenEarthEagle, johnromero, false, 1579974081
14, GreenEarthEagle, doom, false, 1579974084
14, GreenEarthEagle, idsoftware, false, 1579974103
14, GreenEarthEagle, quake, false, 1579974106
14, GreenEarthEagle, dangerousdave, false, 1579974112
14, aakshata, tjis, false, 1579974165
14, aakshata, this, false, 1579974173
14, GreenEarthEagle, johncarmack, false, 1579974232
14, GreenEarthEagle, coffee, false, 1579974434
14, GreenEarthEagle, toffee, false, 1579974439
14, GreenEarthEagle, 29160, false, 1579974557
14, GreenEarthEagle, 750056, false, 1579974569
14, aakshata, the, false, 1579974622
14, GreenEarthEagle, saffron, false, 1579974627
14, GreenEarthEagle, ruby, false, 1579974639
14, GreenEarthEagle, sapphire, false, 1579974642
14, GreenEarthEagle, emerald, false, 1579974644
14, GreenEarthEagle, pokemon, false, 1579974648
14, GreenEarthEagle, amaranth, false, 1579974694
14, aakshata, band, false, 1579974905
14, aakshata, peter, false, 1579974998
14, aakshata, blake, false, 1579975009
14, aakshata, blakebeatles, false, 1579975029
14, aaabattery, certu, false, 1579975079
14, aaabattery, singingintherain, false, 1579975098
14, aaabattery, singinintherain, false, 1579975101
14, pasta4lyf, beetle, false, 1579975216
14, pasta4lyf, blackbeetle, false, 1579975222
14, pasta4lyf, heartscarab, false, 1579975238
14, pasta4lyf, scarab, false, 1579975240
14, pasta4lyf, amunra, false, 1579975244
14, pasta4lyf, ra, false, 1579975246
14, pasta4lyf, beetlejuice, false, 1579975259
14, pasta4lyf, goldenbug, false, 1579975288
14, aaabattery, peterblake, false, 1579975299
14, aaabattery, cavendish, false, 1579975347
14, aaabattery, cavendishavenue, false, 1579975351
14, pasta4lyf, rishikesh, false, 1579975359
14, aaabattery, paulmccartney, false, 1579975379
14, pasta4lyf, bangor, false, 1579975379
14, CrazyByDefaut, arbor, false, 1579975418
14, aaabattery, redweltrabant, false, 1579975419
14, aaabattery, redweltrabant, false, 1579975420
14, pasta4lyf, dehradun, false, 1579975545
14, GreenEarthEagle, discord, false, 1579975580
14, pasta4lyf, obladioblada, false, 1579975587
14, pasta4lyf, obladi, false, 1579975589
14, pasta4lyf, julia, false, 1579975684
14, GreenEarthEagle, popeye, false, 1579976706
14, GreenEarthEagle, olivegreen, false, 1579976710
14, GreenEarthEagle, oliveoyl, false, 1579976717
14, aaabattery, hedie, false, 1579976718
14, aaabattery, heedi, false, 1579976725
14, aaabattery, hitler, false, 1579976731
14, aaabattery, rainbow, false, 1579976796
14, aaabattery, vibgyor, false, 1579976803
14, GreenEarthEagle, wimpy, false, 1579976856
14, GreenEarthEagle, spinach, false, 1579976860
14, aakshata, ypbr, false, 1579976952
14, CrazyByDefaut, , false, 1579976994
14, aaabattery, mahesh, false, 1579977182
14, aaabattery, maheshyogi, false, 1579977186
14, GreenEarthEagle, spinach, false, 1579977289
14, FreezeV2, whitealbum, false, 1579977797
14, FreezeV2, whitealbum, false, 1579977798
14, FreezeV2, maharishi, false, 1579977811
14, FreezeV2, gandhi, false, 1579977820
14, FreezeV2, gandhi, false, 1579977822
14, FreezeV2, gandhi, false, 1579977822
14, FreezeV2, mahatmagandhi, false, 1579977835
14, FreezeV2, mahatmagandhi, false, 1579977835
14, Kamikaze, marijuana, false, 1579977931
14, Kamikaze, weed, false, 1579977934
14, FreezeV2, jesuschrist, false, 1579977941
14, FreezeV2, mahavatarbabaji, false, 1579977965
14, FreezeV2, paramahansayogananda, false, 1579977980
14, FreezeV2, jesus, false, 1579978016
14, FreezeV2, bobdylan, false, 1579978027
14, FreezeV2, hitler, false, 1579978146
14, FreezeV2, shirleytemple, false, 1579978195
14, FreezeV2, temple, false, 1579978211
14, ysh_suvarna, marilynmonroe, false, 1579978212
14, ysh_suvarna, marilynmonroe, false, 1579978214
14, FreezeV2, oscarwilde, false, 1579978233
14, FreezeV2, paulmcartney, false, 1579978445
14, FreezeV2, yokoono, false, 1579978509
14, FreezeV2, johnlennon, false, 1579978520
14, FreezeV2, sonnyliston, false, 1579978530
14, Kamikaze, blackturtleneck, false, 1579978554
14, Kamikaze, bab86c, false, 1579978568
14, Kamikaze, 6a0dad, false, 1579978582
14, FreezeV2, krishna, false, 1579978606
14, FreezeV2, harekrishna, false, 1579978633
14, MishuAnubis, sunglow, false, 1579978642
14, ronnie_36, discobeatlemania, false, 1579978685
14, ronnie_36, georgemartin, false, 1579978747
14, FreezeV2, barackobama, false, 1579978758
14, FreezeV2, meninblack, false, 1579978766
14, FreezeV2, motherteressa, false, 1579978773
14, Kamikaze, Domperidone, false, 1579978887
14, GreenEarthEagle, hummingbird, false, 1579978899
14, flitwick, marijuana, false, 1579978924
14, flitwick, beatlesashram, false, 1579978944
14, flitwick, chaurasikutia, false, 1579978951
14, flitwick, peace, false, 1579978954
14, flitwick, rishikesh, false, 1579978971
14, ronnie_36, enigma, false, 1579979059
14, FreezeV2, rainbow, false, 1579979085
14, FreezeV2, rainbow, false, 1579979085
14, ronnie_36, freemasonry, false, 1579979093
14, ysh_suvarna, yogi, false, 1579979111
14, ysh_suvarna, yogibear, false, 1579979115
14, ysh_suvarna, yogibear, false, 1579979118
14, ysh_suvarna, yogananda, false, 1579979195
14, ronnie_36, freemason, false, 1579979203
14, ronnie_36, paulisdead, false, 1579979248
14, GreenEarthEagle, hunterxhunter, false, 1579979471
14, GreenEarthEagle, seltaeb, false, 1579979480
14, GreenEarthEagle, duron, false, 1579979508
14, GreenEarthEagle, selvaraj, false, 1579979584
14, GreenEarthEagle, fortytwo, false, 1579979590
14, ysh_suvarna, eat, false, 1579979612
14, ysh_suvarna, eat, false, 1579979623
14, FreezeV2, yukteswargiri, false, 1579979627
14, FreezeV2, babajikrishna, false, 1579979686
14, FreezeV2, maharishiyogi, false, 1579979697
14, ysh_suvarna, , false, 1579979761
14, ysh_suvarna, , false, 1579979764
14, ysh_suvarna, , false, 1579979764
14, ysh_suvarna, ~, false, 1579979784
14, GreenEarthEagle, white, false, 1579979839
14, CrazyByDefaut, oliverhardy, false, 1579979840
14, FreezeV2, brianepstein, false, 1579979847
14, CrazyByDefaut, olivernorvellhardy, false, 1579979852
14, FreezeV2, shalom, false, 1579979951
14, FreezeV2, shalom, false, 1579979954
14, Hellblazer100, pepper, false, 1579979959
14, GreenEarthEagle, blue, false, 1579979971
14, FreezeV2, davincicode, false, 1579980046
14, FreezeV2, davincicode, false, 1579980048
14, FreezeV2, thedavincicode, false, 1579980053
14, GreenEarthEagle, star, false, 1579980111
14, GreenEarthEagle, stardewvalley, false, 1579980114
14, TheDemigod, edgarallenpoe, false, 1579980119
14, GreenEarthEagle, colonycollapsedisorder, false, 1579980152
14, GreenEarthEagle, vietnam, false, 1579980156
14, GreenEarthEagle, vietname, false, 1579980158
14, FreezeV2, georgeharrison, false, 1579980180
14, TheDemigod, paramahamsayogananda, false, 1579980196
14, FreezeV2, getback, false, 1579980213
14, CrazyByDefaut, marlene, false, 1579980235
14, FreezeV2, ahinsa, false, 1579980254
14, CrazyByDefaut, marlenedietrich, false, 1579980274
14, aaabattery, maheshyogi, false, 1579980275
14, GreenEarthEagle, nineteen, false, 1579980276
14, Hellblazer100, fortytwoo, false, 1579980278
14, FreezeV2, letitbe, false, 1579980279
14, Hellblazer100, fortytwo, false, 1579980281
14, CrazyByDefaut, johnlennon, false, 1579980281
14, CrazyByDefaut, lsd, false, 1579980283
14, Hellblazer100, foirtytwo, false, 1579980291
14, FreezeV2, rollingstone, false, 1579980300
14, Hellblazer100, fourtytwo, false, 1579980300
14, MishuAnubis, cofee, false, 1579980301
14, MishuAnubis, facade, false, 1579980306
14, MishuAnubis, decaf, false, 1579980310
14, FreezeV2, jeffersondisk, false, 1579980324
14, FreezeV2, beatles, false, 1579980336
14, FreezeV2, peace, false, 1579980342
14, GreenEarthEagle, twelve, false, 1579980347
14, GreenEarthEagle, gravityfalls, false, 1579980355
14, GreenEarthEagle, ducktales, false, 1579980359
14, MishuAnubis, lgbt, false, 1579980375
14, GreenEarthEagle, 0ff1ce, false, 1579980381
14, Tabzzzzzzzz, formatorddos!!!, false, 1579980392
14, Tabzzzzzzzz, formatorddos!!!, false, 1579980393
14, Tabzzzzzzzz, formatorddos!!!, false, 1579980394
14, Tabzzzzzzzz, formatorddos!!!, false, 1579980394
14, Tabzzzzzzzz, formatorddos!!!, false, 1579980394
14, Tabzzzzzzzz, formatorddos!!!, false, 1579980394
14, Tabzzzzzzzz, formatorddos!!!, false, 1579980395
14, Tabzzzzzzzz, formatorddos!!!, false, 1579980395
14, Tabzzzzzzzz, formatorddos!!!, false, 1579980395
14, Tabzzzzzzzz, formatorddos!!!, false, 1579980396
14, Tabzzzzzzzz, formatorddos!!!, false, 1579980396
14, Tabzzzzzzzz, formatorddos!!!, false, 1579980397
14, Tabzzzzzzzz, formatorddos!!!, false, 1579980397
14, Tabzzzzzzzz, formatorddos!!!, false, 1579980397
14, Tabzzzzzzzz, formatorddos!!!, false, 1579980397
14, Tabzzzzzzzz, formatorddos!!!, false, 1579980398
14, Tabzzzzzzzz, formatorddos!!!, false, 1579980398
14, Tabzzzzzzzz, formatorddos!!!, false, 1579980398
14, Tabzzzzzzzz, formatorddos!!!, false, 1579980399
14, Tabzzzzzzzz, formatorddos!!!, false, 1579980399
14, Tabzzzzzzzz, formatorddos!!!, false, 1579980399
14, Tabzzzzzzzz, formatorddos!!!, false, 1579980400
14, Tabzzzzzzzz, formatorddos!!!, false, 1579980400
14, Tabzzzzzzzz, formatorddos!!!, false, 1579980400
14, Tabzzzzzzzz, formatorddos!!!, false, 1579980401
14, Tabzzzzzzzz, formatorddos!!!, false, 1579980401
14, Tabzzzzzzzz, formatorddos!!!, false, 1579980401
14, Tabzzzzzzzz, formatorddos!!!, false, 1579980402
14, Tabzzzzzzzz, formatorddos!!!, false, 1579980402
14, Tabzzzzzzzz, formatorddos!!!, false, 1579980402
14, Tabzzzzzzzz, formatorddos!!!, false, 1579980403
14, Tabzzzzzzzz, formatorddos!!!, false, 1579980403
14, Tabzzzzzzzz, formatorddos!!!, false, 1579980403
14, Tabzzzzzzzz, formatorddos!!!, false, 1579980404
14, Tabzzzzzzzz, formatorddos!!!, false, 1579980404
14, Tabzzzzzzzz, formatorddos!!!, false, 1579980404
14, Tabzzzzzzzz, formatorddos!!!, false, 1579980404
14, Tabzzzzzzzz, formatorddos!!!, false, 1579980405
14, Tabzzzzzzzz, formatorddos!!!, false, 1579980405
14, Tabzzzzzzzz, formatorddos!!!, false, 1579980405
14, Tabzzzzzzzz, formatorddos!!!, false, 1579980406
14, Tabzzzzzzzz, formatorddos!!!, false, 1579980406
14, Tabzzzzzzzz, formatorddos!!!, false, 1579980406
14, Tabzzzzzzzz, formatorddos!!!, false, 1579980407
14, Tabzzzzzzzz, formatorddos!!!, false, 1579980407
14, Tabzzzzzzzz, formatorddos!!!, false, 1579980408
14, Tabzzzzzzzz, formatorddos!!!, false, 1579980408
14, GreenEarthEagle, office, false, 1579980408
14, Tabzzzzzzzz, formatorddos!!!, false, 1579980408
14, Tabzzzzzzzz, formatorddos!!!, false, 1579980409
14, Tabzzzzzzzz, formatorddos!!!, false, 1579980409
14, Tabzzzzzzzz, formatorddos!!!, false, 1579980409
14, Tabzzzzzzzz, formatorddos!!!, false, 1579980410
14, Tabzzzzzzzz, formatorddos!!!, false, 1579980410
14, Tabzzzzzzzz, formatorddos!!!, false, 1579980410
14, Tabzzzzzzzz, formatorddos!!!, false, 1579980410
14, Tabzzzzzzzz, formatorddos!!!, false, 1579980411
14, Tabzzzzzzzz, formatorddos!!!, false, 1579980411
14, Tabzzzzzzzz, formatorddos!!!, false, 1579980411
14, Tabzzzzzzzz, formatorddos!!!, false, 1579980412
14, Tabzzzzzzzz, formatorddos!!!, false, 1579980412
14, Tabzzzzzzzz, formatorddos!!!, false, 1579980412
14, Tabzzzzzzzz, formatorddos!!!, false, 1579980413
14, Tabzzzzzzzz, formatorddos!!!, false, 1579980413
14, Tabzzzzzzzz, formatorddos!!!, false, 1579980413
14, Tabzzzzzzzz, formatorddos!!!, false, 1579980414
14, Tabzzzzzzzz, formatorddos!!!, false, 1579980414
14, Tabzzzzzzzz, formatorddos!!!, false, 1579980414
14, Tabzzzzzzzz, formatorddos!!!, false, 1579980415
14, Tabzzzzzzzz, formatorddos!!!, false, 1579980415
14, Tabzzzzzzzz, formatorddos!!!, false, 1579980416
14, Tabzzzzzzzz, formatorddos!!!, false, 1579980416
14, Tabzzzzzzzz, formatorddos!!!, false, 1579980416
14, Tabzzzzzzzz, formatorddos!!!, false, 1579980416
14, Tabzzzzzzzz, formatorddos!!!, false, 1579980417
14, Tabzzzzzzzz, formatorddos!!!, false, 1579980417
14, Tabzzzzzzzz, formatorddos!!!, false, 1579980417
14, GreenEarthEagle, deadbeef, false, 1579980421
14, FreezeV2, theholyscience, false, 1579980436
14, FreezeV2, olivebranch, false, 1579980448
14, Hellblazer100, elvispresley, false, 1579980453
14, FreezeV2, georgecloney, false, 1579980463
14, Hellblazer100, gandhi, false, 1579980464
14, Hellblazer100, gandhi, false, 1579980466
14, FreezeV2, thelema, false, 1579980471
14, Tabzzzzzzzz, formatorddos!!!, false, 1579980472
14, Tabzzzzzzzz, formatorddos!!!, false, 1579980473
14, Hellblazer100, mkgandhi, false, 1579980474
14, Tabzzzzzzzz, formatorddos!!!, false, 1579980474
14, Tabzzzzzzzz, formatorddos!!!, false, 1579980476
14, Tabzzzzzzzz, formatorddos!!!, false, 1579980476
14, Tabzzzzzzzz, formatorddos!!!, false, 1579980476
14, Tabzzzzzzzz, formatorddos!!!, false, 1579980477
14, Tabzzzzzzzz, formatorddos!!!, false, 1579980477
14, Tabzzzzzzzz, formatorddos!!!, false, 1579980477
14, Tabzzzzzzzz, formatorddos!!!, false, 1579980477
14, Tabzzzzzzzz, formatorddos!!!, false, 1579980478
14, Tabzzzzzzzz, formatorddos!!!, false, 1579980478
14, Tabzzzzzzzz, formatorddos!!!, false, 1579980478
14, Tabzzzzzzzz, formatorddos!!!, false, 1579980478
14, Tabzzzzzzzz, formatorddos!!!, false, 1579980479
14, Tabzzzzzzzz, formatorddos!!!, false, 1579980479
14, Tabzzzzzzzz, formatorddos!!!, false, 1579980479
14, Tabzzzzzzzz, formatorddos!!!, false, 1579980480
14, Tabzzzzzzzz, formatorddos!!!, false, 1579980480
14, Tabzzzzzzzz, formatorddos!!!, false, 1579980480
14, Tabzzzzzzzz, formatorddos!!!, false, 1579980480
14, Tabzzzzzzzz, formatorddos!!!, false, 1579980481
14, Tabzzzzzzzz, formatorddos!!!, false, 1579980481
14, Tabzzzzzzzz, formatorddos!!!, false, 1579980481
14, Tabzzzzzzzz, formatorddos!!!, false, 1579980482
14, Tabzzzzzzzz, formatorddos!!!, false, 1579980482
14, Tabzzzzzzzz, formatorddos!!!, false, 1579980482
14, Tabzzzzzzzz, formatorddos!!!, false, 1579980482
14, Tabzzzzzzzz, formatorddos!!!, false, 1579980483
14, Tabzzzzzzzz, formatorddos!!!, false, 1579980483
14, Tabzzzzzzzz, formatorddos!!!, false, 1579980483
14, Tabzzzzzzzz, formatorddos!!!, false, 1579980484
14, Tabzzzzzzzz, formatorddos!!!, false, 1579980484
14, Tabzzzzzzzz, formatorddos!!!, false, 1579980485
14, Tabzzzzzzzz, formatorddos!!!, false, 1579980485
14, Tabzzzzzzzz, formatorddos!!!, false, 1579980485
14, Tabzzzzzzzz, formatorddos!!!, false, 1579980485
14, Tabzzzzzzzz, formatorddos!!!, false, 1579980486
14, Tabzzzzzzzz, formatorddos!!!, false, 1579980486
14, Tabzzzzzzzz, formatorddos!!!, false, 1579980486
14, Tabzzzzzzzz, formatorddos!!!, false, 1579980486
14, Tabzzzzzzzz, formatorddos!!!, false, 1579980487
14, Tabzzzzzzzz, formatorddos!!!, false, 1579980487
14, Tabzzzzzzzz, formatorddos!!!, false, 1579980487
14, Tabzzzzzzzz, formatorddos!!!, false, 1579980487
14, Tabzzzzzzzz, formatorddos!!!, false, 1579980488
14, Tabzzzzzzzz, formatorddos!!!, false, 1579980488
14, Tabzzzzzzzz, formatorddos!!!, false, 1579980488
14, Tabzzzzzzzz, formatorddos!!!, false, 1579980488
14, Tabzzzzzzzz, formatorddos!!!, false, 1579980489
14, Tabzzzzzzzz, formatorddos!!!, false, 1579980489
14, Tabzzzzzzzz, formatorddos!!!, false, 1579980489
14, Tabzzzzzzzz, formatorddos!!!, false, 1579980489
14, Tabzzzzzzzz, formatorddos!!!, false, 1579980489
14, Tabzzzzzzzz, formatorddos!!!, false, 1579980490
14, Tabzzzzzzzz, formatorddos!!!, false, 1579980490
14, Tabzzzzzzzz, formatorddos!!!, false, 1579980493
14, Tabzzzzzzzz, formatorddos!!!, false, 1579980494
14, FreezeV2, twickenham, false, 1579980495
14, Tabzzzzzzzz, formatorddos!!!, false, 1579980505
14, FreezeV2, rishikesh, false, 1579980517
14, FreezeV2, ashram, false, 1579980528
14, TheDemigod, gandhi, false, 1579980534
14, TheDemigod, gandhiji, false, 1579980536
14, FreezeV2, carljung, false, 1579980540
14, TheDemigod, mohandaskaramchandgandhi, false, 1579980545
14, FreezeV2, aleistercrowley, false, 1579980595
14, GreenEarthEagle, disstrack, false, 1579980609
14, E_power_i_pi, fest, false, 1579980612
14, GreenEarthEagle, loganpaul, false, 1579980613
14, GreenEarthEagle, paramecia, false, 1579980621
14, GreenEarthEagle, logia, false, 1579980623
14, GreenEarthEagle, zoan, false, 1579980627
14, E_power_i_pi, stupidcunt, false, 1579980630
14, Tanishq2403, mahavatarbabaji, false, 1579980632
14, aaabattery, eleanorrigby, false, 1579980640
14, E_power_i_pi, whylakshmihere, false, 1579980641
14, aaabattery, yellowsubmarine, false, 1579980669
14, Tanishq2403, paramahansayogananda, false, 1579980684
14, FreezeV2, hexagram, false, 1579980688
14, FreezeV2, pentagram, false, 1579980694
14, Tanishq2403, yogananda, false, 1579980697
14, FreezeV2, synagogue, false, 1579980705
14, TheDemigod, mkgandhi, false, 1579980716
14, E_power_i_pi, fuckingstolemysleep, false, 1579980721
14, FreezeV2, terryburrows, false, 1579980769
14, FreezeV2, davidlivingstone, false, 1579980790
14, aaabattery, yellowsubmarineeleanorrigby, false, 1579980806
14, FreezeV2, sexagram, false, 1579980809
14, Hellblazer100, missing, false, 1579980836
14, MishuAnubis, kelt, false, 1579980843
14, E_power_i_pi, waldo, false, 1579980845
14, Hellblazer100, johnlennon, false, 1579980846
14, E_power_i_pi, woldo, false, 1579980849
14, FreezeV2, memphisbelle, false, 1579980851
14, Hellblazer100, telanganatalli, false, 1579980857
14, FreezeV2, esquire, false, 1579980883
14, E_power_i_pi, planecrash, false, 1579980884
14, TheDemigod, 15000, false, 1579980936
14, E_power_i_pi, thebigbangtheory, false, 1579980946
14, E_power_i_pi, bigbangtheory, false, 1579980952
14, FreezeV2, rain, false, 1579980954
14, FreezeV2, shesleavinghome, false, 1579980968
14, FreezeV2, indi, false, 1579980985
14, FreezeV2, india, false, 1579980988
14, FreezeV2, india, false, 1579980988
14, MishuAnubis, google, false, 1579981010
14, aaabattery, parlophone, false, 1579981043
14, TheDemigod, johnlennon, false, 1579981048
14, FreezeV2, diplo, false, 1579981128
14, TheDemigod, mahatmagandhi, false, 1579981135
14, TheDemigod, alberteinstein, false, 1579981144
14, FreezeV2, hookah, false, 1579981261
14, E_power_i_pi, suicide, false, 1579981265
14, E_power_i_pi, killingspree, false, 1579981273
14, E_power_i_pi, rampage, false, 1579981277
14, E_power_i_pi, godlike, false, 1579981281
14, Tanishq2403, blues, false, 1579981320
14, FreezeV2, danbro, false, 1579981326
14, FreezeV2, danbrown, false, 1579981334
14, Tanishq2403, adayinthelife, false, 1579981338
14, FreezeV2, williamcampbell, false, 1579981353
14, Tanishq2403, sriyukteshwargiri, false, 1579981374
14, Tanishq2403, parlophone, false, 1579981470
14, TheDemigod, georgeharrison, false, 1579981472
14, FreezeV2, deathofpaul, false, 1579981476
14, TheDemigod, paramahansayogananda, false, 1579981491
14, FreezeV2, apple, false, 1579981503
14, FreezeV2, itunes, false, 1579981510
14, Tanishq2403, apple, false, 1579981543
14, Tanishq2403, anniversary, false, 1579981548
14, Tanishq2403, anniversaryedition, false, 1579981552
14, FreezeV2, velvetsnake, false, 1579981598
14, Tanishq2403, withinyouwithoutyou, false, 1579981636
14, FreezeV2, velvet, false, 1579981636
14, FreezeV2, snake, false, 1579981642
14, FreezeV2, thelastsupper, false, 1579981667
14, Tanishq2403, allyouneedislove, false, 1579981670
14, Tanishq2403, allyouneedispeace, false, 1579981679
14, CrazyByDefaut, thanksforkillingyouruserbase, false, 1579981681
14, CrazyByDefaut, thanksforkillingyouruserbase, false, 1579981682
14, CrazyByDefaut, thanksforkillingyouruserbase, false, 1579981682
14, CrazyByDefaut, thanksforkillingyouruserbase, false, 1579981682
14, CrazyByDefaut, thanksforkillingyouruserbase, false, 1579981682
14, CrazyByDefaut, thanksforkillingyouruserbase, false, 1579981682
14, CrazyByDefaut, thanksforkillingyouruserbase, false, 1579981683
14, CrazyByDefaut, thanksforkillingyouruserbase, false, 1579981683
14, CrazyByDefaut, thanksforkillingyouruserbase, false, 1579981683
14, CrazyByDefaut, thanksforkillingyouruserbase, false, 1579981683
14, CrazyByDefaut, thanksforkillingyouruserbase, false, 1579981683
14, CrazyByDefaut, thanksforkillingyouruserbase, false, 1579981683
14, CrazyByDefaut, thanksforkillingyouruserbase, false, 1579981683
14, CrazyByDefaut, thanksforkillingyouruserbase, false, 1579981683
14, CrazyByDefaut, thanksforkillingyouruserbase, false, 1579981684
14, CrazyByDefaut, thanksforkillingyouruserbase, false, 1579981684
14, CrazyByDefaut, thanksforkillingyouruserbase, false, 1579981684
14, CrazyByDefaut, thanksforkillingyouruserbase, false, 1579981684
14, CrazyByDefaut, thanksforkillingyouruserbase, false, 1579981684
14, CrazyByDefaut, thanksforkillingyouruserbase, false, 1579981684
14, CrazyByDefaut, thanksforkillingyouruserbase, false, 1579981684
14, CrazyByDefaut, thanksforkillingyouruserbase, false, 1579981684
14, CrazyByDefaut, thanksforkillingyouruserbase, false, 1579981685
14, CrazyByDefaut, thanksforkillingyouruserbase, false, 1579981685
14, CrazyByDefaut, thanksforkillingyouruserbase, false, 1579981685
14, CrazyByDefaut, thanksforkillingyouruserbase, false, 1579981685
14, CrazyByDefaut, thanksforkillingyouruserbase, false, 1579981685
14, CrazyByDefaut, thanksforkillingyouruserbase, false, 1579981685
14, CrazyByDefaut, thanksforkillingyouruserbase, false, 1579981685
14, CrazyByDefaut, thanksforkillingyouruserbase, false, 1579981685
14, CrazyByDefaut, thanksforkillingyouruserbase, false, 1579981686
14, CrazyByDefaut, thanksforkillingyouruserbase, false, 1579981686
14, CrazyByDefaut, thanksforkillingyouruserbase, false, 1579981686
14, CrazyByDefaut, thanksforkillingyouruserbase, false, 1579981686
14, CrazyByDefaut, thanksforkillingyouruserbase, false, 1579981686
14, CrazyByDefaut, thanksforkillingyouruserbase, false, 1579981686
14, CrazyByDefaut, thanksforkillingyouruserbase, false, 1579981686
14, CrazyByDefaut, thanksforkillingyouruserbase, false, 1579981686
14, CrazyByDefaut, thanksforkillingyouruserbase, false, 1579981687
14, CrazyByDefaut, thanksforkillingyouruserbase, false, 1579981687
14, FreezeV2, paulisdead, false, 1579981687
14, CrazyByDefaut, thanksforkillingyouruserbase, false, 1579981687
14, CrazyByDefaut, thanksforkillingyouruserbase, false, 1579981687
14, CrazyByDefaut, thanksforkillingyouruserbase, false, 1579981687
14, CrazyByDefaut, thanksforkillingyouruserbase, false, 1579981687
14, CrazyByDefaut, thanksforkillingyouruserbase, false, 1579981687
14, CrazyByDefaut, thanksforkillingyouruserbase, false, 1579981687
14, CrazyByDefaut, thanksforkillingyouruserbase, false, 1579981688
14, CrazyByDefaut, thanksforkillingyouruserbase, false, 1579981688
14, CrazyByDefaut, thanksforkillingyouruserbase, false, 1579981688
14, CrazyByDefaut, thanksforkillingyouruserbase, false, 1579981688
14, CrazyByDefaut, thanksforkillingyouruserbase, false, 1579981688
14, CrazyByDefaut, thanksforkillingyouruserbase, false, 1579981688
14, CrazyByDefaut, thanksforkillingyouruserbase, false, 1579981688
14, CrazyByDefaut, thanksforkillingyouruserbase, false, 1579981688
14, CrazyByDefaut, thanksforkillingyouruserbase, false, 1579981689
14, CrazyByDefaut, thanksforkillingyouruserbase, false, 1579981689
14, CrazyByDefaut, thanksforkillingyouruserbase, false, 1579981689
14, CrazyByDefaut, thanksforkillingyouruserbase, false, 1579981689
14, CrazyByDefaut, thanksforkillingyouruserbase, false, 1579981689
14, CrazyByDefaut, thanksforkillingyouruserbase, false, 1579981689
14, CrazyByDefaut, thanksforkillingyouruserbase, false, 1579981690
14, CrazyByDefaut, thanksforkillingyouruserbase, false, 1579981690
14, CrazyByDefaut, thanksforkillingyouruserbase, false, 1579981690
14, CrazyByDefaut, thanksforkillingyouruserbase, false, 1579981690
14, CrazyByDefaut, thanksforkillingyouruserbase, false, 1579981690
14, CrazyByDefaut, thanksforkillingyouruserbase, false, 1579981690
14, CrazyByDefaut, thanksforkillingyouruserbase, false, 1579981690
14, CrazyByDefaut, thanksforkillingyouruserbase, false, 1579981690
14, CrazyByDefaut, thanksforkillingyouruserbase, false, 1579981691
14, CrazyByDefaut, thanksforkillingyouruserbase, false, 1579981691
14, CrazyByDefaut, thanksforkillingyouruserbase, false, 1579981691
14, CrazyByDefaut, thanksforkillingyouruserbase, false, 1579981691
14, CrazyByDefaut, thanksforkillingyouruserbase, false, 1579981691
14, CrazyByDefaut, thanksforkillingyouruserbase, false, 1579981691
14, CrazyByDefaut, thanksforkillingyouruserbase, false, 1579981691
14, CrazyByDefaut, thanksforkillingyouruserbase, false, 1579981691
14, CrazyByDefaut, thanksforkillingyouruserbase, false, 1579981691
14, CrazyByDefaut, thanksforkillingyouruserbase, false, 1579981692
14, CrazyByDefaut, thanksforkillingyouruserbase, false, 1579981692
14, CrazyByDefaut, thanksforkillingyouruserbase, false, 1579981692
14, CrazyByDefaut, thanksforkillingyouruserbase, false, 1579981692
14, CrazyByDefaut, thanksforkillingyouruserbase, false, 1579981692
14, CrazyByDefaut, thanksforkillingyouruserbase, false, 1579981692
14, CrazyByDefaut, thanksforkillingyouruserbase, false, 1579981692
14, CrazyByDefaut, thanksforkillingyouruserbase, false, 1579981692
14, CrazyByDefaut, thanksforkillingyouruserbase, false, 1579981693
14, CrazyByDefaut, thanksforkillingyouruserbase, false, 1579981693
14, CrazyByDefaut, thanksforkillingyouruserbase, false, 1579981693
14, CrazyByDefaut, thanksforkillingyouruserbase, false, 1579981693
14, CrazyByDefaut, thanksforkillingyouruserbase, false, 1579981693
14, CrazyByDefaut, thanksforkillingyouruserbase, false, 1579981693
14, CrazyByDefaut, thanksforkillingyouruserbase, false, 1579981693
14, CrazyByDefaut, thanksforkillingyouruserbase, false, 1579981693
14, CrazyByDefaut, thanksforkillingyouruserbase, false, 1579981694
14, CrazyByDefaut, thanksforkillingyouruserbase, false, 1579981694
14, CrazyByDefaut, thanksforkillingyouruserbase, false, 1579981694
14, CrazyByDefaut, thanksforkillingyouruserbase, false, 1579981694
14, CrazyByDefaut, thanksforkillingyouruserbase, false, 1579981694
14, CrazyByDefaut, thanksforkillingyouruserbase, false, 1579981694
14, CrazyByDefaut, thanksforkillingyouruserbase, false, 1579981694
14, CrazyByDefaut, thanksforkillingyouruserbase, false, 1579981694
14, CrazyByDefaut, thanksforkillingyouruserbase, false, 1579981694
14, CrazyByDefaut, thanksforkillingyouruserbase, false, 1579981695
14, CrazyByDefaut, thanksforkillingyouruserbase, false, 1579981695
14, CrazyByDefaut, thanksforkillingyouruserbase, false, 1579981695
14, CrazyByDefaut, thanksforkillingyouruserbase, false, 1579981695
14, CrazyByDefaut, thanksforkillingyouruserbase, false, 1579981695
14, CrazyByDefaut, thanksforkillingyouruserbase, false, 1579981695
14, CrazyByDefaut, thanksforkillingyouruserbase, false, 1579981695
14, CrazyByDefaut, thanksforkillingyouruserbase, false, 1579981695
14, CrazyByDefaut, thanksforkillingyouruserbase, false, 1579981696
14, CrazyByDefaut, thanksforkillingyouruserbase, false, 1579981696
14, CrazyByDefaut, thanksforkillingyouruserbase, false, 1579981696
14, CrazyByDefaut, thanksforkillingyouruserbase, false, 1579981696
14, CrazyByDefaut, thanksforkillingyouruserbase, false, 1579981696
14, CrazyByDefaut, thanksforkillingyouruserbase, false, 1579981696
14, CrazyByDefaut, thanksforkillingyouruserbase, false, 1579981696
14, CrazyByDefaut, thanksforkillingyouruserbase, false, 1579981696
14, CrazyByDefaut, thanksforkillingyouruserbase, false, 1579981697
14, CrazyByDefaut, thanksforkillingyouruserbase, false, 1579981697
14, CrazyByDefaut, thanksforkillingyouruserbase, false, 1579981697
14, CrazyByDefaut, thanksforkillingyouruserbase, false, 1579981697
14, MishuAnubis, 27club, false, 1579981719
14, Tanishq2403, mahatamagandhi, false, 1579981721
14, FreezeV2, whitewalker, false, 1579981723
14, Tanishq2403, gandhi, false, 1579981726
14, Tanishq2403, mahatmagandhi, false, 1579981740
14, Tanishq2403, india, false, 1579981796
14, FreezeV2, lordvishnu, false, 1579981838
14, TheDemigod, dearprudence, false, 1579981857
14, TheDemigod, getback, false, 1579981862
14, TheDemigod, blackbird, false, 1579981866
14, Tanishq2403, weareonlyinitforthemoney, false, 1579981992
14, TheDemigod, withinyouwithoutyou, false, 1579981997
14, Tanishq2403, we'reonlyinitforthemoney, false, 1579981999
14, FreezeV2, beatless, false, 1579982264
14, FreezeV2, beat, false, 1579982269
14, FreezeV2, goodnight, false, 1579982276
14, FreezeV2, goodnight, false, 1579982278
14, Tanishq2403, ispaulreallydead, false, 1579982280
14, Tanishq2403, ispaulreallydead?, false, 1579982282
14, GreenEarthEagle, cmyk, false, 1579982284
14, GreenEarthEagle, rgb, false, 1579982294
14, Tanishq2403, love, false, 1579982300
14, Tanishq2403, thewalrus, false, 1579982315
14, FreezeV2, poppy, false, 1579982317
14, Tanishq2403, walrus, false, 1579982318
14, FreezeV2, ironman, false, 1579982350
14, GreenEarthEagle, ringostarr, false, 1579982358
14, GreenEarthEagle, johnlennon, false, 1579982367
14, GreenEarthEagle, paulmccartney, false, 1579982373
14, Tanishq2403, hedie, false, 1579982375
14, CrazyByDefaut, johnlennon, false, 1579982378
14, Tanishq2403, johndie, false, 1579982379
14, Tanishq2403, johndead, false, 1579982383
14, GreenEarthEagle, georgeharrison, false, 1579982385
14, GreenEarthEagle, petebest, false, 1579982391
14, Tanishq2403, pauldead, false, 1579982418
14, Tanishq2403, thewhitealbum, false, 1579982442
14, FreezeV2, tonystark, false, 1579982446
14, Tanishq2403, whitealbum, false, 1579982448
14, Tanishq2403, letitbe, false, 1579982479
14, FreezeV2, robertdowneyjr, false, 1579982491
14, FreezeV2, rdj, false, 1579982500
14, CrazyByDefaut, cmyr, false, 1579982508
14, CrazyByDefaut, cmyk, false, 1579982509
14, FreezeV2, marvel, false, 1579982537
14, vedantsingh1404, marvel, false, 1579982543
14, vedantsingh1404, powerrangers, false, 1579982547
14, vedantsingh1404, fantasticfour, false, 1579982562
14, FreezeV2, merchantofdeath, false, 1579982593
14, CrazyByDefaut, willweevergettolevel28, false, 1579982619
14, CrazyByDefaut, willweevergettolevel28, false, 1579982620
14, CrazyByDefaut, willweevergettolevel28, false, 1579982620
14, CrazyByDefaut, willweevergettolevel28, false, 1579982620
14, CrazyByDefaut, willweevergettolevel28, false, 1579982620
14, CrazyByDefaut, willweevergettolevel28, false, 1579982620
14, CrazyByDefaut, willweevergettolevel28, false, 1579982620
14, CrazyByDefaut, willweevergettolevel28, false, 1579982620
14, CrazyByDefaut, willweevergettolevel28, false, 1579982620
14, CrazyByDefaut, willweevergettolevel28, false, 1579982621
14, CrazyByDefaut, willweevergettolevel28, false, 1579982621
14, CrazyByDefaut, willweevergettolevel28, false, 1579982621
14, CrazyByDefaut, willweevergettolevel28, false, 1579982621
14, CrazyByDefaut, willweevergettolevel28, false, 1579982621
14, CrazyByDefaut, willweevergettolevel28, false, 1579982621
14, CrazyByDefaut, willweevergettolevel28, false, 1579982621
14, CrazyByDefaut, willweevergettolevel28, false, 1579982621
14, CrazyByDefaut, willweevergettolevel28, false, 1579982622
14, CrazyByDefaut, willweevergettolevel28, false, 1579982622
14, CrazyByDefaut, willweevergettolevel28, false, 1579982622
14, CrazyByDefaut, willweevergettolevel28, false, 1579982622
14, CrazyByDefaut, willweevergettolevel28, false, 1579982622
14, CrazyByDefaut, willweevergettolevel28, false, 1579982622
14, CrazyByDefaut, willweevergettolevel28, false, 1579982622
14, CrazyByDefaut, willweevergettolevel28, false, 1579982622
14, CrazyByDefaut, willweevergettolevel28, false, 1579982623
14, CrazyByDefaut, willweevergettolevel28, false, 1579982623
14, CrazyByDefaut, willweevergettolevel28, false, 1579982623
14, CrazyByDefaut, willweevergettolevel28, false, 1579982623
14, CrazyByDefaut, willweevergettolevel28, false, 1579982623
14, CrazyByDefaut, willweevergettolevel28, false, 1579982624
14, CrazyByDefaut, willweevergettolevel28, false, 1579982624
14, CrazyByDefaut, willweevergettolevel28, false, 1579982624
14, CrazyByDefaut, willweevergettolevel28, false, 1579982624
14, CrazyByDefaut, willweevergettolevel28, false, 1579982624
14, CrazyByDefaut, willweevergettolevel28, false, 1579982624
14, CrazyByDefaut, willweevergettolevel28, false, 1579982624
14, CrazyByDefaut, willweevergettolevel28, false, 1579982624
14, CrazyByDefaut, willweevergettolevel28, false, 1579982625
14, CrazyByDefaut, willweevergettolevel28, false, 1579982625
14, CrazyByDefaut, willweevergettolevel28, false, 1579982625
14, CrazyByDefaut, willweevergettolevel28, false, 1579982625
14, CrazyByDefaut, willweevergettolevel28, false, 1579982625
14, CrazyByDefaut, willweevergettolevel28, false, 1579982625
14, CrazyByDefaut, willweevergettolevel28, false, 1579982625
14, CrazyByDefaut, willweevergettolevel28, false, 1579982626
14, CrazyByDefaut, willweevergettolevel28, false, 1579982626
14, CrazyByDefaut, willweevergettolevel28, false, 1579982626
14, CrazyByDefaut, willweevergettolevel28, false, 1579982626
14, CrazyByDefaut, willweevergettolevel28, false, 1579982626
14, CrazyByDefaut, willweevergettolevel28, false, 1579982626
14, CrazyByDefaut, willweevergettolevel28, false, 1579982626
14, CrazyByDefaut, willweevergettolevel28, false, 1579982626
14, CrazyByDefaut, willweevergettolevel28, false, 1579982627
14, CrazyByDefaut, willweevergettolevel28, false, 1579982627
14, CrazyByDefaut, willweevergettolevel28, false, 1579982627
14, CrazyByDefaut, willweevergettolevel28, false, 1579982627
14, CrazyByDefaut, willweevergettolevel28, false, 1579982627
14, CrazyByDefaut, willweevergettolevel28, false, 1579982627
14, CrazyByDefaut, willweevergettolevel28, false, 1579982627
14, CrazyByDefaut, willweevergettolevel28, false, 1579982627
14, CrazyByDefaut, willweevergettolevel28, false, 1579982628
14, CrazyByDefaut, willweevergettolevel28, false, 1579982628
14, CrazyByDefaut, willweevergettolevel28, false, 1579982628
14, CrazyByDefaut, willweevergettolevel28, false, 1579982628
14, CrazyByDefaut, willweevergettolevel28, false, 1579982628
14, CrazyByDefaut, willweevergettolevel28, false, 1579982628
14, CrazyByDefaut, willweevergettolevel28, false, 1579982628
14, CrazyByDefaut, willweevergettolevel28, false, 1579982628
14, CrazyByDefaut, willweevergettolevel28, false, 1579982629
14, CrazyByDefaut, willweevergettolevel28, false, 1579982629
14, CrazyByDefaut, willweevergettolevel28, false, 1579982629
14, CrazyByDefaut, willweevergettolevel28, false, 1579982629
14, CrazyByDefaut, willweevergettolevel28, false, 1579982629
14, CrazyByDefaut, willweevergettolevel28, false, 1579982629
14, CrazyByDefaut, willweevergettolevel28, false, 1579982629
14, CrazyByDefaut, willweevergettolevel28, false, 1579982629
14, CrazyByDefaut, willweevergettolevel28, false, 1579982630
14, CrazyByDefaut, willweevergettolevel28, false, 1579982630
14, CrazyByDefaut, willweevergettolevel28, false, 1579982630
14, CrazyByDefaut, willweevergettolevel28, false, 1579982630
14, CrazyByDefaut, willweevergettolevel28, false, 1579982630
14, CrazyByDefaut, willweevergettolevel28, false, 1579982630
14, CrazyByDefaut, willweevergettolevel28, false, 1579982630
14, CrazyByDefaut, willweevergettolevel28, false, 1579982630
14, CrazyByDefaut, willweevergettolevel28, false, 1579982631
14, CrazyByDefaut, willweevergettolevel28, false, 1579982631
14, CrazyByDefaut, willweevergettolevel28, false, 1579982631
14, CrazyByDefaut, willweevergettolevel28, false, 1579982631
14, CrazyByDefaut, willweevergettolevel28, false, 1579982631
14, CrazyByDefaut, willweevergettolevel28, false, 1579982631
14, CrazyByDefaut, willweevergettolevel28, false, 1579982631
14, CrazyByDefaut, willweevergettolevel28, false, 1579982631
14, CrazyByDefaut, willweevergettolevel28, false, 1579982632
14, CrazyByDefaut, willweevergettolevel28, false, 1579982632
14, CrazyByDefaut, willweevergettolevel28, false, 1579982632
14, CrazyByDefaut, willweevergettolevel28, false, 1579982632
14, CrazyByDefaut, willweevergettolevel28, false, 1579982632
14, CrazyByDefaut, willweevergettolevel28, false, 1579982632
14, CrazyByDefaut, willweevergettolevel28, false, 1579982632
14, CrazyByDefaut, willweevergettolevel28, false, 1579982632
14, CrazyByDefaut, willweevergettolevel28, false, 1579982633
14, CrazyByDefaut, willweevergettolevel28, false, 1579982633
14, CrazyByDefaut, willweevergettolevel28, false, 1579982633
14, CrazyByDefaut, willweevergettolevel28, false, 1579982633
14, CrazyByDefaut, willweevergettolevel28, false, 1579982633
14, CrazyByDefaut, willweevergettolevel28, false, 1579982633
14, CrazyByDefaut, willweevergettolevel28, false, 1579982633
14, CrazyByDefaut, willweevergettolevel28, false, 1579982634
14, CrazyByDefaut, willweevergettolevel28, false, 1579982634
14, CrazyByDefaut, willweevergettolevel28, false, 1579982634
14, CrazyByDefaut, willweevergettolevel28, false, 1579982634
14, CrazyByDefaut, willweevergettolevel28, false, 1579982634
14, CrazyByDefaut, willweevergettolevel28, false, 1579982634
14, CrazyByDefaut, willweevergettolevel28, false, 1579982634
14, CrazyByDefaut, willweevergettolevel28, false, 1579982634
14, CrazyByDefaut, willweevergettolevel28, false, 1579982635
14, CrazyByDefaut, willweevergettolevel28, false, 1579982635
14, CrazyByDefaut, willweevergettolevel28, false, 1579982635
14, CrazyByDefaut, willweevergettolevel28, false, 1579982635
14, CrazyByDefaut, willweevergettolevel28, false, 1579982635
14, CrazyByDefaut, willweevergettolevel28, false, 1579982635
14, CrazyByDefaut, willweevergettolevel28, false, 1579982635
14, CrazyByDefaut, willweevergettolevel28, false, 1579982635
14, CrazyByDefaut, willweevergettolevel28, false, 1579982636
14, CrazyByDefaut, willweevergettolevel28, false, 1579982636
14, CrazyByDefaut, willweevergettolevel28, false, 1579982636
14, CrazyByDefaut, willweevergettolevel28, false, 1579982636
14, CrazyByDefaut, willweevergettolevel28, false, 1579982636
14, CrazyByDefaut, willweevergettolevel28, false, 1579982636
14, CrazyByDefaut, willweevergettolevel28, false, 1579982636
14, CrazyByDefaut, willweevergettolevel28, false, 1579982636
14, CrazyByDefaut, willweevergettolevel28, false, 1579982637
14, CrazyByDefaut, willweevergettolevel28, false, 1579982637
14, CrazyByDefaut, willweevergettolevel28, false, 1579982637
14, CrazyByDefaut, willweevergettolevel28, false, 1579982637
14, CrazyByDefaut, willweevergettolevel28, false, 1579982637
14, CrazyByDefaut, willweevergettolevel28, false, 1579982637
14, CrazyByDefaut, willweevergettolevel28, false, 1579982637
14, CrazyByDefaut, willweevergettolevel28, false, 1579982637
14, CrazyByDefaut, willweevergettolevel28, false, 1579982638
14, CrazyByDefaut, willweevergettolevel28, false, 1579982638
14, CrazyByDefaut, willweevergettolevel28, false, 1579982638
14, CrazyByDefaut, willweevergettolevel28, false, 1579982638
14, CrazyByDefaut, willweevergettolevel28, false, 1579982638
14, CrazyByDefaut, willweevergettolevel28, false, 1579982638
14, CrazyByDefaut, willweevergettolevel28, false, 1579982638
14, CrazyByDefaut, willweevergettolevel28, false, 1579982638
14, CrazyByDefaut, willweevergettolevel28, false, 1579982639
14, CrazyByDefaut, willweevergettolevel28, false, 1579982639
14, CrazyByDefaut, willweevergettolevel28, false, 1579982639
14, CrazyByDefaut, willweevergettolevel28, false, 1579982639
14, CrazyByDefaut, willweevergettolevel28, false, 1579982639
14, CrazyByDefaut, willweevergettolevel28, false, 1579982639
14, CrazyByDefaut, willweevergettolevel28, false, 1579982639
14, CrazyByDefaut, willweevergettolevel28, false, 1579982639
14, CrazyByDefaut, willweevergettolevel28, false, 1579982640
14, CrazyByDefaut, willweevergettolevel28, false, 1579982640
14, CrazyByDefaut, willweevergettolevel28, false, 1579982640
14, CrazyByDefaut, willweevergettolevel28, false, 1579982640
14, CrazyByDefaut, willweevergettolevel28, false, 1579982640
14, CrazyByDefaut, willweevergettolevel28, false, 1579982640
14, CrazyByDefaut, willweevergettolevel28, false, 1579982640
14, CrazyByDefaut, willweevergettolevel28, false, 1579982640
14, CrazyByDefaut, willweevergettolevel28, false, 1579982641
14, CrazyByDefaut, willweevergettolevel28, false, 1579982641
14, CrazyByDefaut, willweevergettolevel28, false, 1579982641
14, CrazyByDefaut, willweevergettolevel28, false, 1579982641
14, CrazyByDefaut, willweevergettolevel28, false, 1579982641
14, CrazyByDefaut, willweevergettolevel28, false, 1579982641
14, CrazyByDefaut, willweevergettolevel28, false, 1579982641
14, CrazyByDefaut, willweevergettolevel28, false, 1579982642
14, CrazyByDefaut, willweevergettolevel28, false, 1579982642
14, CrazyByDefaut, willweevergettolevel28, false, 1579982642
14, CrazyByDefaut, willweevergettolevel28, false, 1579982642
14, CrazyByDefaut, willweevergettolevel28, false, 1579982642
14, CrazyByDefaut, willweevergettolevel28, false, 1579982642
14, CrazyByDefaut, willweevergettolevel28, false, 1579982642
14, CrazyByDefaut, willweevergettolevel28, false, 1579982642
14, CrazyByDefaut, willweevergettolevel28, false, 1579982643
14, CrazyByDefaut, willweevergettolevel28, false, 1579982643
14, CrazyByDefaut, willweevergettolevel28, false, 1579982643
14, CrazyByDefaut, willweevergettolevel28, false, 1579982643
14, CrazyByDefaut, willweevergettolevel28, false, 1579982643
14, CrazyByDefaut, willweevergettolevel28, false, 1579982643
14, CrazyByDefaut, willweevergettolevel28, false, 1579982643
14, CrazyByDefaut, willweevergettolevel28, false, 1579982643
14, GreenEarthEagle, , false, 1579982657
14, GreenEarthEagle, ghoti, false, 1579982662
14, FreezeV2, virginia, false, 1579982666
14, CrazyByDefaut, ghoti, false, 1579982674
14, CrazyByDefaut, fish, false, 1579982679
14, CrazyByDefaut, , false, 1579982681
14, Kamikaze, , false, 1579982707
14, Tanishq2403, mountrushmore, false, 1579982711
14, MishuAnubis, love, false, 1579982734
14, MishuAnubis, elonmusk, false, 1579982741
14, MishuAnubis, tesla, false, 1579982745
14, vedantsingh1404, love, false, 1579982751
14, MishuAnubis, ironman, false, 1579982751
14, MishuAnubis, tonystark, false, 1579982756
14, MishuAnubis, thanos, false, 1579982762
14, MishuAnubis, nobel, false, 1579982774
14, MishuAnubis, nobelprize, false, 1579982779
14, MishuAnubis, alfrednobel, false, 1579982786
14, Hopeless_Case, abbeyroad, false, 1579982808
14, ysh_suvarna, ad, false, 1579982876
14, ysh_suvarna, ad, false, 1579982886
14, ysh_suvarna, ansd, false, 1579982918
14, FreezeV2, four, false, 1579982945
14, Tanishq2403, allmusicisinvisible, false, 1579982955
14, FreezeV2, thefour, false, 1579982968
14, aaabattery, wonderyears, false, 1579983016
14, aaabattery, revolver, false, 1579983035
14, FreezeV2, pound, false, 1579983054
14, FreezeV2, fantastic, false, 1579983064
14, Hopeless_Case, sgtpepperslonelyheartclub, false, 1579983092
14, FreezeV2, fabfour, false, 1579983095
14, FreezeV2, fabfour, false, 1579983096
14, FreezeV2, fabfour, false, 1579983102
14, FreezeV2, thefabfour, false, 1579983106
14, FreezeV2, thefabfour, false, 1579983107
14, MishuAnubis, badge, false, 1579983142
14, ysh_suvarna, ansd, false, 1579983225
14, ysh_suvarna, ansd, false, 1579983240
14, ysh_suvarna, ansd, false, 1579983242
14, ysh_suvarna, ansd, false, 1579983242
14, ysh_suvarna, ansd, false, 1579983244
14, ysh_suvarna, ansd, false, 1579983244
14, ysh_suvarna, ansd, false, 1579983247
14, ysh_suvarna, ansd, false, 1579983247
14, ysh_suvarna, ansd, false, 1579983249
14, ysh_suvarna, ansd, false, 1579983249
14, ronnie_36, hexeditor, false, 1579983298
14, Tanishq2403, mandelaeffect, false, 1579983362
14, Tanishq2403, mandela, false, 1579983367
14, Tanishq2403, themandelaeffect, false, 1579983377
14, FreezeV2, whitealbum, false, 1579983516
14, FreezeV2, thewhitealbum, false, 1579983524
14, FreezeV2, revolver, false, 1579983785
14, GreenEarthEagle, paulisdead, false, 1579984117
14, Radicalidol, twentythree, false, 1579984179
14, GreenEarthEagle, successpoints, false, 1579984259
14, GreenEarthEagle, greenday, false, 1579984317
14, GreenEarthEagle, correctanswer, false, 1579984322
14, CrazyByDefaut, , false, 1579984489
14, CrazyByDefaut, , false, 1579984490
14, CrazyByDefaut, , false, 1579984491
14, CrazyByDefaut, , false, 1579984496
14, CrazyByDefaut, , false, 1579984694
14, CrazyByDefaut, , false, 1579984870
14, CrazyByDefaut, , false, 1579984885
14, CrazyByDefaut, , false, 1579984903
14, CrazyByDefaut, , false, 1579984907
14, GreenEarthEagle, selvaraj, false, 1579984918
14, GreenEarthEagle, greeneartheagle, false, 1579984924
14, ysh_suvarna, jhb, false, 1579984959
14, ysh_suvarna, twentythree, false, 1579985130
14, ysh_suvarna, , false, 1579985133
14, ysh_suvarna, 259, false, 1579985219
14, ysh_suvarna, twohunderendandfiftynine, false, 1579985231
14, ysh_suvarna, twohunderendandfiftynine, false, 1579985232
14, ysh_suvarna, twohunderedandfiftynine, false, 1579985250
14, TheDemigod, fuckyou, false, 1579985282
14, MishuAnubis, answer, false, 1579985348
14, CrazyByDefaut, lahiri, false, 1579985756
14, CrazyByDefaut, lahirimahasaya, false, 1579985758
14, GreenEarthEagle, sriyukteswargiri, false, 1579985766
14, GreenEarthEagle, vivekananda, false, 1579985847
14, GreenEarthEagle, india, false, 1579985936
14, Kamikaze, india, false, 1579985949
14, Kamikaze, guru, false, 1579985954
14, Kamikaze, guru, false, 1579986035
14, Kamikaze, 3142, false, 1579986048
14, GreenEarthEagle, pi, false, 1579986051
14, CrazyByDefaut, pi, false, 1579986052
14, Kamikaze, pi, false, 1579986053
14, Kamikaze, 3412, false, 1579986056
14, Kamikaze, 3214, false, 1579986060
14, GreenEarthEagle, guru, false, 1579986073
14, GreenEarthEagle, kriyayoga, true, 1579986094
14, CrazyByDefaut, kriayoga, false, 1579986099
14, Kamikaze, kriyayoga, true, 1579986100
14, CrazyByDefaut, kriyayoga, true, 1579986105
14, TheDemigod, fuckyou, false, 1579986146
14, TheDemigod, fuckyou, false, 1579986146
14, TheDemigod, fuckyou, false, 1579986147
14, FreezeV2, mahavatarababaji, false, 1579986263
14, FreezeV2, srimahavatarababaji, false, 1579986273
14, FreezeV2, babaji, false, 1579986286
14, FreezeV2, mahavatara, false, 1579986293
14, TheDemigod, sriparamahamsayogananda, false, 1579986348
14, MishuAnubis, kriayoga, false, 1579986359
14, FreezeV2, mahasaya, false, 1579986363
14, FreezeV2, lahirimahasaya, false, 1579986371
14, MishuAnubis, kriyayoga, true, 1579986372
14, TheDemigod, sriparamahansayogananda, false, 1579986374
14, FreezeV2, lahiri, false, 1579986377
14, TheDemigod, paramahansayogananda, false, 1579986380
14, TheDemigod, yogananda, false, 1579986383
14, iBlyatiful, kriyayoga, true, 1579986418
14, FreezeV2, srilahirimahasaya, false, 1579986458
14, TheDemigod, mukundalalghosh, false, 1579986460
14, FreezeV2, lahirimahasaya, false, 1579986465
14, ronnie_36, kriyayoga, true, 1579986469
14, FreezeV2, kriyayoga, true, 1579986497
14, geraltofrivia, kriyayoga, true, 1579986525
14, aaabattery, kriyayoga, true, 1579986535
14, architojha2001, kriyayoga, true, 1579986593
14, TheDemigod, yogi, false, 1579986630
14, Radicalidol, kriyayoga, true, 1579986645
14, TheDemigod, maharashimaheshyogi, false, 1579986655
14, TheDemigod, swamivivekananda, false, 1579986664
14, TheDemigod, shiva, false, 1579986814
14, TheDemigod, maheshwara, false, 1579986821
14, TheDemigod, mahavatarbabaji, false, 1579986830
14, TheDemigod, teachers, false, 1579986889
14, TheDemigod, teacher, false, 1579986891
14, TheDemigod, disciple, false, 1579986894
14, TheDemigod, disciples, false, 1579986895
14, TheDemigod, kriya, false, 1579986930
14, TheDemigod, kriyayoga, true, 1579986933
14, tjkartha, bompy, false, 1579987674
14, tjkartha, hexagon, false, 1579987684
14, tjkartha, beatles, false, 1579987694
14, tjkartha, rishikesh, false, 1579987703
14, tjkartha, yogi, false, 1579987721
14, tjkartha, yoga, false, 1579987724
14, tjkartha, kriyayoga, true, 1579987732
14, anand._.10, kriyayoga, true, 1579992863
14, vedantsingh1404, kriys, false, 1579996441
14, vedantsingh1404, kriyayogs, false, 1579996444
14, vedantsingh1404, kriyayoga, true, 1579996445
14, tushartiwariofficial, kriyayoga, true, 1579997699
14, SolveyMcSolveface, kriyayoga, true, 1579999578
14, ysh_suvarna, kriyayoga, true, 1580001817
14, vivekbhushan, kriyayoga, true, 1580002780
14, pasta4lyf, kriyayoga, true, 1580004364
14, bhanushali, kriyayoga, true, 1580005471
14, Whazza42, Kriyayoga, false, 1580006880
14, Whazza42, kriyayoga, true, 1580006887
14, aakshata, kkriyayoga, false, 1580006961
14, aakshata, kriyayoga, true, 1580006972
14, ee190002068, kriyayoga, true, 1580007966
14, ayamrage, kriyayoga, true, 1580012934
14, flitwick, pacman, false, 1580013536
14, flitwick, kriyayoga, true, 1580013621
14, Tanishq2403, kriyayoga, true, 1580014317
14, hazy.......007, kriyayoga, true, 1580015338
14, LordFaramir, kriyayoga, true, 1580015378
14, Elephantsfoot, india, false, 1580015450
14, Elephantsfoot, vivekananda, false, 1580015469
14, Elephantsfoot, swamivivekananda, false, 1580015675
14, Elephantsfoot, patanjali, false, 1580015907
14, Elephantsfoot, yoga, false, 1580015991
14, Elephantsfoot, kriyayoga, true, 1580016103
14, Brokeigma, kriyayoga, true, 1580016452
14, omaewamoushindeiru, kriyayoga, true, 1580016953
14, modulated_pikachu, Kriyayoga, false, 1580017943
14, modulated_pikachu, kriyayoga, true, 1580017950
14, XamgineX, God, false, 1580019057
14, XamgineX, God, false, 1580019059
14, XamgineX, god, false, 1580019066
14, XamgineX, god, false, 1580019068
14, XamgineX, god, false, 1580019070
14, XamgineX, god, false, 1580019071
14, XamgineX, Krishna, false, 1580019080
14, XamgineX, Krishna, false, 1580019083
14, XamgineX, krishna, false, 1580019098
14, XamgineX, krishna, false, 1580019101
14, E_power_i_pi, grim, false, 1580019821
14, E_power_i_pi, grim, false, 1580019821
14, Uniraider, peace, false, 1580020396
14, Uniraider, thefinalvinyl, false, 1580020536
14, Uniraider, pinkfloyd, false, 1580020616
14, hai12345678, mahatmagandhi, false, 1580020779
14, hai12345678, hitler, false, 1580020809
14, hai12345678, adolfhitler, false, 1580020826
14, Uniraider, thefinalvinyl, false, 1580020854
14, Uniraider, beatles, false, 1580021075
14, Uniraider, sgtpeppers, false, 1580021420
14, Uniraider, peppers, false, 1580021425
14, Uniraider, seargentpeppers, false, 1580021430
14, Uniraider, sargentpeppers, false, 1580021445
14, Uniraider, sargentpepper's, false, 1580021477
14, Uniraider, sgt.pepper's, false, 1580021483
14, Uniraider, lonelyheartsclubband, false, 1580021494
14, Uniraider, lonelyheartsclub, false, 1580021496
14, Uniraider, lonelyheartsclub, false, 1580021501
14, Uniraider, lonelyheartsclubband, false, 1580021503
14, Uniraider, yellow submarine, false, 1580021533
14, Uniraider, yellowsubmarine, false, 1580021763
14, hai12345678, gandhi, false, 1580021952
14, hai12345678, gandhi, false, 1580021962
14, hai12345678, gandhi, false, 1580021967
14, hai12345678, mohandasgandhi, false, 1580021986
14, hai12345678, india, false, 1580022644
14, hai12345678, india, false, 1580022645
14, hai12345678, india, false, 1580022646
14, hai12345678, yoga, false, 1580022782
14, Uniraider, disciples, false, 1580022834
14, Uniraider, georgeharrison, false, 1580022996
14, Uniraider, ravi, false, 1580023028
14, Uniraider, ravisitar, false, 1580023031
14, Uniraider, sitar, false, 1580023034
14, Uniraider, meaningoflife, false, 1580023079
14, Uniraider, kriyayoga, true, 1580023114
14, hai12345678, kriyayoga, true, 1580023204
14, Hellblazer100, kritiyuga, false, 1580025816
14, Hellblazer100, krkriyayuga, false, 1580025846
14, Hellblazer100, kriyayuga, false, 1580025852
14, Hellblazer100, kriyayoga, true, 1580025874
14, Phoenix22, jews, false, 1580026588
14, Phoenix22, jewish, false, 1580026591
14, Phoenix22, hanukkah, false, 1580026601
14, Phoenix22, barmitzvah, false, 1580026611
14, Phoenix22, nobrl, false, 1580026991
14, Phoenix22, nobel, false, 1580026994
14, Phoenix22, nobelprize, false, 1580026997
14, Phoenix22, nobelprize, false, 1580026999
14, Vp27101999, kripayoga, false, 1580027165
14, Vp27101999, kripayoga, false, 1580027181
14, Vp27101999, kriyayoga, true, 1580027188
14, blank123, f00, false, 1580028255
14, blank123, lennon, false, 1580028700
14, blank123, lennon, false, 1580028702
14, blank123, lennon, false, 1580028703
14, blank123, lennon, false, 1580028707
14, blank123, johnlennon, false, 1580028714
14, blank123, johnlennon, false, 1580028715
14, blank123, doctordream, false, 1580029428
14, TipTopGauntlet, montreal, false, 1580029464
14, TipTopGauntlet, givepeaceachance, false, 1580029474
14, blank123, johnlennon, false, 1580029582
14, blank123, lennon, false, 1580029587
14, blank123, john, false, 1580029591
14, blank123, givepeaceachance, false, 1580029599
14, TipTopGauntlet, white, false, 1580029727
14, TipTopGauntlet, diaeresis, false, 1580029937
14, Phoenix22, pepper, false, 1580030232
14, Phoenix22, pepper, false, 1580030233
14, Phoenix22, emi, false, 1580030327
14, blank123, ffffff, false, 1580030345
14, blank123, ffffff, false, 1580030346
14, arthurpendragon, kriyayoga, true, 1580030446
14, Phoenix22, alterego, false, 1580030456
14, Phoenix22, lonely, false, 1580030468
14, blank123, colors, false, 1580030883
14, blank123, colours, false, 1580030890
14, blank123, yellowsubmarine, false, 1580030968
14, blank123, yellowsubmarine, false, 1580030969
14, blank123, submarine, false, 1580030985
14, blank123, submarine, false, 1580030985
14, blank123, paulmccartney, false, 1580031203
14, blank123, mccartney, false, 1580031206
14, blank123, mccartney, false, 1580031207
14, mr_rogers, fortynine, false, 1580031838
14, TERABAAP, alexanderschram, false, 1580031842
14, TERABAAP, beatles, false, 1580031874
14, TERABAAP, vandyenelson, false, 1580032130
14, TERABAAP, thebeatles, false, 1580032149
14, TERABAAP, eight, false, 1580032157
14, TERABAAP, eighty, false, 1580032159
14, TERABAAP, within, false, 1580032329
14, TERABAAP, withinyou, false, 1580032330
14, TERABAAP, withinyouwithout, false, 1580032333
14, TERABAAP, withinyouwithoutyou, false, 1580032335
14, TERABAAP, gettingbetter, false, 1580032351
14, TERABAAP, fixingahole, false, 1580032365
14, TERABAAP, sixtyfour, false, 1580032375
14, TERABAAP, lovely, false, 1580032387
14, TERABAAP, lovelyrita, false, 1580032389
14, TERABAAP, lovelyrita, false, 1580032390
14, TERABAAP, lovelyrita, false, 1580032390
14, TERABAAP, lovelyrita, false, 1580032390
14, TERABAAP, lovelyrita, false, 1580032390
14, TERABAAP, lovelyrita, false, 1580032390
14, Trollface, peace, false, 1580032684
14, Trollface, peace, false, 1580032687
14, Trollface, peace, false, 1580032692
14, TERABAAP, billboard, false, 1580033401
14, TERABAAP, amazon, false, 1580033404
14, TERABAAP, sriyukteshwargiri, false, 1580033631
14, TERABAAP, sriyukteswargiri, false, 1580033646
14, Doomsday37, ringostarrr, false, 1580033725
14, Doomsday37, ringostarr, false, 1580033726
14, Doomsday37, pepper, false, 1580033928
14, Doomsday37, peppers, false, 1580033929
14, Doomsday37, lakshmi, false, 1580034162
14, abcdefghi, kriyayoga, true, 1580034171
14, TERABAAP, triplethreat, false, 1580034266
14, TERABAAP, laxmi, false, 1580034340
14, TERABAAP, Pepper', false, 1580034426
14, TERABAAP, Pepper, false, 1580034427
14, TERABAAP, pepper, false, 1580034431
14, TERABAAP, pepperalbum, false, 1580034435
14, TERABAAP, mahatmagandhi, false, 1580034458
14, Doomsday37, paramahansa, false, 1580034472
14, TERABAAP, mohandaskaramchandgandhi, false, 1580034474
14, TERABAAP, bapu, false, 1580034483
14, Doomsday37, kriyayoga, true, 1580034566
14, TERABAAP, kriyayoga, true, 1580034595
14, lokeshagarwal149@gmail.com, fortynine, false, 1580034872
14, frozenloser, beatles, false, 1580035096
14, cyclonite, hindi, false, 1580035119
14, cyclonite, hindu, false, 1580035121
14, cyclonite, hindu, false, 1580035122
14, cyclonite, hinduguru, false, 1580035124
14, cyclonite, guru, false, 1580035127
14, cyclonite, maharishimaheshyogi, false, 1580035230
14, cyclonite, yogi, false, 1580035260
14, cyclonite, maharishiyogi, false, 1580035265
14, cyclonite, sadhguru, false, 1580035304
14, cyclonite, ravishankar, false, 1580035396
14, Y2KInventedMe, davincicode, false, 1580035419
14, Y2KInventedMe, vincicode, false, 1580035422
14, Y2KInventedMe, davince, false, 1580035426
14, Y2KInventedMe, davinci, false, 1580035427
14, cyclonite, kriyayoga, true, 1580035763
14, frozenloser, paul, false, 1580035947
14, frozenloser, paulmccartney, false, 1580035950
14, Y2KInventedMe, backmasking, false, 1580035987
14, frozenloser, yogi, false, 1580036167
14, frozenloser, yoga, false, 1580036169
14, whybother, fabfour, false, 1580036245
14, frozenloser, kriyayogi, false, 1580036275
14, frozenloser, kriya, false, 1580036277
14, Y2KInventedMe, yogi, false, 1580036294
14, Y2KInventedMe, kriya, false, 1580036301
14, Y2KInventedMe, kriyayogi, false, 1580036303
14, frozenloser, moksha, false, 1580036316
14, frozenloser, moksha, false, 1580036317
14, frozenloser, disciples, false, 1580036394
14, frozenloser, india, false, 1580036397
14, frozenloser, yogi, false, 1580036400
14, frozenloser, guru, false, 1580036403
14, baap_square, kriya, false, 1580036414
14, baap_square, kriyayoga, true, 1580036418
14, frozenloser, american, false, 1580036475
14, frozenloser, indian philosophy, false, 1580036532
14, frozenloser, nagaraj, false, 1580036688
14, Y2KInventedMe, paulisdeas, false, 1580036730
14, Y2KInventedMe, paulisdead, false, 1580036732
14, Y2KInventedMe, innergrove, false, 1580036739
14, frozenloser, twentysevenfiftyoneonethirtythree, false, 1580036859
14, frozenloser, twosevenfiveoneonethreethree, false, 1580036869
14, whybother, lonelyhearts, false, 1580036995
14, Y2KInventedMe, innergrove, false, 1580037013
14, whybother, stpepporslonelyheartsclubband, false, 1580037024
14, priorysion, guitar, false, 1580037046
14, priorysion, nine, false, 1580037063
14, priorysion, ninetreasures, false, 1580037068
14, priorysion, prismaticdreams, false, 1580037163
14, priorysion, prismatic, false, 1580037167
14, priorysion, elan, false, 1580037170
14, priorysion, 2018, false, 1580037175
14, priorysion, 2019, false, 1580037179
14, priorysion, treasure13, false, 1580037266
14, priorysion, davincicode, false, 1580037314
14, priorysion, danbrown, false, 1580037320
14, priorysion, o, false, 1580037354
14, priorysion, davinci, false, 1580037381
14, priorysion, leonardodavinci, false, 1580037388
14, priorysion, holygrail, false, 1580037398
14, priorysion, theholygrail, false, 1580037402
14, priorysion, delouvre, false, 1580037416
14, priorysion, louvre, false, 1580037446
14, priorysion, invertedpyramid, false, 1580037455
14, priorysion, pyramid, false, 1580037459
14, priorysion, marymagdalene, false, 1580037471
14, priorysion, monalisa, false, 1580037496
14, priorysion, johnlennon, false, 1580037504
14, photatoo, gettingbetter, false, 1580037551
14, photatoo, fixingahol, false, 1580037559
14, photatoo, fixingahole, false, 1580037560
14, priorysion, demons, false, 1580037626
14, priorysion, angelsanddemons, false, 1580037634
14, priorysion, lemon, false, 1580037651
14, frozenloser, god, false, 1580037661
14, frozenloser, paramahamsa, false, 1580037695
14, frozenloser, paramahansa, false, 1580037704
14, frozenloser, param, false, 1580037709
14, frozenloser, paramavatara, false, 1580037711
14, frozenloser, paramavatar, false, 1580037711
14, frozenloser, paramavata, false, 1580037712
14, frozenloser, paramavat, false, 1580037713
14, frozenloser, paramava, false, 1580037713
14, frozenloser, paramav, false, 1580037713
14, frozenloser, parama, false, 1580037714
14, frozenloser, param, false, 1580037714
14, frozenloser, para, false, 1580037714
14, frozenloser, par, false, 1580037715
14, frozenloser, pa, false, 1580037715
14, frozenloser, p, false, 1580037716
14, frozenloser, , false, 1580037716
14, frozenloser, himalaya, false, 1580037718
14, frozenloser, shiva, false, 1580037720
14, frozenloser, hindu, false, 1580037723
14, frozenloser, hindu, false, 1580037723
14, frozenloser, india, false, 1580037725
14, photatoo, band, false, 1580037896
14, priorysion, goodmorninggoodmorning, false, 1580037920
14, priorysion, goodmorning, false, 1580037924
14, priorysion, ffff, false, 1580037927
14, frozenloser, kriyayoga, true, 1580037953
14, photatoo, lovelyrita, false, 1580037961
14, photatoo, adayinthelife, false, 1580037970
14, priorysion, ffff00, false, 1580037982
14, photatoo, withalittlehelpfrommyfriends, false, 1580038007
14, CursedApple, kriyayoga, true, 1580038011
14, priorysion, givepeaceachance, false, 1580038038
14, priorysion, markdavidchapman, false, 1580038068
14, lokeshagarwal149@gmail.com, kriyayoga, true, 1580038098
14, priorysion, eleanorrigby, false, 1580038103
14, priorysion, ffff00, false, 1580038152
14, priorysion, 3ffff00, false, 1580038188
14, priorysion, paulmccartney, false, 1580038252
14, priorysion, sgtpeppers, false, 1580038258
14, priorysion, lucy, false, 1580038418
14, priorysion, lucyinthesky, false, 1580038428
14, maverick_729, sriaurobindo, false, 1580038535
14, maverick_729, sriaurobindo, false, 1580038536
14, maverick_729, sriaurobindo, false, 1580038537
14, priorysion, john, false, 1580038594
14, priorysion, ringopaulgeorge, false, 1580038708
14, Y2KInventedMe, kriyayoga, true, 1580038726
14, maverick_729, eyeyoga, false, 1580038759
14, Azwraith, allister, false, 1580038815
14, Azwraith, lenny, false, 1580038829
14, priorysion, ffff00ffc0cbff0000ffa500, false, 1580038830
14, Azwraith, answer, false, 1580038838
14, Azwraith, answer, false, 1580038839
14, priorysion, ffff00ffc0cbff0000ffa500, false, 1580038986
14, dmachine7, etsy, false, 1580039096
14, photatoo, apple, false, 1580039123
14, dmachine7, laxmi, false, 1580039159
14, dmachine7, laxmiyoga, false, 1580039162
14, maverick_729, hindu, false, 1580039236
14, maverick_729, transcendentalmeditation, false, 1580039304
14, photatoo, map, false, 1580039305
14, dmachine7, artofliving, false, 1580039307
14, maverick_729, meditation, false, 1580039310
14, maverick_729, meditation, false, 1580039311
14, maverick_729, transcendental, false, 1580039315
14, photatoo, abbeyroad, false, 1580039389
14, photatoo, london, false, 1580039392
14, maverick_729, tm, false, 1580039404
14, maverick_729, tm, false, 1580039404
14, priorysion, 2552550, false, 1580039405
14, maverick_729, maharshimaheshyogi, false, 1580039450
14, maverick_729, buddhism, false, 1580039472
14, maverick_729, buddhist, false, 1580039477
14, maverick_729, buddha, false, 1580039482
14, maverick_729, buddha, false, 1580039483
14, maverick_729, buddha, false, 1580039483
14, maverick_729, buddha, false, 1580039483
14, dmachine7, bombay, false, 1580039499
14, priorysion, ffff00ffc0cb0000ffffa500, false, 1580039512
14, photatoo, sanfrancisco, false, 1580039516
14, yash_odhan, lonely, false, 1580039518
14, yash_odhan, lonelyhearts, false, 1580039522
14, priorysion, ffff00ffc0cb0000ffff0000, false, 1580039537
14, photatoo, candlestickpark, false, 1580039547
14, maverick_729, yoganidra, false, 1580039552
14, maverick_729, rishikesh, false, 1580039583
14, yash_odhan, Sivananda, false, 1580039633
14, yash_odhan, Sivanandayoga, false, 1580039638
14, yash_odhan, easternphilosophy, false, 1580039679
14, yash_odhan, westernphilosophy, false, 1580039689
14, yash_odhan, westphilosophy, false, 1580039695
14, maverick_729, transcendentalconciousness, false, 1580039798
14, dmachine7, sriparamahansayogananda, false, 1580039855
14, dmachine7, sriparamahansayogananda, false, 1580039856
14, dmachine7, paramahansayogananda, false, 1580039862
14, priorysion, meditation, false, 1580040102
14, dmachine7, kriyayoga, true, 1580040105
14, priorysion, peace, false, 1580040106
14, priorysion, peaceofmind, false, 1580040110
14, maverick_729, transcendentalconciousness, false, 1580040120
14, maverick_729, transcendentalmeditation, false, 1580040140
14, ABCD1234, ffff, false, 1580040167
14, priorysion, transcendentalmeditation, false, 1580040167
14, priorysion, indian, false, 1580040171
14, photatoo, rishikesh, false, 1580040173
14, maverick_729, buddha, false, 1580040189
14, photatoo, transcendentalmeditation, false, 1580040192
14, photatoo, maharishimaheshyogi, false, 1580040211
14, SneakyGrease, kriyayoga, true, 1580040227
14, priorysion, transcendentalmeditation, false, 1580040241
14, priorysion, transcendentaldeepmeditation, false, 1580040250
14, priorysion, deepmeditation, false, 1580040254
14, ABCD1234, yellow, false, 1580040297
14, ABCD1234, elan, false, 1580040302
14, ABCD1234, prismatic, false, 1580040306
14, priorysion, transcendentalmeditation, false, 1580040335
14, priorysion, worldpeace, false, 1580040370
14, photatoo, chaurasikutia, false, 1580040389
14, photatoo, beatlesashram, false, 1580040398
14, Manjot1151, bonpy, false, 1580040479
14, Manjot1151, bonpyhearts, false, 1580040480
14, Manjot1151, sketchfab, false, 1580040496
14, ABCD1234, transcendental, false, 1580040515
14, ABCD1234, mahesh, false, 1580040557
14, photatoo, magicalmysterytour, false, 1580040560
14, ABCD1234, maheshyogi, false, 1580040561
14, photatoo, fabfour, false, 1580040588
14, Manjot1151, christian, false, 1580040616
14, photatoo, naturallawparty, false, 1580040644
14, ABCD1234, maharshimaheshyogi, false, 1580040678
14, ABCD1234, meditation, false, 1580040685
14, MrSplashMan, scaravelli, false, 1580040737
14, MrSplashMan, vandascaravelli, false, 1580040758
14, Hopeless_Case, transcendentalmeditation, false, 1580040805
14, Hopeless_Case, maheshyogi, false, 1580040825
14, photatoo, yama, false, 1580040830
14, Hopeless_Case, maharishimaheshyogi, false, 1580040839
14, photatoo, niyama, false, 1580040842
14, photatoo, asana, false, 1580040851
14, photatoo, aasana, false, 1580040853
14, Hopeless_Case, artofliving, false, 1580040859
14, photatoo, pranayama, false, 1580040862
14, photatoo, pratyahara, false, 1580040874
14, photatoo, dharana, false, 1580040887
14, cookie_pie, pepper, false, 1580040892
14, ABCD1234, wisdom, false, 1580040901
14, maverick_729, patanjali, false, 1580040905
14, photatoo, dhyana, false, 1580040905
14, cookie_pie, sgtpepper, false, 1580040906
14, maverick_729, patanjali, false, 1580040907
14, photatoo, samadhi, false, 1580040915
14, maverick_729, patanjali, false, 1580040930
14, maverick_729, indradevi, false, 1580040935
14, ABCD1234, plexus, false, 1580040938
14, ABCD1234, solarplexux, false, 1580040944
14, ABCD1234, solarplexus, false, 1580040945
14, MrSplashMan, brahma, false, 1580040955
14, Trollface, sivadanda, false, 1580040962
14, ABCD1234, third, false, 1580040970
14, Trollface, transcendental, false, 1580040982
14, Trollface, transcendentalmeditation, false, 1580040994
14, proton25, beetles, false, 1580041021
14, maverick_729, niyama, false, 1580041086
14, maverick_729, niyama, false, 1580041088
14, yash_odhan, 49, false, 1580041119
14, yash_odhan, fortynine, false, 1580041136
14, yash_odhan, forty nine, false, 1580041140
14, yash_odhan, fortynine, false, 1580041146
14, ABCD1234, charuts, false, 1580041148
14, ABCD1234, charuts, false, 1580041151
14, maverick_729, rajayoga, false, 1580041152
14, yash_odhan, fortynine, false, 1580041155
14, MrSplashMan, transcendentalmeditation, false, 1580041158
14, maverick_729, raja, false, 1580041159
14, photatoo, hindu, false, 1580041164
14, photatoo, hindu, false, 1580041164
14, yash_odhan, fortynine, false, 1580041171
14, ABCD1234, tsahob, false, 1580041172
14, yash_odhan, fortynine, false, 1580041173
14, yash_odhan, fortynine, false, 1580041173
14, yash_odhan, forutynine, false, 1580041177
14, yash_odhan, fourtynine, false, 1580041192
14, yash_odhan, fortynine, false, 1580041211
14, yash_odhan, deathlyhallows, false, 1580041230
14, maverick_729, sabda, false, 1580041238
14, photatoo, buddhism, false, 1580041239
14, yash_odhan, deathlyhallows, false, 1580041239
14, maverick_729, anumana, false, 1580041255
14, maverick_729, anumana, false, 1580041262
14, maverick_729, anumana, false, 1580041269
14, maverick_729, anumana, false, 1580041269
14, maverick_729, anumana, false, 1580041269
14, maverick_729, anumana, false, 1580041269
14, maverick_729, anumana, false, 1580041269
14, maverick_729, anumana, false, 1580041270
14, maverick_729, anumana, false, 1580041270
14, maverick_729, anumana, false, 1580041271
14, maverick_729, anumana, false, 1580041271
14, maverick_729, anumana, false, 1580041271
14, maverick_729, anumana, false, 1580041271
14, maverick_729, anumana, false, 1580041272
14, maverick_729, anumana, false, 1580041272
14, maverick_729, anumana, false, 1580041272
14, maverick_729, anumana, false, 1580041272
14, maverick_729, anumana, false, 1580041272
14, maverick_729, anumana, false, 1580041272
14, maverick_729, anumana, false, 1580041272
14, maverick_729, anumana, false, 1580041273
14, maverick_729, anumana, false, 1580041273
14, maverick_729, anumana, false, 1580041273
14, maverick_729, anumana, false, 1580041273
14, maverick_729, anumana, false, 1580041274
14, maverick_729, anumana, false, 1580041274
14, maverick_729, anumana, false, 1580041274
14, maverick_729, anumana, false, 1580041274
14, ABCD1234, brimstone, false, 1580041274
14, maverick_729, anumana, false, 1580041274
14, maverick_729, anumana, false, 1580041275
14, ABCD1234, sulfur, false, 1580041277
14, Trollface, indian, false, 1580041290
14, Trollface, indiana, false, 1580041296
14, maverick_729, pratyaksa, false, 1580041298
14, maverick_729, pratyaksa, false, 1580041298
14, ABCD1234, chrysolite, false, 1580041299
14, maverick_729, maharshimaheshyogi, false, 1580041373
14, maverick_729, meditation, false, 1580041388
14, maverick_729, meditation, false, 1580041388
14, yash_odhan, transcendentalmeditation, false, 1580041488
14, photatoo, meditation, false, 1580041522
14, yash_odhan, yogicphilosophy, false, 1580041524
14, maverick_729, thelema, false, 1580041526
14, photatoo, buddhistphilosophy, false, 1580041544
14, yash_odhan, hinduphilosophy, false, 1580041564
14, yash_odhan, hindu, false, 1580041576
14, yash_odhan, vedanta, false, 1580041642
14, yash_odhan, vedantaphilosophy, false, 1580041651
14, MrSplashMan, buddhism, false, 1580041760
14, MrSplashMan, buddha, false, 1580041763
14, angad11121, kriya, false, 1580041863
14, angad11121, kriyayoga, true, 1580041870
14, maverick_729, shiva, false, 1580041898
14, MrSplashMan, patanjali, false, 1580041911
14, MrSplashMan, kriya, false, 1580041934
14, MrSplashMan, kriyayoga, true, 1580041937
14, maverick_729, kriyayoga, true, 1580041946
14, Azwraith, kriyayogi, false, 1580042402
14, Azwraith, kriyayogi, false, 1580042438
14, Azwraith, kriyayogi, false, 1580042461
14, Azwraith, karoke, false, 1580042483
14, Azwraith, kriyayoga, true, 1580042513
14, yash_odhan, jivamukti, false, 1580042576
14, yash_odhan, jivamuktiyoga, false, 1580042580
14, photatoo, greatsoul, false, 1580042588
14, photatoo, vedanta, false, 1580042624
14, webhunter, kriyayoga, true, 1580042637
14, mupparapukoushik@gmail.com, fortynine, false, 1580042685
14, mupparapukoushik@gmail.com, fortynine, false, 1580042685
14, mupparapukoushik@gmail.com, fortynine, false, 1580042685
14, mupparapukoushik@gmail.com, fortynine, false, 1580042686
14, mupparapukoushik@gmail.com, fortynine, false, 1580042686
14, mupparapukoushik@gmail.com, fortynine, false, 1580042686
14, mupparapukoushik@gmail.com, fortynine, false, 1580042686
14, mupparapukoushik@gmail.com, fortynine, false, 1580042686
14, mupparapukoushik@gmail.com, fortynine, false, 1580042686
14, mupparapukoushik@gmail.com, fortynine, false, 1580042686
14, mupparapukoushik@gmail.com, fortynine, false, 1580042686
14, mupparapukoushik@gmail.com, fortynine, false, 1580042686
14, mupparapukoushik@gmail.com, fortynine, false, 1580042686
14, mupparapukoushik@gmail.com, fortynine, false, 1580042686
14, mupparapukoushik@gmail.com, fortynine, false, 1580042686
14, mupparapukoushik@gmail.com, fortynine, false, 1580042686
14, mupparapukoushik@gmail.com, fortynine, false, 1580042686
14, Alchemist, magentariddim, false, 1580042801
14, mupparapukoushik@gmail.com, fortynine, false, 1580042901
14, mupparapukoushik@gmail.com, fortynine, false, 1580042903
14, mupparapukoushik@gmail.com, fortynine, false, 1580042903
14, mupparapukoushik@gmail.com, fortynine, false, 1580042941
14, mupparapukoushik@gmail.com, fortynine, false, 1580042945
14, photatoo, rendlesham, false, 1580043118
14, photatoo, peacepalace, false, 1580043165
14, proton25, transcendental, false, 1580043169
14, proton25, transcendentalmeditation, false, 1580043176
14, proton25, yogi, false, 1580043251
14, TipTopGauntlet, maharshi, false, 1580043271
14, TipTopGauntlet, maharishi, false, 1580043274
14, yash_odhan, nelsonmandela, false, 1580043275
14, blank123, maharshimaheshyogi, false, 1580043277
14, blank123, maharshimaheshyogi, false, 1580043280
14, blank123, maharshimaheshyogi, false, 1580043281
14, blank123, maharshimaheshyogi, false, 1580043282
14, TipTopGauntlet, maharishimaheshyogi, false, 1580043283
14, TipTopGauntlet, maharshimaheshyogi, false, 1580043288
14, TipTopGauntlet, maheshyogi, false, 1580043294
14, Anekchampion, chaurasikutia, false, 1580043296
14, mkavgane, https://elan.org.in/0C6A99C9186A22855AEF0EADFDFE225E9200D798E34461E1DEF96E512BE9CA55_khwsno.bmp, false, 1580043310
14, blank123, sivandana, false, 1580043340
14, blank123, sivandana, false, 1580043342
14, proton25, transcendentalmeditation, false, 1580043413
14, yash_odhan, kriya, false, 1580043564
14, Spurthi31, funeral, false, 1580043567
14, yash_odhan, kriyayoga, true, 1580043570
14, sss306969, bobross, false, 1580043587
14, Sravani123, trandescentalmeditation, false, 1580043631
14, Sravani123, meditation, false, 1580043638
14, Sravani123, trandescentalmeditation, false, 1580043648
14, sss306969, white, false, 1580043730
14, Wolverine_rockzz, hatha, false, 1580043771
14, Wolverine_rockzz, ashtanga, false, 1580043792
14, Wolverine_rockzz, iyengar, false, 1580043812
14, Wolverine_rockzz, bikram, false, 1580043818
14, Wolverine_rockzz, jivamukti, false, 1580043826
14, Wolverine_rockzz, power, false, 1580043831
14, Wolverine_rockzz, sivananda, false, 1580043842
14, Wolverine_rockzz, yin, false, 1580043846
14, Wolverine_rockzz, vinyasa, false, 1580043859
14, Wolverine_rockzz, sankhya, false, 1580043904
14, Wolverine_rockzz, vedanta, false, 1580043918
14, Wolverine_rockzz, vaisheshika, false, 1580043932
14, Wolverine_rockzz, nyaya, false, 1580043939
14, Wolverine_rockzz, mimasaaa, false, 1580043950
14, Wolverine_rockzz, mimasa, false, 1580043952
14, Wolverine_rockzz, yoga, false, 1580043960
14, Wolverine_rockzz, mimasa, false, 1580044013
14, Wolverine_rockzz, vaisesika, false, 1580044027
14, sss306969, bootleg, false, 1580044119
14, cookie_pie, transcendentalmeditation, false, 1580044129
14, Sravani123, ayurveda, false, 1580044166
14, Sravani123, ayurvedapeace, false, 1580044174
14, cookie_pie, transcendentalmeditation, false, 1580044182
14, photatoo, brexit, false, 1580044192
14, ABCD1234, yellow, false, 1580044260
14, ABCD1234, beatles, false, 1580044264
14, ABCD1234, lonely, false, 1580044268
14, ABCD1234, transcendental, false, 1580044276
14, ABCD1234, meditate, false, 1580044281
14, ABCD1234, india, false, 1580044284
14, ABCD1234, give peace a chance, false, 1580044298
14, ABCD1234, lennon, false, 1580044304
14, ABCD1234, lemon, false, 1580044306
14, ABCD1234, johnlennon, false, 1580044310
14, Anekchampion, transcendental meditation, false, 1580044375
14, ABCD1234, elysium, false, 1580044400
14, akhila96, kriya, false, 1580044641
14, akhila96, kriyayoga, true, 1580044643
14, bhavana.bayyapu@gmail.com, maheshyogi, false, 1580044708
14, Anekchampion, rishikesh, false, 1580044713
14, cookie_pie, kriyayoga, true, 1580044718
14, Anekchampion, beatlesindia, false, 1580044721
14, bhavana.bayyapu@gmail.com, maharishimaheshyogi, false, 1580044731
14, Anekchampion, itwasfiftyyearsago, false, 1580044840
14, Anekchampion, itwasfiftyyearsagotoday, false, 1580044845
14, Anekchampion, itwasfiftyyearsagotoday...sgtpepperandbeyond, false, 1580044887
14, Anekchampion, itwasfiftyyearsagotodaysgtpepperandbeyond, false, 1580044891
14, Anekchampion, alanparker, false, 1580044934
14, Anekchampion, stevekendrick, false, 1580044946
14, Anekchampion, alanparker, false, 1580044954
14, Gold_digger, gogreen, false, 1580045050
14, Anekchampion, thespark, false, 1580045162
14, niyati10, kriyayoga, true, 1580045367
14, photatoo, transcendence, false, 1580045761
14, photatoo, transcendence, false, 1580045765
14, ABCD1234, saffron, false, 1580045846
14, mindprobe, fortynine, false, 1580045866
14, ABCD1234, 0000, false, 1580046047
14, ABCD1234, ffff00, false, 1580046054
14, varun_10, meditation, false, 1580046118
14, ABCD1234, 964b00, false, 1580046143
14, ABCD1234, bf776b, false, 1580046198
14, proton25, Marlyn, false, 1580046247
14, mindprobe, transcendentalmeditation, false, 1580046257
14, mindprobe, transcendentalmeditation, false, 1580046258
14, photatoo, transcedental, false, 1580046276
14, proton25, Weed, false, 1580046302
14, proton25, Weed, false, 1580046304
14, proton25, Weed, false, 1580046304
14, ABCD1234, f4c430, false, 1580046307
14, mindprobe, tm, false, 1580046316
14, mindprobe, tm, false, 1580046317
14, ABCD1234, f4c430, false, 1580046328
14, mindprobe, maharishimaheshyogi, false, 1580046330
14, mindprobe, maharishimaheshyogi, false, 1580046331
14, ABCD1234, saffron, false, 1580046335
14, ABCD1234, saffron, false, 1580046335
14, proton25, kriyayoga, true, 1580046343
14, mindprobe, eastern, false, 1580046357
14, mindprobe, eastern, false, 1580046358
14, photatoo, lsd, false, 1580046465
14, ABCD1234, ffa500, false, 1580046495
14, ABCD1234, saint, false, 1580046520
14, mindprobe, white, false, 1580046531
14, mindprobe, white, false, 1580046533
14, mindprobe, whitealbum, false, 1580046552
14, mindprobe, whitealbum, false, 1580046554
14, mindprobe, whitealbum, false, 1580046555
14, ABCD1234, piper, false, 1580046829
14, ABCD1234, pipers, false, 1580046831
14, ABCD1234, pipper, false, 1580046835
14, ABCD1234, pippers, false, 1580046836
14, ABCD1234, hex, false, 1580046842
14, Juggernaut, kriyayogi, false, 1580046909
14, Juggernaut, kriya, false, 1580046912
14, Juggernaut, kriya, false, 1580046920
14, ABCD1234, e9a447, false, 1580046925
14, Juggernaut, kriyayoga, true, 1580046931
14, bhavana.bayyapu@gmail.com, 1965, false, 1580047000
14, mandirwahibanayenge, kriyayoga, true, 1580047001
14, mindprobe, peter, false, 1580047005
14, mindprobe, peter, false, 1580047006
14, mindprobe, pepper, false, 1580047030
14, mindprobe, pepper, false, 1580047032
14, ABCD1234, ffffb2, false, 1580047053
14, vermicelli, beatles, false, 1580047090
14, Iqbal.anwaar, kriyayoga, true, 1580047118
14, ABCD1234, ffaa1d, false, 1580047133
14, ABCD1234, ffffb2, false, 1580047150
14, ABCD1234, cbc3b6, false, 1580047211
14, JamesBond007, ffffff, false, 1580047388
14, JamesBond007, , false, 1580047395
14, mindprobe, kriyayoga, true, 1580047411
14, JamesBond007, kriyayoga, true, 1580047425
14, Sandesh9, yellow, false, 1580047444
14, Sandesh9, yellow, false, 1580047449
14, Sandesh9, yellow, false, 1580047450
14, ABCD1234, ce80, false, 1580047463
14, ABCD1234, cf80, false, 1580047466
14, ABCD1234, cf 80, false, 1580047467
14, ABCD1234, cea0, false, 1580047478
14, ABCD1234, 7472616e7363656e64656e74616c, false, 1580047543
14, photatoo, yogi, false, 1580047544
14, Spurthi31, kriyayoga, true, 1580047583
14, Charannarukulla, kriyayoga, true, 1580047602
14, ABCD1234, 6d656469746174696f6e, false, 1580047605
14, Drake_fabuloso, kriyayoga, true, 1580047613
14, ABCD1234, kriyayoga, true, 1580047631
14, photatoo, hinduism, false, 1580047685
14, priorysion, kriyayoga, true, 1580047738
14, photatoo, epistemology, false, 1580047739
14, Sandesh9, kriyayoga, true, 1580047753
14, photatoo, soteriology, false, 1580047770
14, photatoo, moksha, false, 1580047810
14, Sravani123, kriyayoga, true, 1580047861
14, photatoo, sanyama, false, 1580047880
14, photatoo, kriyayoga, true, 1580047930
14, Sumailrtz, kriyayoga, true, 1580047966
14, Anekchampion, kriyayoga, true, 1580047972
14, AdminisGod, k, false, 1580048103
14, AdminisGod, kriyayoga, true, 1580048104
14, Manjot1151, , false, 1580048147
14, Manjot1151, , false, 1580048148
14, Manjot1151, kriyayoga, true, 1580048448
14, YourMomLigma, kriyayoga, true, 1580048532
14, JaffaPodi, kriyayoga, true, 1580048733
14, Cicada007, kriyayoga, true, 1580049042
14, thrilok18, kriyayoga, true, 1580049071
14, bhavana.bayyapu@gmail.com, kriyayoga, true, 1580049839
14, Stalkers_are_back, kriyayoga, true, 1580050386
14, sss306969, g, false, 1580050424
14, sss306969, kriyayoga, true, 1580050433
14, 123@aditya, lonelyhearts, false, 1580050727
14, sanilsjacob, kriyayoga, true, 1580050754
14, 123@aditya, kriyayoga, true, 1580050801
14, oura162333, kriyayoga, true, 1580050977
14, Hereforfun, kriyayoga, true, 1580051390
14, AceStricker, intoelysium, false, 1580051520
14, harshu@10, fortynine, false, 1580051753
14, harshu@10, kriyayoga, true, 1580051773
14, mupparapukoushik@gmail.com, kriyayoga, true, 1580051829
14, 25Aaditya, kriyayoga, true, 1580052241
14, AceStricker, kriyayoga, true, 1580052300
14, Trollface, kriyayoga, true, 1580053298
14, Light2805, kriyayoga, true, 1580053507
14, aayush27, kriyayoga, true, 1580053754
14, yatish609, kriyayoga, true, 1580053801
14, Amarthya, kriyayoga, true, 1580054545
14, Tabzzzzzzzz, kriyayoga, true, 1580054847
14, vermicelli, kriyayoga, true, 1580055025
14, mkavgane, kriyayoga, true, 1580055468
14, Alchemist, kriyayoga, true, 1580056290
14, Parayan4, kriyayoga, true, 1580056738
14, CS19BTECH11045@iith.ac.in, kriyayoga, true, 1580056788
14, ajithreddy, kriyayoga, true, 1580056970
14, pinkunicorn, kriyayoga, true, 1580057016
14, Gold_digger, kriyayoga, true, 1580057194
14, TipTopGauntlet, kriyayoga, true, 1580057320
14, blank123, kriyayoga, true, 1580057493
14, IdioticBaka1824, kriyayoga, true, 1580057505
14, reddyjaideep1729, kriyayoga, true, 1580057753
14, Wolverine_rockzz, yesterday, false, 1580058428
14, Wolverine_rockzz, kriyayoga, true, 1580058488
14, Luciferr, kriyayoga, true, 1580058491
14, 666_devil_666, kriyayoga, true, 1580059803
14, Phoenix22, kriyayoga, true, 1580059956
14, ModiShallNotGiveHints, kriyayoga, true, 1580061821
14, Srikanth, fortynine, false, 1580063486
14, Srikanth, kriyayoga, true, 1580063514
14, Vampire_Hunter, kriyayoga, true, 1580064397
14, Khal_nayak, kriyayoga, true, 1580065480
