15, AdminAdmin, dddwwwdddddadsadasdasdad, false, 1579953250
15, AdminAdmin, grindhouse, true, 1579953261
15, AdminAdmin, grindhouse, true, 1579969068
15, GreenEarthEagle, reservoirdogs, false, 1579986406
15, CrazyByDefaut, reservoirdogs, false, 1579986410
15, GreenEarthEagle, pulpfiction, false, 1579986411
15, GreenEarthEagle, cityonfire, false, 1579986414
15, FreezeV2, kriyayoga, false, 1579986553
15, FreezeV2, kriyayoga, false, 1579986563
15, FreezeV2, kriyayoga, false, 1579986563
15, FreezeV2, kriyayoga, false, 1579986564
15, FreezeV2, kriyayoga, false, 1579986564
15, aaabattery, memento, false, 1579986566
15, GreenEarthEagle, motherofallscience, false, 1579986798
15, GreenEarthEagle, onceuponatimeinhollywood, false, 1579986809
15, GreenEarthEagle, umathurman, false, 1579986813
15, GreenEarthEagle, harveyweinstein, false, 1579986817
15, CrazyByDefaut, harvey, false, 1579986822
15, CrazyByDefaut, harveyweinstein, false, 1579986825
15, CrazyByDefaut, harveyepstein, false, 1579986832
15, GreenEarthEagle, ninety, false, 1579986935
15, GreenEarthEagle, hatefuleight, false, 1579987001
15, GreenEarthEagle, onceuponatime, false, 1579987026
15, GreenEarthEagle, rumpunch, false, 1579987053
15, GreenEarthEagle, jackiebrown, false, 1579987058
15, GreenEarthEagle, elmoreleonard, false, 1579987070
15, GreenEarthEagle, homage, false, 1579987156
15, GreenEarthEagle, sallymenke, false, 1579987218
15, GreenEarthEagle, , false, 1579987240
15, GreenEarthEagle, hatefuleight, false, 1579987314
15, GreenEarthEagle, thething, false, 1579987321
15, GreenEarthEagle, whogoesthere, false, 1579987331
15, aaabattery, grindhouse, true, 1579987343
15, GreenEarthEagle, eternity, false, 1579987351
15, GreenEarthEagle, bestiality, false, 1579987354
15, GreenEarthEagle, despair, false, 1579987356
15, geraltofrivia, grindhouse, true, 1579987367
15, GreenEarthEagle, johncarpenter, false, 1579987426
15, GreenEarthEagle, hollywood, false, 1579987428
15, GreenEarthEagle, blaxploitation, false, 1579987434
15, CrazyByDefaut, andthentherewerenone, false, 1579987444
15, CrazyByDefaut, agathachristie, false, 1579987449
15, ronnie_36, grindhouse, true, 1579987455
15, CrazyByDefaut, tomroth, false, 1579987586
15, CrazyByDefaut, summerof69, false, 1579987635
15, CrazyByDefaut, bryanadams, false, 1579987646
15, iBlyatiful, blaxploitation, false, 1579987649
15, GreenEarthEagle, ripoff, false, 1579987662
15, iBlyatiful, cityonfire, false, 1579987688
15, Radicalidol, grindhouse, true, 1579987693
15, GreenEarthEagle, trunkshot, false, 1579987693
15, iBlyatiful, reservoirdogs, false, 1579987694
15, iBlyatiful, jackiebrown, false, 1579987697
15, iBlyatiful, reservoirdogs, false, 1579987721
15, CrazyByDefaut, tarantinoxx, false, 1579987725
15, CrazyByDefaut, xxtentacionxx, false, 1579987730
15, CrazyByDefaut, xxtentacion, false, 1579987731
15, CrazyByDefaut, tentacion, false, 1579987733
15, FreezeV2, grindhouse, true, 1579987877
15, GreenEarthEagle, papersplease, false, 1579987902
15, GreenEarthEagle, joker, false, 1579987922
15, iBlyatiful, homage, false, 1579988010
15, iBlyatiful, ahomage, false, 1579988020
15, GreenEarthEagle, discord, false, 1579988049
15, GreenEarthEagle, thequickbrownfoxjumpedoverthelazydog, false, 1579988500
15, iBlyatiful, ahomage, false, 1579988672
15, tjkartha, grindhouse, true, 1579988688
15, CrazyByDefaut, ahomage, false, 1579988714
15, CrazyByDefaut, ahomage, false, 1579988715
15, CrazyByDefaut, , false, 1579988728
15, Kamikaze, , false, 1579988741
15, Kamikaze, , false, 1579988762
15, Kamikaze, , false, 1579988763
15, Kamikaze, , false, 1579988763
15, Kamikaze, homage, false, 1579988771
15, Kamikaze, 1225715101186823201411921922424531317261621, false, 1579988834
15, GreenEarthEagle, gojar, false, 1579988872
15, GreenEarthEagle, , false, 1579988876
15, GreenEarthEagle, , false, 1579988879
15, MishuAnubis, reservoirdogs, false, 1579988899
15, MishuAnubis, djangounchained, false, 1579988915
15, MishuAnubis, killbill, false, 1579988920
15, MishuAnubis, ingloriousbasterds, false, 1579988936
15, MishuAnubis, timroth, false, 1579988977
15, MishuAnubis, stevebuscemi, false, 1579988983
15, MishuAnubis, jackiebrown, false, 1579988996
15, MishuAnubis, pulpfiction, false, 1579989013
15, MishuAnubis, , false, 1579989017
15, MishuAnubis, thehatefuleight, false, 1579989039
15, MishuAnubis, homage, false, 1579989080
15, MishuAnubis, quentintarantino, false, 1579989087
15, GreenEarthEagle, ten, false, 1579989226
15, MishuAnubis, blaxploitation, false, 1579989246
15, GreenEarthEagle, swordfish, false, 1579989385
15, GreenEarthEagle, yesnahchansey, false, 1579989390
15, GreenEarthEagle, goldeenneedlog, false, 1579989395
15, MishuAnubis, , false, 1579989436
15, MishuAnubis, metoo, false, 1579989440
15, MishuAnubis, harveyweinstein, false, 1579989446
15, GreenEarthEagle, reservoirenfants, false, 1579989461
15, GreenEarthEagle, reservoirdogs, false, 1579989468
15, CrazyByDefaut, slipsum, false, 1579989480
15, CrazyByDefaut, andywarhol, false, 1579989550
15, CrazyByDefaut, marilynmonroe, false, 1579989560
15, CrazyByDefaut, tarantino, false, 1579989567
15, CrazyByDefaut, quentin, false, 1579989570
15, CrazyByDefaut, mywife, false, 1579989577
15, CrazyByDefaut, daniellapick, false, 1579989595
15, MishuAnubis, harveyweinstein, false, 1579989712
15, MishuAnubis, quentintarantino, false, 1579989722
15, GreenEarthEagle, svikapick, false, 1579989723
15, MishuAnubis, killbill, false, 1579989728
15, GreenEarthEagle, ronin, false, 1579989811
15, GreenEarthEagle, blaxploitation, false, 1579989819
15, GreenEarthEagle, smogon, false, 1579989829
15, CrazyByDefaut, , false, 1579989916
15, GreenEarthEagle, cryptex, false, 1579989960
15, GreenEarthEagle, fortytwo, false, 1579989964
15, TheDemigod, AHOMAGE, false, 1579989968
15, TheDemigod, ahomage, false, 1579989975
15, CrazyByDefaut, , false, 1579990049
15, GreenEarthEagle, finalfantasy, false, 1579990302
15, iBlyatiful, quentintarantino, false, 1579990321
15, GreenEarthEagle, saw, false, 1579990335
15, GreenEarthEagle, homage, false, 1579990346
15, iBlyatiful, quentintarantino, false, 1579990351
15, TheDemigod, quentintarantino, false, 1579990357
15, TheDemigod, quentintarantino, false, 1579990393
15, TheDemigod, tarantino, false, 1579990396
15, CrazyByDefaut, onceuponatimeinhollywood, false, 1579990438
15, CrazyByDefaut, onceuponatimeinisrael, false, 1579990444
15, TheDemigod, offwhite, false, 1579990444
15, CrazyByDefaut, israel, false, 1579990446
15, CrazyByDefaut, iran, false, 1579990448
15, CrazyByDefaut, iraq, false, 1579990449
15, CrazyByDefaut, i need sleep man, false, 1579990453
15, TheDemigod, onceuponatimeinhollywood, false, 1579990516
15, GreenEarthEagle, toffee, false, 1579990538
15, CrazyByDefaut, any hints tonight?, false, 1579990550
15, TheDemigod, djangounchained, false, 1579990570
15, CrazyByDefaut, also submit button is broken for <LevelJigsaw />, false, 1579990572
15, TheDemigod, thehatefuleight, false, 1579990579
15, CrazyByDefaut, enter works but button gives console error about state not existing, false, 1579990588
15, TheDemigod, deathproof, false, 1579990598
15, CrazyByDefaut, so mobile users cant press enter even if they know the answer, false, 1579990599
15, GreenEarthEagle, tarantula, false, 1579990609
15, TheDemigod, ingloriousbasterds, false, 1579990613
15, GreenEarthEagle, jackiebrown, false, 1579990625
15, TheDemigod, reservoirdogs, false, 1579990626
15, TheDemigod, killbill, false, 1579990641
15, GreenEarthEagle, pulpfiction, false, 1579990641
15, TheDemigod, onceuponatimeinhollywood, false, 1579990655
15, GreenEarthEagle, killbill, false, 1579990664
15, GreenEarthEagle, killbillvolumeone, false, 1579990667
15, GreenEarthEagle, killbillvolumetwo, false, 1579990669
15, TheDemigod, pulpfiction, false, 1579990673
15, CrazyByDefaut, bruteforcetime, false, 1579990674
15, GreenEarthEagle, grindhouse, true, 1579990678
15, iBlyatiful, pulpfiction, false, 1579990680
15, iBlyatiful, grindhouse, true, 1579990686
15, CrazyByDefaut, grindhouse, true, 1579990687
15, Kamikaze, grindhouse, true, 1579990689
15, TheDemigod, onceuponatime, false, 1579990725
15, MishuAnubis, grindhouse, true, 1579990775
15, TheDemigod, himself, false, 1579990811
15, AdminAdmin, grindhouse, true, 1579990840
15, AdminAdmin, grindhouse, true, 1579990864
15, TheDemigod, hollywood, false, 1579990877
15, TheDemigod, tate, false, 1579991054
15, TheDemigod, tatemurders, false, 1579991057
15, TheDemigod, thetatemurders, false, 1579991061
15, TheDemigod, sharontate, false, 1579991067
15, TheDemigod, blaxploitation, false, 1579991187
15, TheDemigod, blaxploitationfilms, false, 1579991189
15, TheDemigod, rumpunch, false, 1579991195
15, TheDemigod, pastiche, false, 1579991306
15, TheDemigod, mansonfamilymurders, false, 1579991518
15, TheDemigod, scorses, false, 1579991613
15, TheDemigod, scorsese, false, 1579991614
15, TheDemigod, thegoodthebadandtheugly, false, 1579991841
15, TheDemigod, julytwentysix, false, 1579992318
15, AdminAdmin, grindhouse, true, 1579992707
15, anand._.10, grindhouse, true, 1579992898
15, AdminAdmin, grindhouse, true, 1579993053
15, TheDemigod, ten, false, 1579993839
15, TheDemigod, nine, false, 1579993842
15, TheDemigod, seven, false, 1579993847
15, TheDemigod, jackiebrown, false, 1579994703
15, TheDemigod, elmoreleonard, false, 1579994732
15, TheDemigod, rumpunch, false, 1579994784
15, TheDemigod, mansonfamilymurders, false, 1579994865
15, TheDemigod, django, false, 1579994904
15, TheDemigod, djangounchained, false, 1579994907
15, TheDemigod, sincity, false, 1579994918
15, TheDemigod, inglouriousbasterds, false, 1579994941
15, TheDemigod, trueromance, false, 1579994958
15, TheDemigod, naturalbornkillers, false, 1579994967
15, TheDemigod, fourrooms, false, 1579994975
15, TheDemigod, fromdusktilldawn, false, 1579994986
15, TheDemigod, killbillvolumeone, false, 1579994998
15, TheDemigod, volumeone, false, 1579995002
15, TheDemigod, killbillvolumetwo, false, 1579995012
15, TheDemigod, killbill, false, 1579995017
15, TheDemigod, killbillgrindhouse, false, 1579995024
15, TheDemigod, grindhouse, true, 1579995028
15, vedantsingh1404, reek, false, 1579996757
15, vedantsingh1404, greek, false, 1579996760
15, vedantsingh1404, greeklphabet, false, 1579996768
15, vedantsingh1404, greekalphabet, false, 1579996837
15, vedantsingh1404, mcu, false, 1579996952
15, vedantsingh1404, marvel, false, 1579996954
15, vedantsingh1404, marvelcinematicuniverse, false, 1579996959
15, vedantsingh1404, quentintarantino, false, 1579997412
15, vedantsingh1404, onceuponatimeinhollywood, false, 1579997423
15, vedantsingh1404, pulpfiction, false, 1579997535
15, tushartiwariofficial, grindhouse, true, 1579997718
15, vedantsingh1404, startrek, false, 1579997723
15, vedantsingh1404, pulpfiction, false, 1579997729
15, vedantsingh1404, onceuponatimeinhollywood, false, 1579998045
15, vedantsingh1404, onceuponatimeinhollywood, false, 1579998050
15, vedantsingh1404, grindhouse, true, 1579998168
15, SolveyMcSolveface, grindhouse, true, 1579999593
15, ysh_suvarna, grindhouse, true, 1580001854
15, pasta4lyf, grindhouse, true, 1580004382
15, bhanushali, grindhouse, true, 1580005496
15, aakshata, grindhouse, true, 1580007015
15, Whazza42, grindhouse, true, 1580007387
15, ee190002068, marieantoinette, false, 1580008010
15, ee190002068, grindhouse, true, 1580008077
15, vivekbhushan, grindhouse, true, 1580012716
15, ayamrage, grindhouse, true, 1580013366
15, flitwick, grindhouse, true, 1580014183
15, Tanishq2403, grindhouse, true, 1580014346
15, LordFaramir, grindhouse, true, 1580015404
15, hazy.......007, grindhouse, true, 1580015448
15, Brokeigma, grindhouse, true, 1580016574
15, Elephantsfoot, kodaksupereight, false, 1580017165
15, Elephantsfoot, kodakssupereight, false, 1580017168
15, Elephantsfoot, quentintarantino, false, 1580017180
15, Elephantsfoot, tarantino, false, 1580017188
15, Elephantsfoot, quentintarantinosupereight, false, 1580017692
15, omaewamoushindeiru, grindhouse', false, 1580017755
15, omaewamoushindeiru, grindhouse, true, 1580017757
15, modulated_pikachu, grindhouse, true, 1580017980
15, Elephantsfoot, quentintarantino, false, 1580018095
15, Elephantsfoot, killbill, false, 1580018281
15, Elephantsfoot, killbillvolume1, false, 1580018287
15, Elephantsfoot, killbillvol1, false, 1580018290
15, Elephantsfoot, killbill1, false, 1580018292
15, Elephantsfoot, killbillvolumeone, false, 1580018297
15, Elephantsfoot, django, false, 1580018382
15, Elephantsfoot, djangounchained, false, 1580018386
15, Elephantsfoot, talkingcouch, false, 1580019901
15, Elephantsfoot, pulpfiction, false, 1580020047
15, Elephantsfoot, casinoroyale, false, 1580020188
15, Elephantsfoot, reservoitdogs, false, 1580020360
15, Elephantsfoot, reservoirdogs, false, 1580020364
15, Elephantsfoot, skyfall, false, 1580022489
15, Elephantsfoot, tarantinoxx, false, 1580022614
15, Elephantsfoot, quentintarantinoxx, false, 1580022621
15, Elephantsfoot, homage, false, 1580023346
15, Elephantsfoot, homagetotarantino, false, 1580023355
15, Elephantsfoot, tarantinotwenty, false, 1580023425
15, Elephantsfoot, tarantinoxx, false, 1580023430
15, Elephantsfoot, aainnorttxx, false, 1580023744
15, Elephantsfoot, twentyyearsoftarantino, false, 1580023777
15, Elephantsfoot, tarantinotwenty, false, 1580023840
15, Uniraider, quentintarantino, false, 1580024074
15, Uniraider, quentintarantino, false, 1580024075
15, Uniraider, quentintarantino, false, 1580024075
15, Uniraider, quentintarantino, false, 1580024075
15, Uniraider, quentintarantino, false, 1580024080
15, Uniraider, tarantino, false, 1580024086
15, Uniraider, quentin, false, 1580024091
15, Uniraider, blaxploitation, false, 1580024155
15, Elephantsfoot, tarantinot, false, 1580024187
15, Elephantsfoot, tarantinot, false, 1580024194
15, Elephantsfoot, tarantinot, false, 1580024195
15, Elephantsfoot, tarantinot, false, 1580024195
15, Elephantsfoot, l, false, 1580024683
15, Elephantsfoot, tarantino, false, 1580024691
15, Elephantsfoot, , false, 1580024693
15, Elephantsfoot, , false, 1580024694
15, Elephantsfoot, , false, 1580024694
15, Elephantsfoot, , false, 1580024695
15, Elephantsfoot, , false, 1580024696
15, Elephantsfoot, , false, 1580024696
15, Elephantsfoot, , false, 1580024697
15, Elephantsfoot, , false, 1580024698
15, Elephantsfoot, , false, 1580024698
15, Elephantsfoot, , false, 1580024699
15, hai12345678, italiancinema, false, 1580024699
15, Elephantsfoot, , false, 1580024701
15, Elephantsfoot, , false, 1580024701
15, Elephantsfoot, , false, 1580024707
15, Elephantsfoot, ], false, 1580024709
15, Elephantsfoot, , false, 1580024718
15, Elephantsfoot, , false, 1580024718
15, Elephantsfoot, , false, 1580024719
15, Elephantsfoot, , false, 1580024719
15, Elephantsfoot, , false, 1580024719
15, Elephantsfoot, , false, 1580024719
15, Elephantsfoot, , false, 1580024719
15, Elephantsfoot, , false, 1580024719
15, Elephantsfoot, , false, 1580024719
15, Elephantsfoot, , false, 1580024719
15, Elephantsfoot, , false, 1580024719
15, Elephantsfoot, , false, 1580024719
15, Elephantsfoot, , false, 1580024719
15, Elephantsfoot, , false, 1580024719
15, Elephantsfoot, , false, 1580024720
15, Elephantsfoot, , false, 1580024720
15, Elephantsfoot, , false, 1580024720
15, Elephantsfoot, , false, 1580024720
15, Elephantsfoot, , false, 1580024720
15, Elephantsfoot, , false, 1580024720
15, Elephantsfoot, , false, 1580024720
15, Elephantsfoot, , false, 1580024720
15, Elephantsfoot, , false, 1580024720
15, Elephantsfoot, , false, 1580024720
15, Elephantsfoot, , false, 1580024720
15, Elephantsfoot, , false, 1580024720
15, Elephantsfoot, , false, 1580024721
15, Elephantsfoot, , false, 1580024721
15, Elephantsfoot, , false, 1580024721
15, Elephantsfoot, , false, 1580024721
15, Elephantsfoot, , false, 1580024721
15, Elephantsfoot, , false, 1580024721
15, Elephantsfoot, , false, 1580024721
15, Elephantsfoot, , false, 1580024721
15, Elephantsfoot, , false, 1580024721
15, Elephantsfoot, , false, 1580024721
15, Elephantsfoot, , false, 1580024721
15, Elephantsfoot, , false, 1580024722
15, Elephantsfoot, , false, 1580024722
15, Elephantsfoot, , false, 1580024722
15, Elephantsfoot, , false, 1580024722
15, Elephantsfoot, , false, 1580024722
15, Elephantsfoot, , false, 1580024722
15, Elephantsfoot, , false, 1580024722
15, Elephantsfoot, , false, 1580024722
15, Elephantsfoot, , false, 1580024722
15, Elephantsfoot, , false, 1580024722
15, Elephantsfoot, , false, 1580024722
15, Elephantsfoot, , false, 1580024722
15, Elephantsfoot, , false, 1580024723
15, Elephantsfoot, , false, 1580024723
15, Elephantsfoot, , false, 1580024723
15, Elephantsfoot, , false, 1580024723
15, Elephantsfoot, , false, 1580024723
15, Elephantsfoot, , false, 1580024723
15, Elephantsfoot, , false, 1580024723
15, Elephantsfoot, , false, 1580024723
15, Elephantsfoot, , false, 1580024723
15, Elephantsfoot, , false, 1580024723
15, Elephantsfoot, , false, 1580024723
15, Elephantsfoot, , false, 1580024723
15, Elephantsfoot, , false, 1580024724
15, Elephantsfoot, , false, 1580024724
15, Elephantsfoot, , false, 1580024724
15, Elephantsfoot, , false, 1580024724
15, Elephantsfoot, , false, 1580024724
15, Elephantsfoot, , false, 1580024724
15, Elephantsfoot, , false, 1580024724
15, Elephantsfoot, , false, 1580024724
15, Elephantsfoot, , false, 1580024724
15, Elephantsfoot, , false, 1580024724
15, Elephantsfoot, , false, 1580024724
15, Elephantsfoot, , false, 1580024725
15, Elephantsfoot, , false, 1580024725
15, Elephantsfoot, , false, 1580024725
15, Elephantsfoot, , false, 1580024725
15, Elephantsfoot, , false, 1580024725
15, Elephantsfoot, , false, 1580024725
15, Elephantsfoot, , false, 1580024725
15, Elephantsfoot, , false, 1580024725
15, Elephantsfoot, , false, 1580024725
15, Elephantsfoot, , false, 1580024725
15, Elephantsfoot, , false, 1580024725
15, Elephantsfoot, , false, 1580024725
15, Elephantsfoot, , false, 1580024726
15, Elephantsfoot, , false, 1580024726
15, Elephantsfoot, , false, 1580024726
15, Elephantsfoot, , false, 1580024726
15, Elephantsfoot, , false, 1580024726
15, Elephantsfoot, , false, 1580024726
15, Elephantsfoot, , false, 1580024726
15, Elephantsfoot, , false, 1580024726
15, Elephantsfoot, , false, 1580024726
15, Elephantsfoot, , false, 1580024726
15, Elephantsfoot, , false, 1580024726
15, Elephantsfoot, , false, 1580024726
15, Elephantsfoot, , false, 1580024727
15, Elephantsfoot, , false, 1580024727
15, Elephantsfoot, , false, 1580024727
15, Elephantsfoot, , false, 1580024727
15, Elephantsfoot, , false, 1580024727
15, Elephantsfoot, , false, 1580024727
15, Elephantsfoot, , false, 1580024727
15, Elephantsfoot, , false, 1580024727
15, Elephantsfoot, , false, 1580024727
15, Elephantsfoot, , false, 1580024727
15, Elephantsfoot, , false, 1580024727
15, Elephantsfoot, , false, 1580024728
15, Elephantsfoot, , false, 1580024728
15, Elephantsfoot, , false, 1580024728
15, Elephantsfoot, , false, 1580024728
15, Elephantsfoot, , false, 1580024728
15, Elephantsfoot, , false, 1580024728
15, Elephantsfoot, , false, 1580024728
15, Elephantsfoot, , false, 1580024728
15, Elephantsfoot, , false, 1580024728
15, Elephantsfoot, , false, 1580024728
15, Elephantsfoot, , false, 1580024728
15, Elephantsfoot, , false, 1580024729
15, Elephantsfoot, , false, 1580024729
15, Elephantsfoot, , false, 1580024729
15, Elephantsfoot, , false, 1580024729
15, Elephantsfoot, , false, 1580024729
15, Elephantsfoot, , false, 1580024729
15, Elephantsfoot, , false, 1580024729
15, Elephantsfoot, , false, 1580024729
15, Elephantsfoot, , false, 1580024729
15, Elephantsfoot, , false, 1580024729
15, Elephantsfoot, , false, 1580024729
15, Elephantsfoot, , false, 1580024729
15, Elephantsfoot, , false, 1580024730
15, Elephantsfoot, , false, 1580024730
15, Elephantsfoot, , false, 1580024730
15, Elephantsfoot, , false, 1580024730
15, Elephantsfoot, , false, 1580024730
15, Elephantsfoot, , false, 1580024730
15, Elephantsfoot, , false, 1580024730
15, Elephantsfoot, , false, 1580024730
15, Elephantsfoot, , false, 1580024730
15, Elephantsfoot, , false, 1580024730
15, Elephantsfoot, , false, 1580024730
15, Elephantsfoot, , false, 1580024731
15, Elephantsfoot, , false, 1580024731
15, Elephantsfoot, , false, 1580024731
15, Elephantsfoot, , false, 1580024731
15, Elephantsfoot, , false, 1580024731
15, Elephantsfoot, , false, 1580024731
15, Elephantsfoot, , false, 1580024731
15, Elephantsfoot, , false, 1580024731
15, Elephantsfoot, , false, 1580024731
15, Elephantsfoot, , false, 1580024731
15, Elephantsfoot, , false, 1580024731
15, Elephantsfoot, , false, 1580024731
15, Elephantsfoot, , false, 1580024732
15, Elephantsfoot, , false, 1580024732
15, Elephantsfoot, , false, 1580024732
15, Elephantsfoot, , false, 1580024732
15, Elephantsfoot, , false, 1580024732
15, Elephantsfoot, , false, 1580024732
15, Elephantsfoot, , false, 1580024732
15, Elephantsfoot, , false, 1580024732
15, hai12345678, himself, false, 1580024749
15, Elephantsfoot, tarantinox, false, 1580024957
15, hai12345678, killbill, false, 1580025822
15, hai12345678, killbillvolumeone, false, 1580025830
15, Hellblazer100, grindhouse, true, 1580025910
15, Uniraider, killbill, false, 1580026017
15, hai12345678, grindhouse, true, 1580026165
15, Uniraider, grindhouse, true, 1580026184
15, Elephantsfoot, jackiebrwon, false, 1580026435
15, Elephantsfoot, jackiebrown, false, 1580026438
15, Elephantsfoot, deathproof, false, 1580026673
15, Elephantsfoot, grindhousedeathproof, false, 1580026979
15, Elephantsfoot, grindhouse, true, 1580026982
15, Vp27101999, grindhouse, true, 1580027244
15, arthurpendragon, grindhouse, true, 1580030492
15, abcdefghi, marieantoinette, false, 1580034330
15, abcdefghi, marieantoinette, false, 1580034359
15, abcdefghi, grindhouse, true, 1580034399
15, TERABAAP, , false, 1580035066
15, TERABAAP, , false, 1580035137
15, TERABAAP, magideal, false, 1580035340
15, Doomsday37, killbill, false, 1580035741
15, Doomsday37, quentintarantino, false, 1580035808
15, Doomsday37, quentintarantino, false, 1580035817
15, Doomsday37, pulpfiction, false, 1580035866
15, Doomsday37, djangounchained, false, 1580035899
15, Doomsday37, reservoirdogs, false, 1580035910
15, Doomsday37, fromdusktilldawn, false, 1580035943
15, Doomsday37, kentaylor, false, 1580036005
15, Doomsday37, ahomage, false, 1580036052
15, Doomsday37, homage, false, 1580036056
15, Doomsday37, tarantino, false, 1580036071
15, Doomsday37, tarantinoxx, false, 1580036130
15, Doomsday37, tarantinoxx, false, 1580036167
15, Doomsday37, sallymenke, false, 1580036230
15, Doomsday37, harveyweinstein, false, 1580036327
15, Doomsday37, anhomage, false, 1580036381
15, Doomsday37, ahomage, false, 1580036383
15, cyclonite, , false, 1580036453
15, cyclonite, ahomage, false, 1580036460
15, cyclonite, anhomage, false, 1580036464
15, TERABAAP, blaxploitation, false, 1580036468
15, TERABAAP, blaxploitation, false, 1580036469
15, TERABAAP, blaxploitationfilma, false, 1580036471
15, TERABAAP, blaxploitationfilms, false, 1580036473
15, TERABAAP, blaxploitation, false, 1580036476
15, TERABAAP, blaxploitation, false, 1580036479
15, TERABAAP, ploitation, false, 1580036482
15, Doomsday37, blaxploitation, false, 1580036500
15, baap_square, jailed, false, 1580036514
15, TERABAAP, plo, false, 1580036514
15, baap_square, jail, false, 1580036518
15, Doomsday37, jackiebrown, false, 1580036545
15, Doomsday37, reservoirdogs, false, 1580036622
15, Doomsday37, indisposable, false, 1580036639
15, cyclonite, taritntino, false, 1580036659
15, cyclonite, tarintino, false, 1580036663
15, cyclonite, marvel, false, 1580036667
15, baap_square, pamgrier, false, 1580036710
15, cyclonite, jackiebrown, false, 1580036720
15, Doomsday37,  inglouriousbasterds, false, 1580036725
15, baap_square, jackiebrown, false, 1580036740
15, Doomsday37, nigger, false, 1580036741
15, cyclonite, pulpfiction, false, 1580036775
15, baap_square, vincent, false, 1580036839
15, baap_square, vincentcanby, false, 1580036841
15, cyclonite, tarantino, false, 1580036888
15, baap_square, pulpfiction, false, 1580036912
15, cyclonite, django, false, 1580036916
15, baap_square, killbill, false, 1580036984
15, baap_square, kill, false, 1580036988
15, cyclonite, onceuponatimeinhollywood, false, 1580037062
15, cyclonite, rumpunch, false, 1580037248
15, Doomsday37, kentaylor, false, 1580037250
15, Doomsday37, blackexploitation, false, 1580037324
15, Doomsday37, blacksexploitation, false, 1580037328
15, Doomsday37, blaxploitation, false, 1580037346
15, baap_square, blacksploitation, false, 1580037351
15, cyclonite, blaxploitation, false, 1580037369
15, Doomsday37, blacksploitation, false, 1580037381
15, cyclonite, blaxploitationfilms, false, 1580037396
15, cyclonite, blaxploitation, false, 1580037400
15, cyclonite, blackploitation, false, 1580037442
15, baap_square, ambedkar, false, 1580037485
15, baap_square, modi, false, 1580037491
15, baap_square, narendera, false, 1580037496
15, baap_square, narenderamodi, false, 1580037498
15, baap_square, primeminister, false, 1580037509
15, Doomsday37, baadasssss, false, 1580037509
15, baap_square, brambedkar, false, 1580037533
15, baap_square, bhimraoambedkar, false, 1580037539
15, cyclonite, tarantinoxx, false, 1580037557
15, cyclonite, tarantinoxx, false, 1580037562
15, cyclonite, tarantino20, false, 1580037563
15, cyclonite, tarantinoxx, false, 1580037565
15, cyclonite, harveyweinstein, false, 1580037620
15, Doomsday37, sincity, false, 1580037709
15, cyclonite, tarantinoxx, false, 1580037732
15, Doomsday37, littlenicky, false, 1580037738
15, Doomsday37, deathprrof, false, 1580037757
15, Doomsday37, deathproof, false, 1580037761
15, Doomsday37, trueromance, false, 1580037790
15, TERABAAP, pulpfiction, false, 1580037801
15, TERABAAP, pulp, false, 1580037805
15, TERABAAP, pulpfriction, false, 1580037808
15, TERABAAP, pulpfriction, false, 1580037840
15, Doomsday37, signalsaz, false, 1580037859
15, TERABAAP, killbill, false, 1580037860
15, cyclonite, lionsgate, false, 1580037866
15, baap_square, proposition, false, 1580037869
15, Doomsday37, onceuponatimeinhollywood, false, 1580037936
15, baap_square, jerome, false, 1580037944
15, Doomsday37, quentinjeromytarantino, false, 1580037953
15, TERABAAP, grindhouse, true, 1580037965
15, Doomsday37, grindhouse, true, 1580037996
15, baap_square, grindhouse, true, 1580037999
15, CursedApple, kriyayoga, false, 1580038012
15, cyclonite, tonyscott, false, 1580038369
15, cyclonite, trueromance, false, 1580038377
15, frozenloser, tax, false, 1580038443
15, frozenloser, arizona, false, 1580038446
15, frozenloser, homage, false, 1580038595
15, frozenloser, homage, false, 1580038600
15, frozenloser, keithharring, false, 1580038679
15, frozenloser, keithharing, false, 1580038681
15, lokeshagarwal149@gmail.com, , false, 1580038714
15, lokeshagarwal149@gmail.com, , false, 1580038740
15, lokeshagarwal149@gmail.com, , false, 1580038741
15, lokeshagarwal149@gmail.com, , false, 1580038747
15, lokeshagarwal149@gmail.com, twentysix, false, 1580038853
15, frozenloser, quentintarantino, false, 1580039471
15, frozenloser, quentin, false, 1580039484
15, frozenloser, quentintarantino, false, 1580039487
15, frozenloser, ingloriousbastards, false, 1580039506
15, frozenloser, inglouriousbastards, false, 1580039509
15, frozenloser, inglouriousbasterds, false, 1580039530
15, cyclonite, djangounchanged, false, 1580039567
15, frozenloser, ahomage, false, 1580039759
15, frozenloser, agomage, false, 1580039764
15, frozenloser, ahomage, false, 1580039766
15, frozenloser, homage, false, 1580039769
15, frozenloser, homage, false, 1580039771
15, frozenloser, onceuponatimeinhollywood, false, 1580039778
15, frozenloser, sally, false, 1580039844
15, lokeshagarwal149@gmail.com, tarantino, false, 1580039888
15, frozenloser, sergioleone, false, 1580039914
15, lokeshagarwal149@gmail.com, tarantinoxx, false, 1580039941
15, frozenloser, sallymenke, false, 1580039943
15, frozenloser, wuentin, false, 1580039947
15, lokeshagarwal149@gmail.com, pulpfiction, false, 1580040073
15, frozenloser, pulpfiction, false, 1580040296
15, frozenloser, movies, false, 1580040299
15, frozenloser, djangounchained, false, 1580040309
15, frozenloser, django, false, 1580040312
15, SneakyGrease, grindhouse, true, 1580040322
15, frozenloser, killbill, false, 1580040338
15, frozenloser, killbil, false, 1580040339
15, frozenloser, killbillvolume, false, 1580040342
15, frozenloser, killbillvolumeone, false, 1580040344
15, frozenloser, killbillvolumetwo, false, 1580040346
15, frozenloser, reservoirdogs, false, 1580040366
15, frozenloser, gore, false, 1580040447
15, frozenloser, onceuponatimeinhollywood, false, 1580040524
15, frozenloser, onceuponatimeinholywood, false, 1580040527
15, frozenloser, deathprrof, false, 1580040563
15, frozenloser, deathproof, false, 1580040565
15, frozenloser, onceuponatimein...hollywood, false, 1580040702
15, lokeshagarwal149@gmail.com, quentintarantino, false, 1580040812
15, frozenloser, badtimesattheelroyale, false, 1580040861
15, frozenloser, quentintarantino, false, 1580040956
15, frozenloser, killbill, false, 1580040990
15, frozenloser, documentary, false, 1580041134
15, Y2KInventedMe, firsteight, false, 1580041207
15, Y2KInventedMe, 8, false, 1580041209
15, Y2KInventedMe, 1steight, false, 1580041213
15, cyclonite, naturalbornkillers, false, 1580041287
15, cyclonite, killbill, false, 1580041304
15, cyclonite, killbillvolumeone, false, 1580041311
15, cyclonite, killbillvolumetwo, false, 1580041340
15, cyclonite, fourrooms, false, 1580041344
15, cyclonite, themanfromhollywood, false, 1580041387
15, cyclonite, sincity, false, 1580041408
15, cyclonite, barrybarclay, false, 1580041482
15, cyclonite, maori, false, 1580041601
15, cyclonite, thecanvas, false, 1580041621
15, cyclonite, imagesofdignity, false, 1580041658
15, cyclonite, indiragandhi, false, 1580041712
15, Y2KInventedMe, thecanvas, false, 1580041717
15, Y2KInventedMe, canvas, false, 1580041720
15, cyclonite, killbill, false, 1580041765
15, cyclonite, killbillvolume1, false, 1580041783
15, cyclonite, killbillvolumeone, false, 1580041786
15, cyclonite, thematrix, false, 1580041935
15, maverick_729, kriyayoga, false, 1580041954
15, lokeshagarwal149@gmail.com, twentyyearsoffilmmaking, false, 1580041955
15, maverick_729, kriyayoga, false, 1580041959
15, maverick_729, kriyayoga, false, 1580041959
15, lokeshagarwal149@gmail.com, quentuntarantinotwentyyearsoffilmmaking, false, 1580041970
15, lokeshagarwal149@gmail.com, director, false, 1580042052
15, lokeshagarwal149@gmail.com, director, false, 1580042052
15, dmachine7, onceuponatimeinhollywood, false, 1580042062
15, lokeshagarwal149@gmail.com, documentary, false, 1580042074
15, lokeshagarwal149@gmail.com, documentary, false, 1580042075
15, lokeshagarwal149@gmail.com, filmmaking, false, 1580042080
15, lokeshagarwal149@gmail.com, filmmaker, false, 1580042084
15, lokeshagarwal149@gmail.com, onceuponatimeinhollywood, false, 1580042105
15, lokeshagarwal149@gmail.com, onceuponatimeinhollywood, false, 1580042106
15, lokeshagarwal149@gmail.com, onceuponatimeinhollywood, false, 1580042106
15, lokeshagarwal149@gmail.com, onceuponatimeinhollywood, false, 1580042106
15, cyclonite, inglouriousbasterds, false, 1580042160
15, cyclonite, inglouriousbasterds, false, 1580042169
15, dmachine7, summerofsixtynine, false, 1580042175
15, maverick_729, , false, 1580042194
15, cyclonite, killercrow, false, 1580042210
15, cyclonite, doublevvega, false, 1580042235
15, lokeshagarwal149@gmail.com, potrait, false, 1580042249
15, dmachine7, onceuponatimeinhollywood, false, 1580042336
15, cyclonite, inglouriousbasterds, false, 1580042358
15, dmachine7, brucelee, false, 1580042380
15, angad11121, grindhouse, true, 1580042457
15, cyclonite, ourownimage, false, 1580042522
15, frozenloser, shooting, false, 1580042595
15, frozenloser, acting, false, 1580042598
15, frozenloser, filmmaking, false, 1580042603
15, dmachine7, movieart, false, 1580042606
15, dmachine7, pulpfiction, false, 1580042629
15, dmachine7, pastiche, false, 1580042681
15, frozenloser, qt, false, 1580042744
15, frozenloser, cutie, false, 1580042747
15, maverick_729, , false, 1580042807
15, maverick_729, , false, 1580043016
15, maverick_729, homage, false, 1580043034
15, maverick_729, quentintarantino, false, 1580043074
15, frozenloser, ingloriousbasterds, false, 1580043077
15, frozenloser, ingloriousbastards, false, 1580043079
15, frozenloser, inglorious, false, 1580043085
15, maverick_729, tarantino, false, 1580043101
15, Azwraith, blaxploitation, false, 1580043150
15, dmachine7, charlesmanson, false, 1580043161
15, dmachine7, tatelabianca, false, 1580043172
15, Azwraith, rumpunch, false, 1580043176
15, Azwraith, jackiebrown, false, 1580043198
15, Azwraith, elmoreleonard, false, 1580043217
15, lokeshagarwal149@gmail.com, flrxdjpvbhnt, false, 1580043840
15, lokeshagarwal149@gmail.com, flrxdjpvbhnt, false, 1580043841
15, dmachine7, fourthdimension, false, 1580044120
15, dmachine7, fourthcinema, false, 1580044230
15, dmachine7, barrybarclay, false, 1580044432
15, dmachine7, killbill, false, 1580044555
15, dmachine7, fourthcinema, false, 1580044564
15, dmachine7, fourrooms, false, 1580044599
15, dmachine7, eddiepresley, false, 1580044638
15, maverick_729, wztlknlkfgflknld, false, 1580044646
15, maverick_729, wztlknlkfgflknld, false, 1580044647
15, maverick_729, wztlknlkfgflknld, false, 1580044647
15, maverick_729, killbill, false, 1580044768
15, maverick_729, naturalbornkillers, false, 1580044778
15, Azwraith, killbill, false, 1580044810
15, maverick_729, pulpfiction, false, 1580044824
15, webhunter, fromdusktilldawn, false, 1580044843
15, dmachine7, fourthcinema, false, 1580044863
15, Azwraith, naturalbornkillers, false, 1580044864
15, dmachine7, barrybarclay, false, 1580044871
15, dmachine7, barrybarclays, false, 1580044876
15, webhunter, therock, false, 1580044880
15, cyclonite, fourthcinema, false, 1580044916
15, webhunter, trueromance, false, 1580044940
15, yash_odhan, tarantino, false, 1580044948
15, yash_odhan, tarantinoxx, false, 1580044953
15, dmachine7, ngati, false, 1580044965
15, dmachine7, ngatiapa, false, 1580044969
15, maverick_729, pulpfiction, false, 1580044973
15, maverick_729, pulpfiction, false, 1580044974
15, dmachine7, fourthworld, false, 1580045025
15, webhunter, trueromance, false, 1580045039
15, dmachine7, barryronaldbarclay, false, 1580045056
15, yash_odhan, homage, false, 1580045092
15, yash_odhan, ahomage, false, 1580045095
15, yash_odhan, homagea, false, 1580045100
15, webhunter, killbillvolume1, false, 1580045129
15, webhunter, killbill:volume1, false, 1580045134
15, MrSplashMan, killbill, false, 1580045167
15, yash_odhan, 181513175, false, 1580045167
15, webhunter, fromdusktilldawn, false, 1580045172
15, webhunter, fromdusktilldawn2, false, 1580045175
15, yash_odhan, 81513175, false, 1580045181
15, yash_odhan, 815131751, false, 1580045186
15, MrSplashMan, naturalbornkillers, false, 1580045190
15, MrSplashMan, killbillvolumeone, false, 1580045228
15, maverick_729, killbillvolumeone, false, 1580045237
15, maverick_729, killbill, false, 1580045246
15, MrSplashMan, ingloriousbasterds, false, 1580045314
15, MrSplashMan, django, false, 1580045321
15, MrSplashMan, djangounchained, false, 1580045324
15, cookie_pie, onceuponatimeinhollywood, false, 1580045346
15, maverick_729, alias, false, 1580045347
15, yash_odhan, fromdusktilldawn, false, 1580045392
15, niyati10, grindhouse, true, 1580045394
15, maverick_729, fromdusktilldawn, false, 1580045414
15, maverick_729, fromdusktilldawn, false, 1580045415
15, MrSplashMan, pulpfiction, false, 1580045415
15, MrSplashMan, jackiebrown, false, 1580045431
15, yash_odhan, pablopicasso, false, 1580045474
15, yash_odhan, picasso, false, 1580045479
15, MrSplashMan, reservoirdogs, false, 1580045484
15, yash_odhan, bluray, false, 1580045503
15, MrSplashMan, pulpfiction, false, 1580045549
15, MrSplashMan, jackiebrown, false, 1580045563
15, MrSplashMan, killbill, false, 1580045574
15, maverick_729, reservoirdogs, false, 1580045579
15, MrSplashMan, deathproof, false, 1580045587
15, MrSplashMan, onceuponatimeinhollywood, false, 1580045601
15, MrSplashMan, thehatefuleight, false, 1580045617
15, maverick_729, trueromance, false, 1580045619
15, MrSplashMan, killbillvolumetwo, false, 1580045639
15, dmachine7, pulpfiction, false, 1580045644
15, MrSplashMan, killbillvoltwo, false, 1580045645
15, MrSplashMan, killbillvolumeone, false, 1580045651
15, cyclonite, thebride, false, 1580045710
15, webhunter, killbill:thewholebloodyaffair, false, 1580045742
15, webhunter, killbillthewholebloodyaffair, false, 1580045747
15, MrSplashMan, inglouriousbasterds, false, 1580045753
15, akhila96, fourshcinema, false, 1580045762
15, cookie_pie, hatefuleight, false, 1580045838
15, cookie_pie, fourrooms, false, 1580045845
15, maverick_729, fulltiltboogie, false, 1580045870
15, maverick_729, fulltiltboogie, false, 1580045871
15, maverick_729, fulltiltboogie, false, 1580045871
15, MrSplashMan, thebride, false, 1580045874
15, webhunter, allas, false, 1580045890
15, akhila96, tarantino, false, 1580045917
15, cookie_pie, cityoffire, false, 1580045917
15, yash_odhan, quentintarantino, false, 1580045941
15, yash_odhan, quentintarantinoxx, false, 1580045944
15, akhila96, quentintarantino, false, 1580045954
15, MrSplashMan, sincity, false, 1580046009
15, MrSplashMan, killbill, false, 1580046015
15, akhila96, fourrooms, false, 1580046039
15, akhila96, killbill, false, 1580046089
15, akhila96, jackiebrown, false, 1580046101
15, akhila96, fourrooms, false, 1580046117
15, cookie_pie, grindhouse, true, 1580046120
15, akhila96, naturalbornkillers, false, 1580046134
15, akhila96, killbill, false, 1580046158
15, maverick_729, djangounchained, false, 1580046174
15, yash_odhan, pulpfiction, false, 1580046185
15, yash_odhan, reservoirdocs, false, 1580046199
15, yash_odhan, reserviordocs, false, 1580046203
15, yash_odhan, reserviordogs, false, 1580046210
15, yash_odhan, reservoirdogs, false, 1580046216
15, yash_odhan, killbill, false, 1580046221
15, akhila96, inglouriousbasterds, false, 1580046224
15, yash_odhan, djangounchained, false, 1580046232
15, yash_odhan, qt, false, 1580046239
15, akhila96, pulpfiction, false, 1580046260
15, webhunter, karatekiba, false, 1580046285
15, akhila96, fourthcinema, false, 1580046354
15, yash_odhan, trueromance, false, 1580046356
15, cyclonite, billpaxton, false, 1580046376
15, akhila96, killbill, false, 1580046382
15, webhunter, killbillvolume1, false, 1580046398
15, maverick_729, djangounchained, false, 1580046403
15, akhila96, onceuponatimeinhollywood, false, 1580046426
15, MrSplashMan, killbillvolumeone, false, 1580046452
15, maverick_729, killbill, false, 1580046454
15, maverick_729, killbill, false, 1580046456
15, MrSplashMan, killbillvolumetwo, false, 1580046459
15, webhunter, jackiebrown, false, 1580046513
15, akhila96, kill, false, 1580046518
15, akhila96, bill, false, 1580046521
15, maverick_729, grindhouse, true, 1580046525
15, MrSplashMan, grindhouse, true, 1580046540
15, webhunter, grindhouse, true, 1580046552
15, akhila96, killbillvolume1, false, 1580046555
15, akhila96, killbillvolume, false, 1580046556
15, akhila96, killbill1, false, 1580046558
15, yash_odhan, instagram, false, 1580046626
15, yash_odhan, twitter, false, 1580046631
15, akhila96, grindhouse, true, 1580046650
15, dmachine7, fourthcinema, false, 1580046692
15, yash_odhan, inglouriousbasterds, false, 1580046767
15, yash_odhan, jackiebrown, false, 1580046775
15, yash_odhan, deathproof, false, 1580046781
15, frozenloser, fourthcity, false, 1580046847
15, dmachine7, killbill, false, 1580046860
15, dmachine7, killbillvolumetwo, false, 1580046866
15, dmachine7, killbillvolumeone, false, 1580046874
15, dmachine7, killbillvolone, false, 1580046879
15, dmachine7, killbillvoltwo, false, 1580046885
15, frozenloser, fourthcinema, false, 1580046909
15, frozenloser, naturalbornkillers, false, 1580046962
15, frozenloser, naturalbornkiller, false, 1580046963
15, frozenloser, fromdusktilldawn, false, 1580047014
15, frozenloser, fromdusktilldawn, false, 1580047018
15, mandirwahibanayenge, grindhouse, true, 1580047025
15, yash_odhan, thehatefuleight, false, 1580047032
15, frozenloser, pulpfiction, false, 1580047047
15, frozenloser, fourthcinema, false, 1580047053
15, frozenloser, fourthcinema, false, 1580047053
15, frozenloser, fourthcinem, false, 1580047054
15, frozenloser, fourthcinema, false, 1580047055
15, frozenloser, fourrooms, false, 1580047084
15, frozenloser, fromdusktilldawn, false, 1580047089
15, frozenloser, jackiebrown, false, 1580047097
15, yash_odhan, mxptocph, false, 1580047341
15, yash_odhan, mxptocph, false, 1580047364
15, cyclonite, leftfourdead, false, 1580047369
15, cyclonite, killbillvolone, false, 1580047425
15, cyclonite, killbillvolumeone, false, 1580047432
15, cyclonite, killbill, false, 1580047437
15, yash_odhan, jerome, false, 1580047515
15, yash_odhan, quentinjerometarantino, false, 1580047527
15, dmachine7, eddiepresley, false, 1580047607
15, yash_odhan, ahomage181513175, false, 1580047619
15, AdminisGod, grindhouse, true, 1580048111
15, priorysion, ahomage, false, 1580048204
15, priorysion, death, false, 1580048449
15, priorysion, doom, false, 1580048456
15, yash_odhan, onceuponatimeinhollywood, false, 1580048494
15, priorysion, quentintarantino, false, 1580048530
15, priorysion, killbill, false, 1580048535
15, priorysion, popfiction, false, 1580048549
15, YourMomLigma, grindhouse, true, 1580048572
15, priorysion, deathproof, false, 1580048591
15, priorysion, reservoirdogs, false, 1580048694
15, priorysion, stealing, false, 1580048702
15, priorysion, pastiche, false, 1580048729
15, JaffaPodi, grindhouse, true, 1580048763
15, priorysion, redapple, false, 1580048774
15, priorysion, pulpfiction, false, 1580048833
15, priorysion, epilogy, false, 1580049037
15, priorysion, onceuponatimeinhollywood, false, 1580049047
15, Anekchampion, quentintarantino, false, 1580049092
15, priorysion, picasso, false, 1580049111
15, priorysion, pablopicasso, false, 1580049115
15, Anekchampion, quentintarantino, false, 1580049119
15, priorysion, tarantino, false, 1580049121
15, Anekchampion, pulpfiction, false, 1580049146
15, Anekchampion, homage, false, 1580049151
15, Anekchampion, ahomage, false, 1580049156
15, Anekchampion, ingloruisbasterds, false, 1580049172
15, Juggernaut, filmography, false, 1580049189
15, Anekchampion, ingloriousbasterds, false, 1580049191
15, Juggernaut, filmographer, false, 1580049195
15, Anekchampion, ingloriousbastards, false, 1580049197
15, thrilok18, , false, 1580049649
15, Anekchampion, quentintarantino, false, 1580050067
15, Cicada007, tarantino, false, 1580050129
15, Anekchampion, quentintarantinofinalart, false, 1580050136
15, Cicada007, quentin tarantino, false, 1580050137
15, Cicada007, quentintarantino, false, 1580050140
15, Anekchampion, finalart, false, 1580050143
15, Anekchampion, killbill, false, 1580050150
15, Anekchampion, arizonaraiders, false, 1580050180
15, Anekchampion, arizonaraiders, false, 1580050202
15, Anekchampion, arizona, false, 1580050236
15, Anekchampion, killbill, false, 1580050243
15, Anekchampion, killbillvolone, false, 1580050249
15, Anekchampion, rickdalton, false, 1580050439
15, Anekchampion, bencooper, false, 1580050462
15, Anekchampion, bradpitt, false, 1580050468
15, Anekchampion, wildwest, false, 1580050492
15, Anekchampion, djangounchained, false, 1580050500
15, Anekchampion, bountylaw, false, 1580050523
15, Cicada007, twentyseven, false, 1580050543
15, Anekchampion, reservoirdogs, false, 1580050587
15, Anekchampion, arizona, false, 1580050593
15, Anekchampion, arizonahomage, false, 1580050598
15, Cicada007, hostage, false, 1580050751
15, Juggernaut, fourthcipher, false, 1580050761
15, Cicada007, homage, false, 1580050772
15, Cicada007, ahomage, false, 1580050783
15, Cicada007, ahomage, false, 1580050798
15, Cicada007, ahomage, false, 1580050798
15, Cicada007, homage, false, 1580050863
15, priorysion, deathproof, false, 1580050919
15, priorysion, deadbody, false, 1580050924
15, priorysion, themuffsociety, false, 1580050939
15, priorysion, themuff, false, 1580050942
15, priorysion, leonardodicaprio, false, 1580050966
15, priorysion, quentintarantino, false, 1580050976
15, Juggernaut, killbill, false, 1580050994
15, Juggernaut, killbillvol1, false, 1580050998
15, Juggernaut, killbillvolone, false, 1580051002
15, Juggernaut, killbillvolumeone, false, 1580051006
15, Juggernaut, fourthcinema, false, 1580051014
15, priorysion, tarantino, false, 1580051106
15, priorysion, tarantinoxx, false, 1580051108
15, Juggernaut, fourthcinema, false, 1580051122
15, Juggernaut, naturalbornkillers, false, 1580051141
15, Juggernaut, kill, false, 1580051145
15, Juggernaut, killbill, false, 1580051147
15, Juggernaut, killbillone, false, 1580051151
15, Juggernaut, killbillvolumeone, false, 1580051157
15, priorysion, djangounchained, false, 1580051237
15, Juggernaut, jackiebrown, false, 1580051242
15, priorysion, django, false, 1580051246
15, priorysion, bar25, false, 1580051250
15, priorysion, pulpfiction, false, 1580051271
15, priorysion, jackiebrown, false, 1580051277
15, Cicada007, albumcover, false, 1580051330
15, Cicada007, homage, false, 1580051336
15, Cicada007, ahomage, false, 1580051339
15, Cicada007, aahomage, false, 1580051340
15, Cicada007, twentysix, false, 1580051358
15, priorysion, reservoirdogs, false, 1580051358
15, priorysion, reservoirdogspulpfiction, false, 1580051364
15, Cicada007, twentyseven, false, 1580051365
15, priorysion, xx, false, 1580051403
15, frozenloser, killbill, false, 1580051410
15, priorysion, cityonfire, false, 1580051454
15, frozenloser, killbillvolone, false, 1580051575
15, frozenloser, killbillvolumeone, false, 1580051581
15, frozenloser, killbillvolumeone, false, 1580051582
15, frozenloser, killbillone, false, 1580051586
15, frozenloser, killbill, false, 1580051589
15, frozenloser, jackiebrown, false, 1580051611
15, Drake_fabuloso, hack, false, 1580051623
15, priorysion, ladyyourchariotawaits, false, 1580051630
15, frozenloser, fourrooms, false, 1580051634
15, frozenloser, fourroom, false, 1580051635
15, priorysion, redapple, false, 1580051636
15, priorysion, soul, false, 1580051691
15, priorysion, randb, false, 1580051695
15, priorysion, randbsoul, false, 1580051700
15, frozenloser, fourthcinema, false, 1580051703
15, frozenloser, hostage, false, 1580051795
15, ABCD1234, kol16j, false, 1580051797
15, Hereforfun, fiction, false, 1580051800
15, Hereforfun, fantasy, false, 1580051806
15, ABCD1234, quentintaranrino, false, 1580051807
15, Hereforfun, sciencefiction, false, 1580051812
15, frozenloser, crime, false, 1580051820
15, frozenloser, crimehorror, false, 1580051826
15, mupparapukoushik@gmail.com, kriyayoga, false, 1580051829
15, frozenloser, horror, false, 1580051829
15, mupparapukoushik@gmail.com, kriyayoga, false, 1580051832
15, mupparapukoushik@gmail.com, kriyayoga, false, 1580051832
15, mupparapukoushik@gmail.com, kriyayoga, false, 1580051832
15, mupparapukoushik@gmail.com, kriyayoga, false, 1580051832
15, frozenloser, violence, false, 1580051836
15, frozenloser, violence, false, 1580051837
15, Hereforfun, sciencefiction, false, 1580051852
15, Hereforfun, thriller, false, 1580051859
15, frozenloser, cultfilm, false, 1580051868
15, frozenloser, cult, false, 1580051871
15, frozenloser, cult, false, 1580051872
15, frozenloser, gang, false, 1580051875
15, frozenloser, gang, false, 1580051877
15, frozenloser, gangwars, false, 1580051880
15, frozenloser, gangwars, false, 1580051881
15, 123@aditya, homage, false, 1580051891
15, 123@aditya, homagecinema, false, 1580051894
15, 123@aditya, cinematichomage, false, 1580051900
15, frozenloser, anthology, false, 1580051900
15, frozenloser, violent, false, 1580051924
15, frozenloser, violent, false, 1580051924
15, Hereforfun, drama, false, 1580051932
15, Hereforfun, comedy, false, 1580051939
15, Hereforfun, comedywar, false, 1580051953
15, Hereforfun, war, false, 1580051955
15, Hereforfun, crimefiction, false, 1580051968
15, priorysion, yzly, false, 1580052001
15, priorysion, yzlyhnukndl, false, 1580052011
15, Hereforfun, comicbook, false, 1580052018
15, Hereforfun, comic, false, 1580052020
15, Hereforfun, superhero, false, 1580052024
15, cyclonite, fourth, false, 1580052037
15, cyclonite, fourth, false, 1580052040
15, ABCD1234, horror, false, 1580052053
15, ABCD1234, thriller, false, 1580052056
15, ABCD1234, action, false, 1580052059
15, ABCD1234, drama, false, 1580052061
15, mindprobe, comedy, false, 1580052148
15, mindprobe, tradegy, false, 1580052154
15, mindprobe, tragedy, false, 1580052156
15, frozenloser, horrorcomedy, false, 1580052216
15, frozenloser, Family, false, 1580052231
15, dmachine7, fourthcinema, false, 1580052249
15, priorysion, drama, false, 1580052251
15, frozenloser, family, false, 1580052275
15, sanilsjacob, 1homage26, false, 1580052277
15, frozenloser, action, false, 1580052281
15, sanilsjacob, homage, false, 1580052282
15, ABCD1234, ant, false, 1580052287
15, dmachine7, documentary, false, 1580052291
15, frozenloser, thriller, false, 1580052291
15, dmachine7, narrative, false, 1580052299
15, frozenloser, suspense, false, 1580052307
15, dmachine7, experiment, false, 1580052307
15, priorysion, rgfvf, false, 1580052308
15, priorysion, rgfvf, false, 1580052320
15, dmachine7, theatre, false, 1580052322
15, frozenloser, martialarts, false, 1580052324
15, dmachine7, theatre, false, 1580052325
15, dmachine7, television, false, 1580052336
15, priorysion, rgfvfugnvt, false, 1580052351
15, frozenloser, martialart, false, 1580052356
15, frozenloser, martial, false, 1580052358
15, frozenloser, revenge, false, 1580052363
15, priorysion, dramacrime, false, 1580052412
15, priorysion, drama, false, 1580052415
15, priorysion, crime, false, 1580052419
15, priorysion, fiction, false, 1580052426
15, frozenloser, grindhouse, true, 1580052436
15, sanilsjacob, blaxploitation, false, 1580052450
15, dmachine7, australiancinema, false, 1580052457
15, dmachine7, indegenouscinema, false, 1580052465
15, sanilsjacob, blacksploitation, false, 1580052470
15, dmachine7, movietheatre, false, 1580052475
15, sanilsjacob, nigga, false, 1580052476
15, sanilsjacob, tarantino, false, 1580052484
15, dmachine7, movietheater, false, 1580052489
15, ABCD1234, lygojarfhwtn, false, 1580052494
15, dmachine7, theater, false, 1580052494
15, sanilsjacob, steal, false, 1580052502
15, ABCD1234, qndatlk, false, 1580052538
15, sanilsjacob, onceuponatimeinhollywood, false, 1580052543
15, dmachine7, talkies, false, 1580052573
15, ABCD1234,  idaayjddr, false, 1580052614
15, ABCD1234, hollywood, false, 1580052619
15, sanilsjacob, quentintarantino, false, 1580052660
15, dmachine7, tribute, false, 1580052675
15, 123@aditya, visualhomage, false, 1580052682
15, 123@aditya, lygojarfhwtn, false, 1580052685
15, sanilsjacob, quentinjerometarantino, false, 1580052691
15, sanilsjacob, jackiebrown, false, 1580052719
15, dmachine7, classic, false, 1580052727
15, dmachine7, classics, false, 1580052730
15, dmachine7, hollywood, false, 1580052738
15, priorysion, fiction, false, 1580052743
15, sanilsjacob, killbill, false, 1580052743
15, priorysion, pulpfition, false, 1580052749
15, priorysion, yzlyhnukndl, false, 1580052764
15, 123@aditya, fanwort, false, 1580052770
15, priorysion, dramamysterycrime, false, 1580052778
15, 123@aditya, fagot, false, 1580052783
15, ABCD1234, fourthcinema, false, 1580052784
15, priorysion, dramacrime, false, 1580052785
15, priorysion, drama, false, 1580052788
15, priorysion, crime, false, 1580052792
15, 123@aditya, flota, false, 1580052799
15, ABCD1234, killbill, false, 1580052802
15, priorysion, homage, false, 1580052812
15, yash_odhan, drama, false, 1580052828
15, dmachine7, indigenouscinema, false, 1580052829
15, ABCD1234, martialarts, false, 1580052833
15, ABCD1234, martialart, false, 1580052834
15, yash_odhan, comedy, false, 1580052834
15, ABCD1234, martial, false, 1580052836
15, yash_odhan, darkcomedy, false, 1580052839
15, 123@aditya, frontal, false, 1580052848
15, dmachine7, indiegenouscinema, false, 1580052849
15, dmachine7, indegenouscinema, false, 1580052855
15, dmachine7, indigenous, false, 1580052863
15, lokeshagarwal149@gmail.com, grindhouse, true, 1580052886
15, ABCD1234, martialart, false, 1580052895
15, ABCD1234, martialarts, false, 1580052897
15, ABCD1234, martial, false, 1580052898
15, ABCD1234, arts, false, 1580052901
15, priorysion, killbill, false, 1580052902
15, sanilsjacob, grindhouse, true, 1580052907
15, dmachine7, fifthcinema, false, 1580052919
15, ABCD1234, samurai, false, 1580052931
15, harshu@10, grindhouse, true, 1580052932
15, yash_odhan, epic, false, 1580052941
15, yash_odhan, indie, false, 1580052946
15, yash_odhan, indiefilm, false, 1580052949
15, yash_odhan, revisionistwestern, false, 1580052975
15, dmachine7, vintage, false, 1580052994
15, yash_odhan, spaghettiwestern, false, 1580053004
15, Juggernaut, grindhouse, true, 1580053011
15, yash_odhan, blaxploitation, false, 1580053024
15, dmachine7, periodfilms, false, 1580053045
15, dmachine7, period, false, 1580053050
15, priorysion, drama, false, 1580053071
15, yash_odhan, exploitation, false, 1580053075
15, yash_odhan, anthology, false, 1580053083
15, yash_odhan, neonoir, false, 1580053098
15, yash_odhan, noir, false, 1580053102
15, yash_odhan, cult, false, 1580053107
15, yash_odhan, cultfilm, false, 1580053110
15, ABCD1234, crime, false, 1580053115
15, ABCD1234, action, false, 1580053118
15, dmachine7, documentary, false, 1580053119
15, ABCD1234, thriller, false, 1580053121
15, ABCD1234, arts, false, 1580053124
15, dmachine7, documentaries, false, 1580053125
15, ABCD1234, martial, false, 1580053127
15, yash_odhan, western, false, 1580053127
15, priorysion, cityofthelivingdead, false, 1580053137
15, yash_odhan, martialarts, false, 1580053138
15, cyclonite, fourd, false, 1580053155
15, cyclonite, fourdhall, false, 1580053159
15, yash_odhan, adventure, false, 1580053163
15, cyclonite, fourdfillm, false, 1580053165
15, ABCD1234, fiction, false, 1580053165
15, cyclonite, fourdfilm, false, 1580053166
15, yash_odhan, thriller, false, 1580053167
15, yash_odhan, mafia, false, 1580053171
15, priorysion, mnaaonaa, false, 1580053171
15, Cicada007, grindhouse, true, 1580053181
15, ABCD1234, comedy, false, 1580053189
15, ABCD1234, darkcomedy, false, 1580053194
15, ABCD1234, drama, false, 1580053196
15, priorysion, spaghettiwestern, false, 1580053206
15, ABCD1234, western, false, 1580053208
15, ABCD1234, mystery, false, 1580053211
15, priorysion, spaghettiwestern, false, 1580053219
15, ABCD1234, anthology, false, 1580053221
15, priorysion, spaghettiwestern, false, 1580053222
15, priorysion, abhay, false, 1580053236
15, 123@aditya, fourthcinema, false, 1580053240
15, dmachine7, drama, false, 1580053241
15, ABCD1234, indie, false, 1580053243
15, priorysion, aalavandhan, false, 1580053257
15, 123@aditya, fourthcinema, false, 1580053269
15, ABCD1234, noir, false, 1580053270
15, yash_odhan, oeuvre, false, 1580053273
15, ABCD1234, superhero, false, 1580053273
15, 123@aditya, fourth, false, 1580053277
15, priorysion, cult, false, 1580053290
15, priorysion, cultclassic, false, 1580053294
15, dmachine7, satire, false, 1580053295
15, priorysion, classic, false, 1580053298
15, dmachine7, satirical, false, 1580053300
15, ABCD1234, adventure, false, 1580053302
15, priorysion, classiccult, false, 1580053302
15, ABCD1234, war, false, 1580053304
15, ABCD1234, epic, false, 1580053306
15, 123@aditya, indigenous, false, 1580053308
15, 123@aditya, indigenouscinema, false, 1580053310
15, dmachine7, indigenous, false, 1580053311
15, dmachine7, indigenouscinema, false, 1580053318
15, ABCD1234, mafia, false, 1580053318
15, ABCD1234, blaxploitation, false, 1580053336
15, ABCD1234, exploitation, false, 1580053345
15, 123@aditya, forth, false, 1580053360
15, ABCD1234, cult, false, 1580053362
15, ABCD1234, neonoir, false, 1580053365
15, 123@aditya, fourth, false, 1580053366
15, 123@aditya, fourthcinema, false, 1580053368
15, 123@aditya, forthcinema, false, 1580053371
15, dmachine7, history, false, 1580053382
15, dmachine7, historical, false, 1580053387
15, ABCD1234, spaghetti, false, 1580053434
15, 123@aditya, first, false, 1580053436
15, 123@aditya, firstnation, false, 1580053438
15, 123@aditya, firstnationcinema, false, 1580053441
15, architojha2001, grindhouse, true, 1580053442
15, priorysion, noir, false, 1580053454
15, priorysion, neonoir, false, 1580053458
15, 123@aditya, other, false, 1580053459
15, 123@aditya, indigenous, false, 1580053464
15, 123@aditya, fourth, false, 1580053468
15, ABCD1234, violent, false, 1580053479
15, 123@aditya, four, false, 1580053490
15, priorysion, western, false, 1580053492
15, 123@aditya, for, false, 1580053493
15, 123@aditya, four, false, 1580053495
15, ABCD1234, hollywood, false, 1580053501
15, ABCD1234, 2003, false, 1580053512
15, 123@aditya, barry, false, 1580053535
15, 123@aditya, barrybarclay, false, 1580053538
15, priorysion, actionviolence, false, 1580053541
15, priorysion, violence, false, 1580053544
15, ABCD1234, homage, false, 1580053548
15, ABCD1234, grindhouse, true, 1580053552
15, 123@aditya, Fourth, false, 1580053555
15, 123@aditya, fourthcinema, false, 1580053559
15, yash_odhan, blackcomedy, false, 1580053563
15, 25Aaditya, fourthcinema, false, 1580053569
15, priorysion, grindhouse, true, 1580053569
15, 25Aaditya, fourth, false, 1580053571
15, yash_odhan, action, false, 1580053573
15, dmachine7, documentaryfilms, false, 1580053581
15, yash_odhan, alternatehistory, false, 1580053586
15, dmachine7, documentaryfilm, false, 1580053587
15, dmachine7, documentaries, false, 1580053594
15, 123@aditya, third, false, 1580053613
15, 123@aditya, thirdcinema, false, 1580053615
15, 123@aditya, secondcinema, false, 1580053621
15, yash_odhan, revenge, false, 1580053622
15, 123@aditya, second, false, 1580053623
15, yash_odhan, revengeflick, false, 1580053626
15, Light2805, horror, false, 1580053628
15, 123@aditya, fifthcinema, false, 1580053628
15, Light2805, thriller, false, 1580053632
15, 123@aditya, fifth, false, 1580053633
15, Light2805, action, false, 1580053639
15, Drake_fabuloso, tallenge, false, 1580053641
15, dmachine7, featurefilms, false, 1580053642
15, 123@aditya, forthwall, false, 1580053652
15, 123@aditya, time, false, 1580053654
15, dmachine7, tvseries, false, 1580053663
15, Drake_fabuloso, quentintarantino, false, 1580053699
15, yash_odhan, nonlinear, false, 1580053708
15, yash_odhan, nonlinearstyle, false, 1580053712
15, Drake_fabuloso, tarantino, false, 1580053714
15, 123@aditya, indigenous, false, 1580053716
15, yash_odhan, nonlineartype, false, 1580053717
15, 123@aditya, indigenouscinema, false, 1580053720
15, 123@aditya, cinemafourth, false, 1580053727
15, Drake_fabuloso, thriller, false, 1580053755
15, Drake_fabuloso, thriller, false, 1580053764
15, Drake_fabuloso, soul, false, 1580053793
15, Drake_fabuloso, rdsoul, false, 1580053799
15, Drake_fabuloso, rbsoul, false, 1580053809
15, Drake_fabuloso, r, false, 1580053814
15, Drake_fabuloso, randbsoul, false, 1580053820
15, Drake_fabuloso, rb, false, 1580053845
15, Drake_fabuloso, randb, false, 1580053855
15, Drake_fabuloso, violent, false, 1580053862
15, yash_odhan, comedycrime, false, 1580053863
15, yash_odhan, crime, false, 1580053868
15, Drake_fabuloso, unpredictable, false, 1580053871
15, aayush27, lacasadepapel, false, 1580053881
15, yash_odhan, violence, false, 1580053888
15, Drake_fabuloso, violent, false, 1580053888
15, aayush27, moneyheist, false, 1580053892
15, yatish609, lacasadapapel, false, 1580053899
15, Drake_fabuloso, pulpfiction, false, 1580053901
15, 123@aditya, acefhimnortu, false, 1580053902
15, yatish609, paperhouse, false, 1580053903
15, yatish609, berlin, false, 1580053909
15, 123@aditya, fourth, false, 1580053911
15, 123@aditya, fourthcinema, false, 1580053913
15, 123@aditya, noreservetions, false, 1580053930
15, 123@aditya, reservetions, false, 1580053933
15, 123@aditya, reservations, false, 1580053940
15, 123@aditya, noreservations, false, 1580053943
15, yash_odhan, romance, false, 1580053946
15, yash_odhan, romantic, false, 1580053950
15, dmachine7, screenplay, false, 1580053957
15, yash_odhan, war, false, 1580053957
15, yash_odhan, perod, false, 1580053971
15, yash_odhan, period, false, 1580053975
15, yash_odhan, historical, false, 1580053982
15, yash_odhan, historicaldramas, false, 1580053985
15, yash_odhan, historicaldrama, false, 1580053994
15, yash_odhan, musical, false, 1580054004
15, 123@aditya, firstnation, false, 1580054004
15, 123@aditya, firstnationcinema, false, 1580054008
15, 123@aditya, sanmarino, false, 1580054030
15, 123@aditya, france, false, 1580054044
15, 123@aditya, america, false, 1580054061
15, 123@aditya, hollywood', false, 1580054066
15, 123@aditya, hollywood, false, 1580054066
15, 123@aditya, fourthcinema, false, 1580054092
15, 123@aditya, fourthcinem, false, 1580054095
15, 123@aditya, fourthcine, false, 1580054096
15, 123@aditya, fourthcinea, false, 1580054098
15, 123@aditya, fourthcinema, false, 1580054100
15, 123@aditya, fourth, false, 1580054103
15, yash_odhan, thriller, false, 1580054121
15, dmachine7, narratives, false, 1580054125
15, dmachine7, narrative, false, 1580054128
15, 123@aditya, thefourth, false, 1580054128
15, 123@aditya, thefourthcinema, false, 1580054131
15, Y2KInventedMe, grindhouse, true, 1580054132
15, dmachine7, fourthcinemanarratives, false, 1580054145
15, yash_odhan, rampage, false, 1580054165
15, dmachine7, indigenouscinema, false, 1580054176
15, 123@aditya, barry, false, 1580054199
15, 123@aditya, fourth, false, 1580054203
15, dmachine7, invadercinemas, false, 1580054237
15, dmachine7, invadercinema, false, 1580054241
15, 123@aditya, japan, false, 1580054247
15, 123@aditya, america, false, 1580054250
15, 123@aditya, usa, false, 1580054253
15, mupparapukoushik@gmail.com, deathproof, false, 1580054262
15, mupparapukoushik@gmail.com, deathproof, false, 1580054262
15, dmachine7, maori, false, 1580054265
15, 123@aditya, onetwentyone, false, 1580054293
15, 123@aditya, minusonetwentyone, false, 1580054296
15, 123@aditya, fourth, false, 1580054301
15, dmachine7, drama, false, 1580054318
15, dmachine7, tribute, false, 1580054328
15, yash_odhan, samurai, false, 1580054336
15, yash_odhan, samuraicinema, false, 1580054340
15, yash_odhan, unusual, false, 1580054361
15, yash_odhan, sinister, false, 1580054365
15, yash_odhan, sinistercriminal, false, 1580054369
15, yash_odhan, sinistercrime, false, 1580054373
15, yash_odhan, unusualandsinistercrime, false, 1580054382
15, 123@aditya, indigenous, false, 1580054391
15, Anekchampion, westaction, false, 1580054404
15, Anekchampion, violence, false, 1580054409
15, Anekchampion, drama, false, 1580054415
15, 123@aditya, fourthindigenous, false, 1580054448
15, yash_odhan, poliziotteschi, false, 1580054457
15, Anekchampion, soul, false, 1580054467
15, Anekchampion, randb, false, 1580054472
15, 123@aditya, india, false, 1580054502
15, 123@aditya, china, false, 1580054510
15, 123@aditya, hindi, false, 1580054514
15, yash_odhan, homie, false, 1580054514
15, 123@aditya, thefourth, false, 1580054538
15, Anekchampion, crime, false, 1580054549
15, 123@aditya, fourquadrant, false, 1580054552
15, Anekchampion, westdrama, false, 1580054556
15, JamesBond007, legion, false, 1580054558
15, 123@aditya, fourthquadrant, false, 1580054559
15, 123@aditya, forthquadrant, false, 1580054562
15, JamesBond007, tarantino, false, 1580054567
15, Anekchampion, wildwest, false, 1580054568
15, 123@aditya, forthcinema, false, 1580054577
15, JamesBond007, onceuponatimeinhollywood, false, 1580054581
15, 123@aditya, fourthcinema, false, 1580054598
15, JamesBond007, thriller, false, 1580054605
15, JamesBond007, crime, false, 1580054609
15, JamesBond007, darkhumour, false, 1580054622
15, JamesBond007, action, false, 1580054635
15, yash_odhan, soul, false, 1580054694
15, dmachine7, americancinema, false, 1580054699
15, dmachine7, arthousecinema, false, 1580054706
15, dmachine7, thirdworldcinema, false, 1580054721
15, yash_odhan, neonoir, false, 1580054729
15, yash_odhan, noir, false, 1580054733
15, dmachine7, indigenouscinema, false, 1580054735
15, JamesBond007, pulpfiction, false, 1580054739
15, AceStricker, fourthcinema, false, 1580054741
15, AceStricker, fourth, false, 1580054746
15, mupparapukoushik@gmail.com, horror, false, 1580054769
15, mupparapukoushik@gmail.com, horror, false, 1580054769
15, mupparapukoushik@gmail.com, horror, false, 1580054769
15, mupparapukoushik@gmail.com, horror, false, 1580054769
15, mupparapukoushik@gmail.com, horror, false, 1580054769
15, JamesBond007, killbill, false, 1580054770
15, mupparapukoushik@gmail.com, action, false, 1580054779
15, mupparapukoushik@gmail.com, action, false, 1580054779
15, dmachine7, glocal, false, 1580054786
15, mupparapukoushik@gmail.com, drama, false, 1580054786
15, dmachine7, glocalcinema, false, 1580054794
15, 123@aditya, 4th, false, 1580054795
15, 123@aditya, 4thcinema, false, 1580054797
15, 123@aditya, fourth, false, 1580054801
15, dmachine7, globalcinema, false, 1580054803
15, 123@aditya, indigenous, false, 1580054806
15, mupparapukoushik@gmail.com, thriller, false, 1580054809
15, mupparapukoushik@gmail.com, thriller, false, 1580054809
15, mupparapukoushik@gmail.com, thriller, false, 1580054809
15, mupparapukoushik@gmail.com, thriller, false, 1580054809
15, mupparapukoushik@gmail.com, thriller, false, 1580054809
15, mupparapukoushik@gmail.com, thriller, false, 1580054809
15, mupparapukoushik@gmail.com, thriller, false, 1580054809
15, mupparapukoushik@gmail.com, thriller, false, 1580054809
15, mupparapukoushik@gmail.com, thriller, false, 1580054809
15, mupparapukoushik@gmail.com, thriller, false, 1580054809
15, 123@aditya, gandd, false, 1580054810
15, yash_odhan, saphagetti, false, 1580054811
15, 123@aditya, fourth, false, 1580054814
15, 123@aditya, fourth, false, 1580054814
15, 123@aditya, fourth, false, 1580054814
15, 123@aditya, fourth, false, 1580054815
15, 123@aditya, fourth, false, 1580054815
15, 123@aditya, fourth, false, 1580054815
15, 123@aditya, fourth, false, 1580054815
15, 123@aditya, fourth, false, 1580054815
15, 123@aditya, fourth, false, 1580054816
15, 123@aditya, fourth, false, 1580054816
15, 123@aditya, fourth, false, 1580054816
15, 123@aditya, fourth, false, 1580054816
15, 123@aditya, fourth, false, 1580054816
15, 123@aditya, fourth, false, 1580054816
15, 123@aditya, fourth, false, 1580054817
15, 123@aditya, fourth, false, 1580054817
15, 123@aditya, fourth, false, 1580054817
15, 123@aditya, fourth, false, 1580054817
15, 123@aditya, fourth, false, 1580054817
15, 123@aditya, fourth, false, 1580054818
15, yash_odhan, spaghetti, false, 1580054818
15, 123@aditya, fourth, false, 1580054818
15, 123@aditya, fourth, false, 1580054818
15, 123@aditya, fourth, false, 1580054818
15, 123@aditya, fourth, false, 1580054818
15, 123@aditya, fourth, false, 1580054818
15, 123@aditya, fourth, false, 1580054818
15, 123@aditya, fourth, false, 1580054818
15, 123@aditya, fourth, false, 1580054819
15, 123@aditya, fourth, false, 1580054819
15, 123@aditya, fourth, false, 1580054819
15, 123@aditya, fourth, false, 1580054819
15, 123@aditya, fourth, false, 1580054819
15, 123@aditya, fourth, false, 1580054819
15, 123@aditya, fourth, false, 1580054819
15, 123@aditya, fourth, false, 1580054819
15, 123@aditya, fourth, false, 1580054819
15, 123@aditya, fourth, false, 1580054819
15, 123@aditya, fourth, false, 1580054819
15, 123@aditya, fourth, false, 1580054819
15, 123@aditya, fourth, false, 1580054820
15, 123@aditya, fourth, false, 1580054820
15, 123@aditya, fourth, false, 1580054820
15, 123@aditya, fourth, false, 1580054820
15, 123@aditya, fourth, false, 1580054820
15, 123@aditya, fourth, false, 1580054820
15, 123@aditya, fourth, false, 1580054820
15, 123@aditya, fourth, false, 1580054820
15, 123@aditya, fourth, false, 1580054820
15, 123@aditya, fourth, false, 1580054820
15, 123@aditya, fourth, false, 1580054820
15, 123@aditya, fourth, false, 1580054821
15, 123@aditya, fourth, false, 1580054821
15, 123@aditya, fourth, false, 1580054821
15, 123@aditya, fourth, false, 1580054821
15, 123@aditya, fourth, false, 1580054821
15, 123@aditya, fourth, false, 1580054821
15, 123@aditya, fourth, false, 1580054821
15, 123@aditya, fourth, false, 1580054821
15, 123@aditya, fourth, false, 1580054821
15, 123@aditya, fourth, false, 1580054821
15, 123@aditya, fourth, false, 1580054821
15, 123@aditya, fourth, false, 1580054822
15, 123@aditya, fourth, false, 1580054822
15, 123@aditya, fourth, false, 1580054822
15, 123@aditya, fourth, false, 1580054822
15, 123@aditya, fourth, false, 1580054822
15, 123@aditya, fourth, false, 1580054822
15, 123@aditya, fourth, false, 1580054822
15, 123@aditya, fourth, false, 1580054822
15, 123@aditya, fourth, false, 1580054822
15, 123@aditya, fourth, false, 1580054822
15, 123@aditya, fourth, false, 1580054822
15, 123@aditya, fourth, false, 1580054822
15, 123@aditya, fourth, false, 1580054823
15, 123@aditya, fourth, false, 1580054823
15, mupparapukoushik@gmail.com, cultfilm, false, 1580054823
15, 123@aditya, fourth, false, 1580054823
15, mupparapukoushik@gmail.com, cultfilm, false, 1580054823
15, 123@aditya, fourth, false, 1580054823
15, 123@aditya, fourth, false, 1580054823
15, mupparapukoushik@gmail.com, cultfilm, false, 1580054823
15, 123@aditya, fourth, false, 1580054823
15, 123@aditya, fourth, false, 1580054823
15, mupparapukoushik@gmail.com, cultfilm, false, 1580054823
15, 123@aditya, fourth, false, 1580054823
15, mupparapukoushik@gmail.com, cultfilm, false, 1580054823
15, mupparapukoushik@gmail.com, cultfilm, false, 1580054823
15, 123@aditya, fourth, false, 1580054823
15, 123@aditya, fourth, false, 1580054823
15, 123@aditya, fourth, false, 1580054823
15, 123@aditya, fourth, false, 1580054824
15, 123@aditya, fourth, false, 1580054824
15, 123@aditya, fourth, false, 1580054824
15, 123@aditya, fourth, false, 1580054824
15, 123@aditya, fourth, false, 1580054824
15, 123@aditya, fourth, false, 1580054824
15, 123@aditya, fourth, false, 1580054824
15, 123@aditya, fourth, false, 1580054824
15, 123@aditya, fourth, false, 1580054824
15, 123@aditya, fourth, false, 1580054824
15, 123@aditya, fourth, false, 1580054824
15, 123@aditya, fourth, false, 1580054824
15, 123@aditya, fourth, false, 1580054825
15, 123@aditya, fourth, false, 1580054825
15, 123@aditya, fourth, false, 1580054825
15, 123@aditya, fourth, false, 1580054825
15, 123@aditya, fourth, false, 1580054825
15, 123@aditya, fourth, false, 1580054825
15, 123@aditya, fourthcinema, false, 1580054825
15, 123@aditya, fourth, false, 1580054825
15, 123@aditya, fourth, false, 1580054825
15, 123@aditya, fourth, false, 1580054825
15, 123@aditya, fourth, false, 1580054826
15, 123@aditya, fourthcinema, false, 1580054826
15, 123@aditya, fourth, false, 1580054826
15, 123@aditya, fourthcinema, false, 1580054826
15, 123@aditya, fourth, false, 1580054826
15, 123@aditya, fourthcinema, false, 1580054826
15, 123@aditya, fourth, false, 1580054826
15, 123@aditya, fourthcinema, false, 1580054826
15, 123@aditya, fourth, false, 1580054826
15, 123@aditya, fourthcinema, false, 1580054826
15, 123@aditya, fourth, false, 1580054826
15, 123@aditya, fourthcinema, false, 1580054826
15, 123@aditya, fourth, false, 1580054826
15, 123@aditya, fourthcinema, false, 1580054826
15, 123@aditya, fourth, false, 1580054826
15, 123@aditya, fourth, false, 1580054826
15, 123@aditya, fourthcinema, false, 1580054826
15, 123@aditya, fourth, false, 1580054826
15, 123@aditya, fourthcinema, false, 1580054826
15, 123@aditya, fourth, false, 1580054826
15, 123@aditya, fourthcinema, false, 1580054826
15, 123@aditya, fourth, false, 1580054827
15, 123@aditya, fourthcinema, false, 1580054827
15, 123@aditya, fourth, false, 1580054827
15, 123@aditya, fourthcinema, false, 1580054827
15, 123@aditya, fourth, false, 1580054827
15, 123@aditya, fourthcinema, false, 1580054827
15, 123@aditya, fourth, false, 1580054827
15, 123@aditya, fourthcinema, false, 1580054827
15, 123@aditya, fourth, false, 1580054827
15, 123@aditya, fourth, false, 1580054827
15, 123@aditya, fourth, false, 1580054827
15, 123@aditya, fourth, false, 1580054827
15, 123@aditya, fourth, false, 1580054827
15, 123@aditya, fourth, false, 1580054827
15, 123@aditya, fourth, false, 1580054827
15, 123@aditya, fourth, false, 1580054828
15, 123@aditya, fourth, false, 1580054828
15, 123@aditya, fourth, false, 1580054828
15, 123@aditya, fourth, false, 1580054828
15, 123@aditya, fourth, false, 1580054828
15, 123@aditya, fourth, false, 1580054828
15, 123@aditya, fourth, false, 1580054828
15, 123@aditya, fourth, false, 1580054828
15, 123@aditya, fourth, false, 1580054828
15, 123@aditya, fourth, false, 1580054828
15, 123@aditya, fourth, false, 1580054828
15, 123@aditya, fourth, false, 1580054828
15, 123@aditya, fourth, false, 1580054829
15, 123@aditya, fourth, false, 1580054829
15, 123@aditya, fourth, false, 1580054829
15, 123@aditya, fourth, false, 1580054829
15, 123@aditya, fourth, false, 1580054829
15, mupparapukoushik@gmail.com, honour, false, 1580054839
15, mupparapukoushik@gmail.com, honour, false, 1580054839
15, mupparapukoushik@gmail.com, honour, false, 1580054839
15, mupparapukoushik@gmail.com, honour, false, 1580054839
15, mupparapukoushik@gmail.com, honour, false, 1580054839
15, mupparapukoushik@gmail.com, honour, false, 1580054839
15, mupparapukoushik@gmail.com, honour, false, 1580054840
15, mupparapukoushik@gmail.com, honour, false, 1580054840
15, mupparapukoushik@gmail.com, honour, false, 1580054840
15, mupparapukoushik@gmail.com, honour, false, 1580054840
15, Amarthya, ninety, false, 1580054841
15, Amarthya, ninety, false, 1580054843
15, Amarthya, ninety, false, 1580054844
15, mupparapukoushik@gmail.com, honour, false, 1580054848
15, Tabzzzzzzzz, grindhouse, true, 1580054858
15, aayush27, america, false, 1580054880
15, JamesBond007, quentintarantino, false, 1580054883
15, 123@aditya, fourthcinema, false, 1580054914
15, 123@aditya, fourthcinema, false, 1580054914
15, 123@aditya, fourthcinema, false, 1580054914
15, 123@aditya, fourthcinema, false, 1580054914
15, 123@aditya, fourthcinema, false, 1580054914
15, 123@aditya, fourthcinema, false, 1580054914
15, 123@aditya, fourthcinema, false, 1580054914
15, 123@aditya, fourthcinema, false, 1580054915
15, 123@aditya, fourthcinema, false, 1580054915
15, 123@aditya, fourthcinema, false, 1580054915
15, 123@aditya, fourthcinema, false, 1580054915
15, 123@aditya, fourthcinema, false, 1580054915
15, 123@aditya, fourthcinema, false, 1580054915
15, 123@aditya, quad, false, 1580054942
15, 123@aditya, quadcinema, false, 1580054945
15, 123@aditya, fourththeatre, false, 1580054962
15, JamesBond007, ahomage, false, 1580054970
15, 123@aditya, fourthmovie, false, 1580054971
15, JamesBond007, ahomage, false, 1580054973
15, 123@aditya, fourthmoviehouse, false, 1580054974
15, JamesBond007, homage, false, 1580054976
15, 123@aditya, fourthhouse, false, 1580054978
15, 123@aditya, fourthcineplex, false, 1580054986
15, 123@aditya, fourthmultiplex, false, 1580054992
15, 123@aditya, fourthmotion, false, 1580055011
15, 123@aditya, harmonic, false, 1580055015
15, 123@aditya, simpleharmonicmotion, false, 1580055023
15, 123@aditya, shm, false, 1580055026
15, aayush27, naruto, false, 1580055053
15, JamesBond007, jackiebrown, false, 1580055055
15, aayush27, anime, false, 1580055067
15, 123@aditya, fourthpictures, false, 1580055070
15, 123@aditya, fourthfilms, false, 1580055074
15, 123@aditya, fourthfilm, false, 1580055075
15, 123@aditya, fourthpicture, false, 1580055079
15, 123@aditya, fourthcinemas, false, 1580055082
15, JamesBond007, blaxploitation, false, 1580055088
15, mupparapukoushik@gmail.com, zombie, false, 1580055089
15, mupparapukoushik@gmail.com, zombie, false, 1580055089
15, mupparapukoushik@gmail.com, zombie, false, 1580055089
15, mupparapukoushik@gmail.com, zombie, false, 1580055089
15, yatish609, typeofcinema, false, 1580055092
15, 123@aditya, fourthcinema, false, 1580055095
15, mupparapukoushik@gmail.com, didaster, false, 1580055099
15, mupparapukoushik@gmail.com, didaster, false, 1580055099
15, mupparapukoushik@gmail.com, didaster, false, 1580055099
15, mupparapukoushik@gmail.com, didaster, false, 1580055100
15, mupparapukoushik@gmail.com, didaster, false, 1580055100
15, mupparapukoushik@gmail.com, didaster, false, 1580055100
15, mupparapukoushik@gmail.com, didaster, false, 1580055100
15, mupparapukoushik@gmail.com, didaster, false, 1580055100
15, mupparapukoushik@gmail.com, didaster, false, 1580055100
15, mupparapukoushik@gmail.com, didaster, false, 1580055100
15, mupparapukoushik@gmail.com, didaster, false, 1580055100
15, mupparapukoushik@gmail.com, didaster, false, 1580055100
15, mupparapukoushik@gmail.com, didaster, false, 1580055100
15, mupparapukoushik@gmail.com, didaster, false, 1580055100
15, mupparapukoushik@gmail.com, didaster, false, 1580055100
15, mupparapukoushik@gmail.com, didaster, false, 1580055100
15, mupparapukoushik@gmail.com, didaster, false, 1580055100
15, mupparapukoushik@gmail.com, didaster, false, 1580055100
15, mupparapukoushik@gmail.com, didaster, false, 1580055100
15, mupparapukoushik@gmail.com, didaster, false, 1580055101
15, mupparapukoushik@gmail.com, didaster, false, 1580055101
15, mupparapukoushik@gmail.com, didaster, false, 1580055101
15, mupparapukoushik@gmail.com, didaster, false, 1580055101
15, mupparapukoushik@gmail.com, didaster, false, 1580055101
15, mupparapukoushik@gmail.com, didaster, false, 1580055101
15, mupparapukoushik@gmail.com, didaster, false, 1580055101
15, mupparapukoushik@gmail.com, didaster, false, 1580055101
15, mupparapukoushik@gmail.com, didaster, false, 1580055101
15, mupparapukoushik@gmail.com, disaster, false, 1580055109
15, JamesBond007, blackexploitation, false, 1580055111
15, JamesBond007, blaxploitation, false, 1580055136
15, JamesBond007, blackexploitation, false, 1580055151
15, JamesBond007, blacksploitation, false, 1580055189
15, JamesBond007, music, false, 1580055207
15, JamesBond007, musicgenre, false, 1580055209
15, 123@aditya, fourth, false, 1580055217
15, aayush27, shippuden, false, 1580055223
15, 123@aditya, fourthcinema, false, 1580055227
15, mupparapukoushik@gmail.com, deathproof, false, 1580055233
15, mupparapukoushik@gmail.com, deathproof, false, 1580055233
15, mupparapukoushik@gmail.com, deathproof, false, 1580055233
15, mupparapukoushik@gmail.com, deathproof, false, 1580055234
15, JamesBond007, blackpower, false, 1580055237
15, JamesBond007, black, false, 1580055241
15, cyclonite, imax, false, 1580055362
15, Sravani123, homage, false, 1580055386
15, Sravani123, comedy, false, 1580055391
15, aayush27, hostage, false, 1580055416
15, cyclonite, talkies, false, 1580055429
15, cyclonite, talkies, false, 1580055430
15, mupparapukoushik@gmail.com, silentfilm, false, 1580055439
15, cyclonite, multiplex, false, 1580055441
15, aayush27, homage, false, 1580055443
15, Sravani123, narrative, false, 1580055446
15, Sravani123, documentary, false, 1580055460
15, Sravani123, documentary, false, 1580055460
15, Sravani123, experimental, false, 1580055476
15, Sravani123, experimental, false, 1580055484
15, Sravani123, experiment, false, 1580055488
15, Sravani123, suspense, false, 1580055498
15, Sravani123, suspensefu, false, 1580055502
15, AceStricker, sequel, false, 1580055521
15, mkavgane, grindhouse, true, 1580055523
15, AceStricker, fourth, false, 1580055533
15, AceStricker, fourthsequel, false, 1580055540
15, cyclonite, thriller, false, 1580055545
15, cyclonite, documentary, false, 1580055550
15, mupparapukoushik@gmail.com, homage, false, 1580055639
15, mupparapukoushik@gmail.com, homage, false, 1580055639
15, mupparapukoushik@gmail.com, homage, false, 1580055639
15, mupparapukoushik@gmail.com, homage, false, 1580055639
15, mupparapukoushik@gmail.com, homage, false, 1580055639
15, mupparapukoushik@gmail.com, homage, false, 1580055639
15, mupparapukoushik@gmail.com, homage, false, 1580055640
15, mupparapukoushik@gmail.com, homage, false, 1580055640
15, vermicelli, , false, 1580055670
15, Sravani123, nonlinear, false, 1580055729
15, AceStricker, horror, false, 1580055739
15, AceStricker, film, false, 1580055793
15, AceStricker, singlecamera, false, 1580055798
15, Sravani123, satire, false, 1580055805
15, Sravani123, satirical, false, 1580055811
15, aayush27, tarantino, false, 1580055831
15, yatish609, tarantino, false, 1580055844
15, Sravani123, blackcomedy, false, 1580055852
15, yatish609, quentintarantino, false, 1580055862
15, Sravani123, crime, false, 1580055864
15, yatish609, tarantino, false, 1580055866
15, Sravani123, drama, false, 1580055870
15, yatish609, quentin, false, 1580055872
15, Sravani123, action, false, 1580055881
15, Sravani123, spaghettiwestern, false, 1580055897
15, aayush27, blaxploitation, false, 1580055904
15, vermicelli, tarantino, false, 1580055905
15, Sravani123, alternatehistory, false, 1580055915
15, Sravani123, aesthetic, false, 1580055937
15, aayush27, blaxploitation, false, 1580055938
15, mupparapukoushik@gmail.com, pastiche, false, 1580055943
15, Sravani123, aestheticization, false, 1580055946
15, aayush27, blacksploitation, false, 1580055952
15, vermicelli, quentintarantino, false, 1580055953
15, cyclonite, fourthcinema, false, 1580055967
15, cyclonite, 4thcinema, false, 1580055976
15, cyclonite, fourcinema, false, 1580055980
15, cyclonite, fourthcinema, false, 1580055981
15, aayush27, blackexploitation, false, 1580055996
15, vermicelli, blackwidow, false, 1580056007
15, vermicelli, action, false, 1580056014
15, vermicelli, marvel, false, 1580056020
15, cyclonite, fourth, false, 1580056031
15, vermicelli, thehangman, false, 1580056059
15, cyclonite, indigenouscinema, false, 1580056063
15, vermicelli, hangman, false, 1580056064
15, cyclonite, indigenous, false, 1580056067
15, aayush27, tarantinoesque, false, 1580056103
15, aayush27, tarantinoesque, false, 1580056104
15, yatish609, tarantino, false, 1580056117
15, cyclonite, bollywood, false, 1580056119
15, cyclonite, parasite, false, 1580056126
15, vermicelli, theavengers, false, 1580056131
15, vermicelli, avengers, false, 1580056139
15, cyclonite, maori, false, 1580056154
15, yatish609, formofcinema, false, 1580056169
15, cyclonite, americancinema, false, 1580056175
15, cyclonite, americancinema, false, 1580056175
15, aayush27, pastiche, false, 1580056176
15, yatish609, formofcinema, false, 1580056177
15, aayush27, pastiche, false, 1580056178
15, cyclonite, hollywood, false, 1580056182
15, cyclonite, arthousecinema, false, 1580056186
15, yatish609, killbill, false, 1580056210
15, mupparapukoushik@gmail.com, grindhouse, true, 1580056230
15, cyclonite, grindhouse, true, 1580056231
15, 123@aditya, grindhouse, true, 1580056242
15, yash_odhan, grindhouse, true, 1580056265
15, aayush27, italianspaghettiwesterns, false, 1580056274
15, aayush27, italianspaghetti, false, 1580056278
15, aayush27, spaghettiwesterns, false, 1580056284
15, Alchemist, grindhouse, true, 1580056311
15, yatish609, encylopedia, false, 1580056349
15, aayush27, blaxploitation, false, 1580056365
15, vermicelli, grindhouse, true, 1580056389
15, aayush27, exploitation, false, 1580056411
15, Charannarukulla, grindhouse, true, 1580056428
15, aayush27, bmovie, false, 1580056475
15, aayush27, bmovies, false, 1580056476
15, aayush27, blackexploitation, false, 1580056482
15, yatish609, grindhouse, true, 1580056490
15, aayush27, grindhouse, true, 1580056504
15, sss306969, grindhouse, true, 1580056607
15, photatoo, grindhouse, true, 1580056684
15, JamesBond007, grindhouse, true, 1580056727
15, Parayan4, grindhouse, true, 1580056797
15, Anekchampion, grindhouse, true, 1580056859
15, CS19BTECH11045@iith.ac.in, grindhouse, true, 1580056875
15, Trollface, 13reasonswhy, false, 1580057053
15, Trollface, thirteenreasonswhy, false, 1580057065
15, ajithreddy, grindhouse, true, 1580057240
15, Sandesh9, grin, false, 1580057295
15, Sandesh9, grindhouse, true, 1580057343
15, TipTopGauntlet, grindhouse, true, 1580057386
15, Gold_digger, grindhouse, true, 1580057389
15, blank123, grindhouse, true, 1580057516
15, IdioticBaka1824, grindhouse, true, 1580057532
15, dmachine7, grindhouse, true, 1580057856
15, reddyjaideep1729, grindhouse, true, 1580057890
15, Luciferr, grindhouse, true, 1580058542
15, Wolverine_rockzz, , false, 1580058888
15, Spurthi31, Grindhouse, false, 1580059015
15, Spurthi31, grindhouse, true, 1580059027
15, Drake_fabuloso, grindhouse, true, 1580059030
15, Wolverine_rockzz, grindhouse, true, 1580059410
15, Phoenix22, grindhouse, true, 1580060122
15, thrilok18, grindyard, false, 1580060272
15, thrilok18, grindyard, false, 1580060290
15, thrilok18, grindhouse, true, 1580060367
15, oura162333, courage, false, 1580060493
15, oura162333, 1, false, 1580060660
15, oura162333, 26, false, 1580060663
15, AceStricker, grindhouse, true, 1580060674
15, oura162333, naruto, false, 1580060707
15, 666_devil_666, grindhouse, true, 1580060717
15, oura162333, homage, false, 1580060786
15, oura162333, ahomage, false, 1580060790
15, oura162333, abbaji, false, 1580060801
15, proton25, grindhouse, true, 1580060814
15, oura162333, thegreatchariot, false, 1580060831
15, oura162333, grindhouse, true, 1580061078
15, ModiShallNotGiveHints, grindhouse, true, 1580061841
15, Srikanth, grindhouse, true, 1580063533
15, Vampire_Hunter, grindhouse, true, 1580064465
15, Khal_nayak, grondhouse, false, 1580065566
15, Khal_nayak, grindhouse, true, 1580065577
