16, AdminAdmin, marieantoinette, true, 1579969095
16, aaabattery, doomsday, false, 1579987429
16, geraltofrivia, bible, false, 1579988233
16, geraltofrivia, jesuschrist, false, 1579988240
16, geraltofrivia, jesus, false, 1579988243
16, ronnie_36, time, false, 1579988281
16, FreezeV2, bible, false, 1579988354
16, aaabattery, bible, false, 1579988401
16, Radicalidol, bible, false, 1579988442
16, geraltofrivia, bookofarcher, false, 1579988459
16, aaabattery, peace, false, 1579988523
16, geraltofrivia, james, false, 1579988636
16, geraltofrivia, James, false, 1579988639
16, ronnie_36, 1553, false, 1579988654
16, Radicalidol, thelastsupper, false, 1579988656
16, Radicalidol, Leonardodavinci, false, 1579988672
16, geraltofrivia, newtestament, false, 1579988714
16, geraltofrivia, thenewtestament, false, 1579988721
16, ronnie_36, nkjv, false, 1579988963
16, geraltofrivia, saintstephen, false, 1579989059
16, FreezeV2, nioaemlts, false, 1579989738
16, FreezeV2, ailments, false, 1579989767
16, FreezeV2, semitonal, false, 1579989776
16, geraltofrivia, tomeitinotqueenamit, false, 1579990197
16, geraltofrivia, tomeiti notqueenamit, false, 1579990203
16, geraltofrivia, hiesbmass, false, 1579990539
16, geraltofrivia, hiesbmass, false, 1579990540
16, geraltofrivia, hiesbmass, false, 1579990540
16, ronnie_36, queen, false, 1579990652
16, ronnie_36, dontstopmenow, false, 1579990669
16, ronnie_36, am, false, 1579990706
16, GreenEarthEagle, doomsdayclock, false, 1579990733
16, FreezeV2, unowneds, false, 1579990810
16, FreezeV2, unowned, false, 1579990814
16, Radicalidol, hiesbmass, false, 1579990815
16, AdminAdmin, businessman, false, 1579990988
16, AdminAdmin, marieantoinette, true, 1579991007
16, CrazyByDefaut, spacex, false, 1579991133
16, CrazyByDefaut, tesla, false, 1579991136
16, CrazyByDefaut, falcon, false, 1579991139
16, CrazyByDefaut, elonmusk, false, 1579991144
16, CrazyByDefaut, donalddrumpf, false, 1579991149
16, CrazyByDefaut, epsteindidntkillhimself, false, 1579991160
16, CrazyByDefaut, epsteindidntkillhimselfyet, false, 1579991162
16, CrazyByDefaut, thanosdidnothingwrong, false, 1579991172
16, CrazyByDefaut, thanosdidnothingwrong, false, 1579991172
16, CrazyByDefaut, thanosdidnothingwrong, false, 1579991173
16, CrazyByDefaut, thanosdidnothingwrong, false, 1579991173
16, CrazyByDefaut, thanosdidnothingwrong, false, 1579991173
16, CrazyByDefaut, thanosdidnothingwrong, false, 1579991173
16, CrazyByDefaut, thanosdidnothingwrong, false, 1579991173
16, CrazyByDefaut, thanosdidnothingwrong, false, 1579991173
16, CrazyByDefaut, thanosdidnothingwrong, false, 1579991173
16, CrazyByDefaut, thanosdidnothingwrong, false, 1579991173
16, CrazyByDefaut, thanosdidnothingwrong, false, 1579991173
16, CrazyByDefaut, thanosdidnothingwrong, false, 1579991174
16, CrazyByDefaut, thanosdidnothingwrong, false, 1579991174
16, CrazyByDefaut, hitlerdidnothingwrong, false, 1579991178
16, CrazyByDefaut, hitlerdidnothingwrong, false, 1579991180
16, CrazyByDefaut, hitlerdidnothingwrong, false, 1579991181
16, CrazyByDefaut, hitlerdidnothingwrong, false, 1579991181
16, CrazyByDefaut, hitlerdidnothingwrong, false, 1579991181
16, CrazyByDefaut, hitlerdidnothingwrong, false, 1579991181
16, CrazyByDefaut, hitlerdidnothingwrong, false, 1579991181
16, CrazyByDefaut, hitlerdidnothingwrong, false, 1579991181
16, CrazyByDefaut, hitlerdidnothingwrong, false, 1579991182
16, CrazyByDefaut, hitlerdidnothingwrong, false, 1579991182
16, CrazyByDefaut, hitlerdidnothingwrong, false, 1579991182
16, CrazyByDefaut, hitlerdidnothingwrong, false, 1579991182
16, CrazyByDefaut, hitlerdidnothingwrong, false, 1579991182
16, CrazyByDefaut, hitlerdidnothingwrong, false, 1579991182
16, CrazyByDefaut, hitlerdidnothingwrong, false, 1579991183
16, CrazyByDefaut, hitlerdidnothingwrong, false, 1579991183
16, CrazyByDefaut, hitlerdidnothingwrong, false, 1579991184
16, CrazyByDefaut, hitlerdidnothingwrong, false, 1579991184
16, CrazyByDefaut, hitlerdidnothingwrong, false, 1579991184
16, CrazyByDefaut, hitlerdidnothingwrong, false, 1579991184
16, CrazyByDefaut, hitlerdidnothingwrong, false, 1579991184
16, CrazyByDefaut, hitlerdidnothingwrong, false, 1579991184
16, CrazyByDefaut, hitlerdidnothingwrong, false, 1579991184
16, CrazyByDefaut, hitlerdidnothingwrong, false, 1579991184
16, CrazyByDefaut, hitlerdidnothingwrong, false, 1579991185
16, CrazyByDefaut, hitlerdidnothingwrong, false, 1579991185
16, CrazyByDefaut, hitlerdidnothingwrong, false, 1579991185
16, CrazyByDefaut, hitlerdidnothingwrong, false, 1579991185
16, CrazyByDefaut, hitlerdidnothingwrong, false, 1579991185
16, CrazyByDefaut, hitlerdidnothingwrong, false, 1579991185
16, CrazyByDefaut, hitlerdidnothingwrong, false, 1579991185
16, CrazyByDefaut, hitlerdidnothingwrong, false, 1579991185
16, CrazyByDefaut, hitlerdidnothingwrong, false, 1579991185
16, CrazyByDefaut, hitlerdidnothingwrong, false, 1579991186
16, CrazyByDefaut, hitlerdidnothingwrong, false, 1579991186
16, CrazyByDefaut, hitlerdidnothingwrong, false, 1579991186
16, CrazyByDefaut, hitlerdidnothingwrong, false, 1579991186
16, CrazyByDefaut, hitlerdidnothingwrong, false, 1579991186
16, CrazyByDefaut, hitlerdidnothingwrong, false, 1579991186
16, CrazyByDefaut, hitlerdidnothingwrong, false, 1579991186
16, CrazyByDefaut, hitlerdidnothingwrong, false, 1579991186
16, CrazyByDefaut, hitlerdidnothingwrong, false, 1579991187
16, CrazyByDefaut, hitlerdidnothingwrong, false, 1579991187
16, CrazyByDefaut, hitlerdidnothingwrong, false, 1579991187
16, CrazyByDefaut, hitlerdidnothingwrong, false, 1579991187
16, CrazyByDefaut, hitlerdidnothingwrong, false, 1579991187
16, CrazyByDefaut, hitlerdidnothingwrong, false, 1579991187
16, CrazyByDefaut, hitlerdidnothingwrong, false, 1579991187
16, CrazyByDefaut, hitlerdidnothingwrong, false, 1579991187
16, CrazyByDefaut, hitlerdidnothingwrong, false, 1579991188
16, CrazyByDefaut, hitlerdidnothingwrong, false, 1579991188
16, CrazyByDefaut, hitlerdidnothingwrong, false, 1579991188
16, CrazyByDefaut, hitlerdidnothingwrong, false, 1579991188
16, CrazyByDefaut, hitlerdidnothingwrong, false, 1579991188
16, CrazyByDefaut, hitlerdidnothingwrong, false, 1579991188
16, CrazyByDefaut, hitlerdidnothingwrong, false, 1579991188
16, CrazyByDefaut, hitlerdidnothingwrong, false, 1579991188
16, CrazyByDefaut, hitlerdidnothingwrong, false, 1579991188
16, CrazyByDefaut, hitlerdidnothingwrong, false, 1579991189
16, CrazyByDefaut, hitlerdidnothingwrong, false, 1579991189
16, CrazyByDefaut, hitlerdidnothingwrong, false, 1579991189
16, CrazyByDefaut, hitlerdidnothingwrong, false, 1579991189
16, CrazyByDefaut, hitlerdidnothingwrong, false, 1579991189
16, CrazyByDefaut, hitlerdidnothingwrong, false, 1579991189
16, CrazyByDefaut, hitlerdidnothingwrong, false, 1579991189
16, CrazyByDefaut, hitlerdidnothingwrong, false, 1579991189
16, CrazyByDefaut, hitlerdidnothingwrong, false, 1579991190
16, CrazyByDefaut, hitlerdidnothingwrong, false, 1579991190
16, CrazyByDefaut, hitlerdidnothingwrong, false, 1579991190
16, CrazyByDefaut, hitlerdidnothingwrong, false, 1579991190
16, CrazyByDefaut, hitlerdidnothingwrong, false, 1579991190
16, CrazyByDefaut, hitlerdidnothingwrong, false, 1579991190
16, CrazyByDefaut, hitlerdidnothingwrong, false, 1579991190
16, CrazyByDefaut, hitlerdidnothingwrong, false, 1579991190
16, CrazyByDefaut, hitlerdidnothingwrong, false, 1579991191
16, CrazyByDefaut, hitlerdidnothingwrong, false, 1579991191
16, CrazyByDefaut, hitlerdidnothingwrong, false, 1579991191
16, CrazyByDefaut, hitlerdidnothingwrong, false, 1579991191
16, ronnie_36, lakeside, false, 1579991330
16, Radicalidol, palindrome, false, 1579991596
16, Radicalidol, palindrome, false, 1579991603
16, Radicalidol, palindrome, false, 1579991603
16, Radicalidol, palindrome, false, 1579991603
16, ronnie_36, seehearse, false, 1579991657
16, ronnie_36, seeherse, false, 1579991665
16, Radicalidol, uranium, false, 1579991744
16, ronnie_36, shahid, false, 1579992219
16, ronnie_36, see, false, 1579992264
16, ronnie_36, sea, false, 1579992270
16, ronnie_36, soo, false, 1579992295
16, ronnie_36, seo, false, 1579992301
16, MishuAnubis, avrillavigne, false, 1579992312
16, ronnie_36, seedier, false, 1579992463
16, ronnie_36, seedier, false, 1579992474
16, ronnie_36, devisee, false, 1579992493
16, MishuAnubis, williamshakespeare, false, 1579992519
16, MishuAnubis, shakespeare, false, 1579992523
16, MishuAnubis, excuseme, false, 1579992526
16, GreenEarthEagle, marieantoinette, true, 1579992547
16, MishuAnubis, marieantoinette, true, 1579992551
16, Kamikaze, marieantoinette, true, 1579992570
16, iBlyatiful, marieantoinette, true, 1579992600
16, CrazyByDefaut, marieantoinette, true, 1579992613
16, geraltofrivia, newkingjames, false, 1579992665
16, geraltofrivia, modisgay, false, 1579992670
16, geraltofrivia, modganduhai, false, 1579992676
16, AdminAdmin, marieantoinette, true, 1579992714
16, AdminAdmin, businessman, false, 1579993062
16, AdminAdmin, marieantoinette, true, 1579993070
16, FreezeV2, grindhouse, false, 1579993193
16, FreezeV2, grindhouse, false, 1579993197
16, aaabattery, histogram, false, 1579993636
16, FreezeV2, histogram, false, 1579993640
16, aaabattery, hierarcy, false, 1579993645
16, aaabattery, amortise, false, 1579993827
16, aaabattery, foamiest, false, 1579993860
16, geraltofrivia, marieantoinette, true, 1579993893
16, aaabattery, marieantoinette, true, 1579993915
16, Radicalidol, marieantoinette, true, 1579993930
16, FreezeV2, marieantoinette, true, 1579993932
16, ronnie_36, marieantoinette, true, 1579994163
16, anand._.10, marieantointte, false, 1579994230
16, anand._.10, marieantointte, false, 1579994327
16, anand._.10, marieantoinette, true, 1579994333
16, tushartiwariofficial, marieantoinette, true, 1579997729
16, TheDemigod, forbes, false, 1579998083
16, TheDemigod, fortytwo, false, 1579998089
16, TheDemigod, fastandfurious, false, 1579998199
16, vedantsingh1404, shawshankredemption, false, 1579998978
16, vedantsingh1404, shawshankredemption, false, 1579998979
16, vedantsingh1404, shawshankredemption, false, 1579998981
16, vedantsingh1404, shawshankredemption, false, 1579998982
16, vedantsingh1404, burgerking, false, 1579999096
16, vedantsingh1404, yankees, false, 1579999301
16, vedantsingh1404, prideoftheyankees, false, 1579999310
16, SolveyMcSolveface, marieantoinette, true, 1579999609
16, vedantsingh1404, monologue, false, 1580000022
16, vedantsingh1404, pulpfiction, false, 1580000032
16, vedantsingh1404, andy, false, 1580000039
16, vedantsingh1404, andydufresne, false, 1580000053
16, vedantsingh1404, ezekiel, false, 1580000726
16, vedantsingh1404, jules, false, 1580000884
16, vedantsingh1404, jonsnow, false, 1580001353
16, vedantsingh1404, bible, false, 1580001859
16, vedantsingh1404, bible, false, 1580001863
16, vedantsingh1404, kingjames, false, 1580001869
16, vedantsingh1404, kingjamesversion, false, 1580001870
16, vedantsingh1404, donalddtrump, false, 1580001900
16, vedantsingh1404, trump, false, 1580001904
16, ysh_suvarna, marieantoinette, true, 1580002034
16, vedantsingh1404, vashti, false, 1580002213
16, vedantsingh1404, isaiah, false, 1580002222
16, vedantsingh1404, elijah, false, 1580002228
16, vedantsingh1404, lordoftherings, false, 1580002235
16, vedantsingh1404, elijah, false, 1580002260
16, vedantsingh1404, elisha, false, 1580002262
16, vedantsingh1404, breakingbad, false, 1580002481
16, vedantsingh1404, bettercaulsaul, false, 1580002488
16, vedantsingh1404, bibleverses, false, 1580002591
16, vedantsingh1404, jeremiah, false, 1580002771
16, vedantsingh1404, isaiah, false, 1580002776
16, vedantsingh1404, bible, false, 1580002782
16, vedantsingh1404, jesus, false, 1580002787
16, vedantsingh1404, jesuschrist, false, 1580002790
16, vedantsingh1404, theshawshankredemption, false, 1580002995
16, vedantsingh1404, shawshank, false, 1580003005
16, vedantsingh1404, ritahayworth, false, 1580003069
16, vedantsingh1404, andydufresne, false, 1580003099
16, vedantsingh1404, frozen, false, 1580003165
16, vedantsingh1404, narnia, false, 1580003178
16, pasta4lyf, maryantoinette, false, 1580004398
16, pasta4lyf, hiesbmass, false, 1580004425
16, pasta4lyf, marieantoinette, true, 1580004448
16, bhanushali, marieantoinette, true, 1580005576
16, aakshata, three, false, 1580007088
16, Whazza42, marieantoinette, true, 1580007402
16, ee190002068, marieantoinette\, false, 1580008095
16, ee190002068, marieantoinette, true, 1580008096
16, vivekbhushan, marieantoinette, true, 1580012748
16, vedantsingh1404, you, false, 1580014194
16, flitwick, bible, false, 1580014420
16, flitwick, bible, false, 1580014454
16, Tanishq2403, 2012, false, 1580014527
16, vedantsingh1404, donaldtrump, false, 1580014593
16, vedantsingh1404, putin, false, 1580014596
16, vedantsingh1404, vladimirputin, false, 1580014601
16, vedantsingh1404, narendramodi, false, 1580014605
16, vedantsingh1404, palestine, false, 1580014633
16, vedantsingh1404, bendtner, false, 1580014809
16, vedantsingh1404, thelordofhtherings, false, 1580014870
16, vedantsingh1404, smeagol, false, 1580014874
16, vedantsingh1404, sauron, false, 1580014878
16, vedantsingh1404, thor, false, 1580014971
16, vedantsingh1404, marvel, false, 1580014974
16, vedantsingh1404, mcu, false, 1580014976
16, vedantsingh1404, daenerys, false, 1580015343
16, vedantsingh1404, gameofthrones, false, 1580015348
16, vedantsingh1404, jonsnow, false, 1580015352
16, vedantsingh1404, varys, false, 1580015355
16, vedantsingh1404, lordvary, false, 1580015358
16, vedantsingh1404, lordvarys, false, 1580015360
16, vedantsingh1404, youngsheldon, false, 1580015463
16, vedantsingh1404, sheldon, false, 1580015467
16, vedantsingh1404, 1920, false, 1580015492
16, ayamrage, neologism, false, 1580015599
16, hazy.......007, marieantoinette, true, 1580015662
16, vedantsingh1404, pulpfiction, false, 1580015741
16, vedantsingh1404, quentintarantino, false, 1580015747
16, Tanishq2403, naomi, false, 1580015957
16, Tanishq2403, naomicampbell, false, 1580015961
16, Tanishq2403, rainbowsinculture, false, 1580015992
16, Tanishq2403, thefourgospels, false, 1580016177
16, Tanishq2403, fourgospels, false, 1580016184
16, Tanishq2403, thefourgospels, false, 1580016188
16, Tanishq2403, thenewtestament, false, 1580016226
16, vedantsingh1404, biblr, false, 1580016250
16, vedantsingh1404, bible, false, 1580016251
16, vedantsingh1404, jeus, false, 1580016253
16, vedantsingh1404, jesus, false, 1580016254
16, vedantsingh1404, jesuschrist, false, 1580016256
16, vedantsingh1404, kingjonh, false, 1580016261
16, vedantsingh1404, kingjohnversion, false, 1580016264
16, vedantsingh1404, kingjohn, false, 1580016265
16, vedantsingh1404, kjv, false, 1580016268
16, vedantsingh1404, newinternationalversion, false, 1580016273
16, vedantsingh1404, pusssssaaaaaayyyyyy, false, 1580016280
16, vedantsingh1404, ritahayworthandtheshawshankredpemption, false, 1580016297
16, vedantsingh1404, shawshankredemption, false, 1580016304
16, vedantsingh1404, shawshankredemption, false, 1580016304
16, vedantsingh1404, shawshankredemption, false, 1580016304
16, vedantsingh1404, morganfreeman, false, 1580016310
16, vedantsingh1404, shawshankprison, false, 1580016317
16, Tanishq2403, thelastsupper, false, 1580016325
16, vedantsingh1404, frankdarabont, false, 1580016369
16, flitwick, marieantoinette, true, 1580016371
16, vedantsingh1404, timrobbins, false, 1580016385
16, vedantsingh1404, nikimarvin, false, 1580016399
16, vedantsingh1404, ritahayworthandshawshankredemption, false, 1580016408
16, Tanishq2403, kingjames, false, 1580016480
16, Tanishq2403, kingjamesversion, false, 1580016483
16, vedantsingh1404, zihuateanejo, false, 1580016489
16, vedantsingh1404, zihuatenajo, false, 1580016495
16, Brokeigma, marieantoinette, true, 1580016616
16, Tanishq2403, fruitoftheholyspirit, false, 1580016639
16, Tanishq2403, thefruitoftheholyspirit, false, 1580016641
16, vedantsingh1404, navaratri, false, 1580016647
16, vedantsingh1404, navratri, false, 1580016649
16, vedantsingh1404, thefellowshipofthering, false, 1580016702
16, vedantsingh1404, westeros, false, 1580016752
16, vedantsingh1404, essos, false, 1580016769
16, vedantsingh1404, westeros, false, 1580016772
16, vedantsingh1404, aryastark, false, 1580016777
16, vedantsingh1404, babyyoda, false, 1580016781
16, vedantsingh1404, starwars, false, 1580016785
16, vedantsingh1404, starwars, false, 1580016797
16, vedantsingh1404, tiktok, false, 1580016966
16, vedantsingh1404, tiktok, false, 1580016969
16, vedantsingh1404, princeofpersia, false, 1580017068
16, vedantsingh1404, thesandsoftime, false, 1580017106
16, vedantsingh1404, odin, false, 1580017162
16, Tanishq2403, godsplan, false, 1580017176
16, Tanishq2403, god'splan, false, 1580017182
16, Tanishq2403, cornithians, false, 1580017246
16, Tanishq2403, corinthians, false, 1580017259
16, Tanishq2403, revelation, false, 1580017279
16, omaewamoushindeiru, marieantoinette, true, 1580017802
16, vedantsingh1404, euokodwnd, false, 1580017916
16, vedantsingh1404, euokodwmd, false, 1580017919
16, vedantsingh1404, euokodwmd, false, 1580017919
16, vedantsingh1404, euokodwmd, false, 1580017920
16, vedantsingh1404, euokodwmd, false, 1580017920
16, vedantsingh1404, euokodwmd, false, 1580017920
16, vedantsingh1404, euokodwmd, false, 1580017920
16, vedantsingh1404, euokodwnd, false, 1580017925
16, ayamrage, marieantoinette, true, 1580017930
16, modulated_pikachu, marieantoinette, true, 1580018101
16, Tanishq2403, austinpowers, false, 1580018198
16, Tanishq2403, demonfort, false, 1580018394
16, Tanishq2403, marieantoinette, true, 1580018432
16, vedantsingh1404, marieantoinette, true, 1580018443
16, aakshata, marieantoinette, true, 1580020389
16, Vp27101999, marieantoinette, true, 1580027730
16, hai12345678, gentlemen, false, 1580030054
16, hai12345678, ktkunjumon, false, 1580030149
16, hai12345678, kunjumon, false, 1580030151
16, TheDemigod, slamdunk, false, 1580030476
16, arthurpendragon, marieantoinette, true, 1580030503
16, TheDemigod, knockdown, false, 1580033601
16, TheDemigod, dunkdown, false, 1580033735
16, TheDemigod, downdunk, false, 1580033742
16, abcdefghi, marieantoinette, true, 1580034436
16, Elephantsfoot, illuminati, false, 1580034473
16, Elephantsfoot, afskjdlgfasd, false, 1580034888
16, Elephantsfoot, afskjdlgfasd, false, 1580034888
16, Elephantsfoot, afskjdlgfasd, false, 1580034889
16, Elephantsfoot, afskjdlgfasd, false, 1580034890
16, Elephantsfoot, afskjdlgfasd, false, 1580034890
16, Elephantsfoot, afskjdlgfasd, false, 1580034890
16, Elephantsfoot, ilumintd, false, 1580034902
16, Elephantsfoot, imiintd, false, 1580034920
16, Elephantsfoot, imiintd, false, 1580034920
16, Elephantsfoot, imiintd, false, 1580034920
16, Elephantsfoot, imiintd, false, 1580034921
16, Elephantsfoot, imiintd, false, 1580034921
16, LordFaramir, marieantoinette, true, 1580036320
16, TheDemigod, marieantoinette, true, 1580036352
16, Elephantsfoot, marieantoinette, true, 1580036541
16, Hellblazer100, marieantoinette, true, 1580038432
16, TERABAAP, world, false, 1580038714
16, TERABAAP, aia, false, 1580038718
16, TERABAAP, asia, false, 1580038719
16, Doomsday37, rocketman, false, 1580038929
16, Doomsday37, rocketman, false, 1580038933
16, baap_square, timetokill, false, 1580038948
16, baap_square, atimetokill, false, 1580038950
16, TERABAAP, atimetokill, false, 1580039040
16, TERABAAP, akba4r, false, 1580039148
16, TERABAAP, akbar, false, 1580039150
16, baap_square, akbar, false, 1580039151
16, TERABAAP, akbar, false, 1580039151
16, baap_square, birbal, false, 1580039157
16, TERABAAP, ninegems, false, 1580039159
16, baap_square, ratan, false, 1580039162
16, baap_square, ratna, false, 1580039166
16, TERABAAP, marvel, false, 1580039226
16, TERABAAP, dc, false, 1580039228
16, TERABAAP, flash, false, 1580039241
16, baap_square, pulpfiction, false, 1580039274
16, baap_square, bible, false, 1580039563
16, baap_square, colossians, false, 1580039571
16, baap_square, colossian, false, 1580039572
16, Doomsday37, roman, false, 1580040114
16, Doomsday37, romans, false, 1580040116
16, TERABAAP, romsn, false, 1580040118
16, TERABAAP, romam\, false, 1580040120
16, TERABAAP, roman, false, 1580040122
16, TERABAAP, romans, false, 1580040124
16, TERABAAP, spartan, false, 1580040129
16, TERABAAP, 300, false, 1580040132
16, TERABAAP, romangabriel, false, 1580040154
16, TERABAAP, romangriffindavis, false, 1580040185
16, Doomsday37, jojorabbit, false, 1580040225
16, TERABAAP, joycemeyer, false, 1580040234
16, TERABAAP, joycemeyer, false, 1580040236
16, TERABAAP, diogo, false, 1580040298
16, TERABAAP, diogomorgado, false, 1580040306
16, TERABAAP, diogomorgado, false, 1580040307
16, TERABAAP, diogomorgado, false, 1580040308
16, TERABAAP, diogomorgado, false, 1580040308
16, TERABAAP, diogomorgado, false, 1580040308
16, TERABAAP, diogomorgado, false, 1580040308
16, SneakyGrease, marieantoinette, true, 1580040334
16, TERABAAP, kjhioh, false, 1580042189
16, TERABAAP, sonofgod, false, 1580042261
16, TERABAAP, lukecage, false, 1580042328
16, TERABAAP, markhenry, false, 1580042333
16, baap_square, mathew, false, 1580042626
16, baap_square, mathewperry, false, 1580042630
16, baap_square, friends, false, 1580042634
16, baap_square, ross, false, 1580042637
16, baap_square, rachelgreen, false, 1580042642
16, baap_square, joey, false, 1580042648
16, baap_square, john, false, 1580042665
16, TERABAAP, nabal, false, 1580043108
16, baap_square, elimelechnaomi, false, 1580043110
16, baap_square, elimelech, false, 1580043115
16, Doomsday37, caleb, false, 1580043119
16, Doomsday37, abigail, false, 1580043124
16, TERABAAP, caleb, false, 1580043129
16, TERABAAP, pardon, false, 1580043180
16, TERABAAP, billyjoel, false, 1580043997
16, TERABAAP, willam, false, 1580044001
16, TERABAAP, willammartin, false, 1580044004
16, TERABAAP, willammartinjoel, false, 1580044007
16, TERABAAP, pianoman, false, 1580044019
16, TERABAAP, genesis, false, 1580044310
16, TERABAAP, exodus, false, 1580044316
16, TERABAAP, leviticus, false, 1580044327
16, TERABAAP, numbers, false, 1580044333
16, TERABAAP, pokemon, false, 1580044337
16, TERABAAP, deuteronomy, false, 1580044350
16, TERABAAP, joshua, false, 1580044357
16, TERABAAP, judges, false, 1580044363
16, TERABAAP, kingjames, false, 1580044369
16, TERABAAP, kingjamesbible, false, 1580044372
16, TERABAAP, nehemiah, false, 1580044382
16, TERABAAP, chronicles, false, 1580044390
16, TERABAAP, job, false, 1580044397
16, TERABAAP, stevejob, false, 1580044403
16, TERABAAP, stevejobs, false, 1580044405
16, TERABAAP, jobs, false, 1580044409
16, TERABAAP, stevepauljobs, false, 1580044416
16, TERABAAP, psams, false, 1580044420
16, TERABAAP, psals, false, 1580044424
16, TERABAAP, psalms, false, 1580044430
16, TERABAAP, proverbs, false, 1580044435
16, TERABAAP, trump, false, 1580044573
16, TERABAAP, donald, false, 1580044577
16, TERABAAP, donaldtrump, false, 1580044580
16, TERABAAP, johnnypaycheck, false, 1580044759
16, TERABAAP, marieantoinette, true, 1580044777
16, Doomsday37, marieantoinette, true, 1580044787
16, baap_square, marieantoinette, true, 1580044860
16, niyati10, marieantoinette, true, 1580045427
16, angad11121, marieantoinette, true, 1580046467
16, AdminisGod, marieantoinette, true, 1580048118
16, MrSplashMan, atimetokill, false, 1580048181
16, MrSplashMan, atimetokill, false, 1580048185
16, MrSplashMan, atimetokill, false, 1580048655
16, JaffaPodi, marieantoinette, true, 1580048824
16, MrSplashMan, dialga, false, 1580048956
16, MrSplashMan, arceus, false, 1580048960
16, MrSplashMan, dialga, false, 1580048969
16, MrSplashMan, palkia, false, 1580048972
16, MrSplashMan, giratina, false, 1580048976
16, akhila96, thebirthofmary, false, 1580049658
16, mandirwahibanayenge, knowledge, false, 1580050210
16, mandirwahibanayenge, knowledge, false, 1580050214
16, akhila96, kingjames, false, 1580050403
16, mandirwahibanayenge, lookdown, false, 1580050902
16, mandirwahibanayenge, countdown, false, 1580050940
16, akhila96, 11, false, 1580050958
16, akhila96, 1:1, false, 1580050964
16, akhila96, oneone, false, 1580050970
16, akhila96, kingofjames, false, 1580051002
16, akhila96, kingofjames, false, 1580051003
16, akhila96, holybible, false, 1580051011
16, akhila96, jamesbible, false, 1580051023
16, akhila96, jamesbible, false, 1580051026
16, akhila96, jamesbible, false, 1580051026
16, akhila96, jamesbible, false, 1580051026
16, cookie_pie, countdown, false, 1580051067
16, cookie_pie, rounddown, false, 1580051081
16, cookie_pie, founddown, false, 1580051088
16, maverick_729, otrijttea, false, 1580051240
16, maverick_729, harryantonio, false, 1580051898
16, maverick_729, harryantonio, false, 1580051900
16, maverick_729, antonio, false, 1580051903
16, maverick_729, harry, false, 1580051913
16, webhunter, harryantonio, false, 1580051951
16, webhunter, henryantonio, false, 1580051958
16, maverick_729, harryironside, false, 1580052289
16, maverick_729, harryironside, false, 1580052290
16, Uniraider, superbowl, false, 1580052991
16, harshu@10, james, false, 1580053008
16, Cicada007, grindhouse, false, 1580053188
16, Cicada007, grindhouse, false, 1580053191
16, harshu@10, samuel lJackson, false, 1580053209
16, harshu@10, samuel l.Jackson, false, 1580053214
16, harshu@10, samuel l.jackson, false, 1580053222
16, harshu@10, samuel ljackson, false, 1580053227
16, harshu@10, thomas, false, 1580053372
16, harshu@10, thomas, false, 1580053374
16, Cicada007, , false, 1580053404
16, Cicada007, , false, 1580053405
16, architojha2001, marieantoinette, true, 1580053492
16, lokeshagarwal149@gmail.com, birth, false, 1580053647
16, lokeshagarwal149@gmail.com, birth, false, 1580053648
16, lokeshagarwal149@gmail.com, to, false, 1580053655
16, lokeshagarwal149@gmail.com, to, false, 1580053656
16, lokeshagarwal149@gmail.com, c, false, 1580053716
16, lokeshagarwal149@gmail.com, c, false, 1580053716
16, harshu@10, samuel, false, 1580053735
16, lokeshagarwal149@gmail.com, desire, false, 1580053743
16, lokeshagarwal149@gmail.com, desire, false, 1580053744
16, lokeshagarwal149@gmail.com, desire, false, 1580053745
16, lokeshagarwal149@gmail.com, desire, false, 1580053745
16, harshu@10, samuel, false, 1580053750
16, lokeshagarwal149@gmail.com, has, false, 1580053753
16, lokeshagarwal149@gmail.com, has, false, 1580053754
16, lokeshagarwal149@gmail.com, and, false, 1580053971
16, lokeshagarwal149@gmail.com, and, false, 1580053972
16, cookie_pie, worksofmercy, false, 1580054134
16, ABCD1234, johnlennon, false, 1580054136
16, cookie_pie, mercy, false, 1580054218
16, cookie_pie, mercy, false, 1580054226
16, ABCD1234, fury, false, 1580054544
16, Tabzzzzzzzz, marieantonette, false, 1580054874
16, Tabzzzzzzzz, marieantoinette, true, 1580054887
16, priorysion, sinner, false, 1580054965
16, ABCD1234, butfor, false, 1580054977
16, priorysion, mybrethrenifanyamongyoustraystraysfromthetruthandoneturnshimback, false, 1580055112
16, priorysion, hezekiah, false, 1580055871
16, priorysion, lord, false, 1580055885
16, sanilsjacob, the, false, 1580055931
16, sanilsjacob, 555, false, 1580055938
16, sanilsjacob, eee, false, 1580055988
16, sanilsjacob, earth, false, 1580055998
16, sanilsjacob, pleasure, false, 1580056008
16, sanilsjacob, luxury, false, 1580056017
16, sanilsjacob, fattened, false, 1580056026
16, sanilsjacob, fat, false, 1580056031
16, sanilsjacob, hearts, false, 1580056038
16, sanilsjacob, heart, false, 1580056041
16, sanilsjacob, day, false, 1580056049
16, sanilsjacob, slaughter, false, 1580056054
16, sanilsjacob, youhavelivedonthe, false, 1580056076
16, priorysion, jerusalem, false, 1580056132
16, priorysion, lebanon, false, 1580056138
16, sanilsjacob, james555, false, 1580056142
16, sanilsjacob, jameseee, false, 1580056148
16, priorysion, charioteers, false, 1580056161
16, sanilsjacob, earthearthearth, false, 1580056161
16, priorysion, charioteer, false, 1580056163
16, priorysion, elijah, false, 1580056243
16, priorysion, elijah, false, 1580056247
16, sanilsjacob, jameslongworth, false, 1580056267
16, priorysion, solomon, false, 1580056281
16, sanilsjacob, pleasure, false, 1580056341
16, Alchemist, genesis, false, 1580056416
16, Alchemist, exodus, false, 1580056425
16, Alchemist, exodus, false, 1580056426
16, Alchemist, 3:16, false, 1580056457
16, sss306969, grindhouse, false, 1580056608
16, Alchemist, corinthians, false, 1580056720
16, yash_odhan, genesis, false, 1580056770
16, yash_odhan, genesis, false, 1580056775
16, yash_odhan, genesis, false, 1580056775
16, yash_odhan, matthew, false, 1580056790
16, yash_odhan, exodus, false, 1580056799
16, yash_odhan, exodus, false, 1580056799
16, yash_odhan, exodus, false, 1580056802
16, yash_odhan, mark, false, 1580056806
16, yash_odhan, luke, false, 1580056813
16, yash_odhan, john, false, 1580056818
16, Parayan4, loser, false, 1580056826
16, yash_odhan, leviticus, false, 1580056832
16, Alchemist, 783137, false, 1580056834
16, Alchemist, 783137, false, 1580056835
16, Alchemist, 783137, false, 1580056836
16, Alchemist, 783137, false, 1580056836
16, yash_odhan, acts, false, 1580056837
16, yash_odhan, numbers, false, 1580056846
16, yash_odhan, deuteronomy, false, 1580056866
16, yash_odhan, romans, false, 1580056876
16, yash_odhan, joshua, false, 1580056882
16, yash_odhan, bible, false, 1580056892
16, 123@aditya, beerus, false, 1580056907
16, Parayan4, square, false, 1580056947
16, Alchemist, amen, false, 1580057169
16, sanilsjacob, fashion, false, 1580057215
16, sanilsjacob, perisheth, false, 1580057222
16, Alchemist, corinthians, false, 1580057233
16, Alchemist, philemon, false, 1580057250
16, yash_odhan, solomon, false, 1580057270
16, yash_odhan, solomon, false, 1580057273
16, yash_odhan, solomon, false, 1580057315
16, Alchemist, genesis, false, 1580057442
16, Alchemist, joshua, false, 1580057452
16, Alchemist, judges, false, 1580057464
16, Alchemist, ruth, false, 1580057467
16, Alchemist, ruth, false, 1580057467
16, Alchemist, ezra, false, 1580057474
16, Alchemist, nehemiah, false, 1580057498
16, Alchemist, psalms, false, 1580057510
16, Anekchampion, deuteronomy, false, 1580057513
16, Alchemist, isaiah, false, 1580057520
16, Anekchampion, samuel, false, 1580057529
16, Alchemist, jeremiah, false, 1580057531
16, Alchemist, lamentations, false, 1580057540
16, Alchemist, ezekiel, false, 1580057550
16, Alchemist, ezekiel, false, 1580057551
16, Alchemist, daniel, false, 1580057558
16, Alchemist, hosea, false, 1580057563
16, Alchemist, joel, false, 1580057569
16, Alchemist, amos, false, 1580057571
16, Alchemist, amos, false, 1580057571
16, Alchemist, obadiaj, false, 1580057580
16, Alchemist, obadiah, false, 1580057582
16, Alchemist, jonah, false, 1580057589
16, Alchemist, jonah, false, 1580057589
16, Alchemist, jonah, false, 1580057589
16, Alchemist, micah, false, 1580057595
16, Alchemist, micah, false, 1580057596
16, Alchemist, nahum, false, 1580057604
16, Alchemist, nahum, false, 1580057604
16, Alchemist, habakkuk, false, 1580057614
16, Alchemist, habakkuk, false, 1580057614
16, Alchemist, zephaniah, false, 1580057625
16, Alchemist, haggai, false, 1580057633
16, Alchemist, zechariah, false, 1580057644
16, Alchemist, malachi, false, 1580057649
16, Alchemist, malachi, false, 1580057649
16, Alchemist, malachi, false, 1580057649
16, Anekchampion, jeremiah, false, 1580057679
16, CS19BTECH11045@iith.ac.in, marieantoinette, true, 1580057735
16, Anekchampion, kjv, false, 1580057771
16, Anekchampion, kingjamesbible, false, 1580057786
16, cyclonite, mark, false, 1580057829
16, sanilsjacob, perisheth, false, 1580057931
16, sanilsjacob, death, false, 1580057939
16, sanilsjacob, fear, false, 1580057942
16, Anekchampion, isaiah, false, 1580057944
16, Anekchampion, jesuschrist, false, 1580057957
16, Anekchampion, jesus, false, 1580057962
16, Parayan4, friendshipwiththeworld, false, 1580057965
16, Anekchampion, father, false, 1580057967
16, Anekchampion, godfather, false, 1580057970
16, Anekchampion, alpacino, false, 1580057976
16, sanilsjacob, ''OR 1=1/*', false, 1580058003
16, sanilsjacob, 'OR 1=1/*', false, 1580058007
16, sanilsjacob, 'OR 1=1, false, 1580058012
16, sanilsjacob, 'OR 1=1', false, 1580058015
16, sanilsjacob, ''OR 1=1/*', false, 1580058021
16, sanilsjacob, '' OR 1=1/*", false, 1580058054
16, cyclonite, genesis, false, 1580058097
16, cyclonite, exodus, false, 1580058112
16, cyclonite, mark, false, 1580058114
16, cyclonite, luke, false, 1580058117
16, cyclonite, leviticus, false, 1580058125
16, cyclonite, john, false, 1580058131
16, cyclonite, numbers, false, 1580058161
16, cyclonite, deuteronomy, false, 1580058172
16, cyclonite, joshua, false, 1580058178
16, cyclonite, judges, false, 1580058183
16, cyclonite, ruth, false, 1580058185
16, cyclonite, matthew, false, 1580058196
16, yatish609, pikachy, false, 1580058196
16, yatish609, pikachu, false, 1580058197
16, yatish609, jesus, false, 1580058201
16, cyclonite, luke, false, 1580058202
16, cyclonite, john, false, 1580058205
16, cyclonite, acts, false, 1580058207
16, cyclonite, corinthians, false, 1580058217
16, cyclonite, roman, false, 1580058221
16, cyclonite, romans, false, 1580058222
16, cyclonite, galatians, false, 1580058231
16, cyclonite, ephesians, false, 1580058238
16, cyclonite, kings, false, 1580058246
16, cyclonite, chronicles, false, 1580058251
16, cyclonite, philipians, false, 1580058262
16, cyclonite, philippians, false, 1580058268
16, cyclonite, colossians, false, 1580058276
16, cyclonite, thessalonians, false, 1580058293
16, cyclonite, ezra, false, 1580058300
16, cyclonite, timothy, false, 1580058307
16, cyclonite, nehemiah, false, 1580058315
16, cyclonite, titus, false, 1580058324
16, cyclonite, job, false, 1580058332
16, cyclonite, psalms, false, 1580058335
16, cyclonite, philemon, false, 1580058342
16, cyclonite, hebrews, false, 1580058348
16, cyclonite, james, false, 1580058353
16, cyclonite, john, false, 1580058362
16, cyclonite, peter, false, 1580058364
16, cyclonite, jude, false, 1580058371
16, reddyjaideep1729, fkqhkpjss, false, 1580058385
16, reddyjaideep1729, fkqhkpjss, false, 1580058387
16, Luciferr, rocketleague, false, 1580058746
16, Luciferr, rocket, false, 1580058748
16, Luciferr, 3, false, 1580058753
16, Luciferr, three, false, 1580058755
16, yash_odhan, stephen, false, 1580058826
16, yash_odhan, stephenking, false, 1580058832
16, yash_odhan, stephenking, false, 1580058832
16, vermicelli, bob, false, 1580058836
16, yash_odhan, king, false, 1580058837
16, vermicelli, bobmarley, false, 1580058841
16, Luciferr, james, false, 1580058866
16, Luciferr, jessei, false, 1580058869
16, Luciferr, jessie, false, 1580058871
16, Luciferr, meowth, false, 1580058875
16, vermicelli, judge, false, 1580058880
16, vermicelli, hoping, false, 1580058889
16, sanilsjacob, gjghk, false, 1580058919
16, vermicelli, matthew, false, 1580058989
16, vermicelli, matthewseven, false, 1580058994
16, vermicelli, ofmeitmenottodoit, false, 1580059012
16, vermicelli, ofmeitmejudgenottodoit, false, 1580059021
16, Luciferr, kip, false, 1580059072
16, Luciferr, rip, false, 1580059077
16, Luciferr, kif, false, 1580059081
16, Luciferr, rif, false, 1580059084
16, yash_odhan, matthew, false, 1580059113
16, cyclonite, kjv, false, 1580059349
16, cyclonite, kingjamesversion, false, 1580059362
16, cyclonite, kingjamesversionbible, false, 1580059364
16, vermicelli, nothing, false, 1580059449
16, vermicelli, allofme, false, 1580059494
16, vermicelli, johnlegend, false, 1580059503
16, vermicelli, john, false, 1580059509
16, Luciferr, samuel, false, 1580059516
16, yash_odhan, luke, false, 1580059566
16, vermicelli, songofmyself, false, 1580059572
16, yash_odhan, samuel, false, 1580059573
16, vermicelli, songofmyself, false, 1580059574
16, vermicelli, songofmyself, false, 1580059574
16, yash_odhan, ezra, false, 1580059579
16, yash_odhan, kings, false, 1580059585
16, yash_odhan, john, false, 1580059591
16, yash_odhan, esther, false, 1580059598
16, yash_odhan, estherjoel, false, 1580059605
16, Drake_fabuloso, genesis, false, 1580059606
16, yash_odhan, joel, false, 1580059611
16, Drake_fabuloso, matthew, false, 1580059614
16, Drake_fabuloso, exodus, false, 1580059620
16, Drake_fabuloso, mark, false, 1580059626
16, yash_odhan, chronicles, false, 1580059642
16, yash_odhan, ruth, false, 1580059647
16, Drake_fabuloso, luke, false, 1580059658
16, Drake_fabuloso, leviticus, false, 1580059666
16, Drake_fabuloso, numbers, false, 1580059685
16, Drake_fabuloso, deuteronomy, false, 1580059702
16, Drake_fabuloso, jhon, false, 1580059708
16, Drake_fabuloso, acts, false, 1580059712
16, Drake_fabuloso, romans, false, 1580059718
16, Drake_fabuloso, joshua, false, 1580059726
16, Drake_fabuloso, zephaniah, false, 1580059753
16, yash_odhan, 1samuel, false, 1580059759
16, yash_odhan, 2samuel, false, 1580059763
16, yash_odhan, 2king, false, 1580059771
16, yash_odhan, 1king, false, 1580059775
16, yash_odhan, 3king, false, 1580059778
16, yash_odhan, 4king, false, 1580059780
16, vermicelli, Robert Louis Stevenson, false, 1580059922
16, vermicelli, robertlouisstevenson, false, 1580059933
16, vermicelli, dietrichbonhoeffer, false, 1580059963
16, vermicelli, judge, false, 1580059974
16, vermicelli, paulocoelho, false, 1580059998
16, vermicelli, earlnightingale, false, 1580060034
16, vermicelli, matthewseven, false, 1580060044
16, vermicelli, matthew, false, 1580060049
16, vermicelli, jamesmatthew, false, 1580060054
16, vermicelli, jamesmatthewseven, false, 1580060062
16, vermicelli, oscarwilde, false, 1580060078
16, vermicelli, totabeta, false, 1580060098
16, vermicelli, georgeeliot, false, 1580060124
16, vermicelli, henryjames, false, 1580060140
16, Phoenix22, james, false, 1580060173
16, Phoenix22, james, false, 1580060174
16, vermicelli, telepathy, false, 1580060194
16, vermicelli, monicasabolo, false, 1580060215
16, yash_odhan, marieantoinette, true, 1580060233
16, vermicelli, davidhoneyboyedwards, false, 1580060240
16, priorysion, marieantoinette, true, 1580060247
16, vermicelli, waltwhiteman, false, 1580060261
16, cyclonite, marieantoinette, true, 1580060272
16, vermicelli, senorita, false, 1580060289
16, Drake_fabuloso, marieantoinette, true, 1580060336
16, 123@aditya, marieantoinette, true, 1580060354
16, Spurthi31, marieantoinette, true, 1580060366
16, Phoenix22, marieantoinette, true, 1580060387
16, vermicelli, marieantoinette, true, 1580060389
16, Anekchampion, marieantoinette, true, 1580060404
16, sss306969, marieantoinette, true, 1580060429
16, Alchemist, marieantoinette, true, 1580060455
16, Luciferr, marieantoinette, true, 1580060473
16, thrilok18, marieantoinette, true, 1580060527
16, AceStricker, marieantoinette, true, 1580060725
16, frozenloser, marieantoinette, true, 1580060807
16, proton25, marieantoinette, true, 1580060908
16, IdioticBaka1824, marieantoinette, true, 1580061047
16, 666_devil_666, marieantoinette, true, 1580061082
16, aayush27, marieantoinette, true, 1580061589
16, ModiShallNotGiveHints, marieantoinette, true, 1580061986
16, MrSplashMan, marieantoinette, true, 1580062878
16, Srikanth, marieantoinette, true, 1580063634
16, Charannarukulla, marieantoinette, true, 1580064299
16, sanilsjacob, marieantoinette, true, 1580064464
16, Gold_digger, marieantoinette, true, 1580064605
16, Vampire_Hunter, marieantoinette, true, 1580064788
16, lokeshagarwal149@gmail.com, marieantoinette, true, 1580064877
16, Khal_nayak, mariantoniette, false, 1580065615
16, Khal_nayak, marieantoniette, false, 1580065630
16, Khal_nayak, marieantonitte, false, 1580065640
16, Khal_nayak, marieantoniette, false, 1580065658
16, Khal_nayak, marieantoinette, true, 1580065670
