18, AdminAdmin, welovecryptex67435, true, 1579991211
18, AdminAdmin, welovecryptex67435, true, 1579992903
18, AdminAdmin, head, false, 1579993093
18, AdminAdmin, welovecryptex67435, true, 1579993108
18, flitwick, pacman, false, 1580032779
18, Kamikaze, pinball, false, 1580032842
18, Kamikaze, pinball, false, 1580032842
18, Kamikaze, pinball, false, 1580032844
18, flitwick, konamicode, false, 1580033123
18, flitwick, konami, false, 1580033124
18, flitwick, horace, false, 1580033946
18, flitwick, abovo, false, 1580033950
18, flitwick, abovousqueadmala, false, 1580033957
18, CrazyByDefaut, drseuss, false, 1580034140
18, CrazyByDefaut, seuss, false, 1580034142
18, CrazyByDefaut, LETMEIN, LETMEIIIIIIIIINNNNNNNNNN, false, 1580034152
18, CrazyByDefaut, LETMEIN, LETMEIIIIIIIIINNNNNNNNNN, false, 1580034153
18, CrazyByDefaut, LETMEIN, LETMEIIIIIIIIINNNNNNNNNN, false, 1580034153
18, CrazyByDefaut, LETMEIN, LETMEIIIIIIIIINNNNNNNNNN, false, 1580034153
18, CrazyByDefaut, LETMEIN, LETMEIIIIIIIIINNNNNNNNNN, false, 1580034153
18, CrazyByDefaut, LETMEIN, LETMEIIIIIIIIINNNNNNNNNN, false, 1580034153
18, CrazyByDefaut, LETMEIN, LETMEIIIIIIIIINNNNNNNNNN, false, 1580034153
18, CrazyByDefaut, LETMEIN, LETMEIIIIIIIIINNNNNNNNNN, false, 1580034154
18, CrazyByDefaut, LETMEIN, LETMEIIIIIIIIINNNNNNNNNN, false, 1580034154
18, CrazyByDefaut, LETMEIN, LETMEIIIIIIIIINNNNNNNNNN, false, 1580034154
18, CrazyByDefaut, LETMEIN, LETMEIIIIIIIIINNNNNNNNNN, false, 1580034154
18, CrazyByDefaut, LETMEIN, LETMEIIIIIIIIINNNNNNNNNN, false, 1580034154
18, CrazyByDefaut, LETMEIN, LETMEIIIIIIIIINNNNNNNNNN, false, 1580034154
18, CrazyByDefaut, LETMEIN, LETMEIIIIIIIIINNNNNNNNNN, false, 1580034154
18, CrazyByDefaut, LETMEIN, LETMEIIIIIIIIINNNNNNNNNN, false, 1580034154
18, CrazyByDefaut, LETMEIN, LETMEIIIIIIIIINNNNNNNNNN, false, 1580034155
18, CrazyByDefaut, LETMEIN, LETMEIIIIIIIIINNNNNNNNNN, false, 1580034155
18, CrazyByDefaut, LETMEIN, LETMEIIIIIIIIINNNNNNNNNN, false, 1580034155
18, CrazyByDefaut, LETMEIN, LETMEIIIIIIIIINNNNNNNNNN, false, 1580034155
18, CrazyByDefaut, LETMEIN, LETMEIIIIIIIIINNNNNNNNNN, false, 1580034155
18, CrazyByDefaut, LETMEIN, LETMEIIIIIIIIINNNNNNNNNN, false, 1580034155
18, CrazyByDefaut, LETMEIN, LETMEIIIIIIIIINNNNNNNNNN, false, 1580034155
18, CrazyByDefaut, LETMEIN, LETMEIIIIIIIIINNNNNNNNNN, false, 1580034155
18, CrazyByDefaut, LETMEIN, LETMEIIIIIIIIINNNNNNNNNN, false, 1580034156
18, CrazyByDefaut, LETMEIN, LETMEIIIIIIIIINNNNNNNNNN, false, 1580034156
18, CrazyByDefaut, LETMEIN, LETMEIIIIIIIIINNNNNNNNNN, false, 1580034156
18, CrazyByDefaut, LETMEIN, LETMEIIIIIIIIINNNNNNNNNN, false, 1580034156
18, CrazyByDefaut, LETMEIN, LETMEIIIIIIIIINNNNNNNNNN, false, 1580034156
18, CrazyByDefaut, LETMEIN, LETMEIIIIIIIIINNNNNNNNNN, false, 1580034156
18, CrazyByDefaut, LETMEIN, LETMEIIIIIIIIINNNNNNNNNN, false, 1580034156
18, CrazyByDefaut, LETMEIN, LETMEIIIIIIIIINNNNNNNNNN, false, 1580034156
18, CrazyByDefaut, LETMEIN, LETMEIIIIIIIIINNNNNNNNNN, false, 1580034157
18, CrazyByDefaut, LETMEIN, LETMEIIIIIIIIINNNNNNNNNN, false, 1580034157
18, CrazyByDefaut, LETMEIN, LETMEIIIIIIIIINNNNNNNNNN, false, 1580034157
18, CrazyByDefaut, LETMEIN, LETMEIIIIIIIIINNNNNNNNNN, false, 1580034157
18, CrazyByDefaut, LETMEIN, LETMEIIIIIIIIINNNNNNNNNN, false, 1580034157
18, CrazyByDefaut, LETMEIN, LETMEIIIIIIIIINNNNNNNNNN, false, 1580034157
18, CrazyByDefaut, LETMEIN, LETMEIIIIIIIIINNNNNNNNNN, false, 1580034157
18, CrazyByDefaut, LETMEIN, LETMEIIIIIIIIINNNNNNNNNN, false, 1580034157
18, CrazyByDefaut, LETMEIN, LETMEIIIIIIIIINNNNNNNNNN, false, 1580034158
18, CrazyByDefaut, LETMEIN, LETMEIIIIIIIIINNNNNNNNNN, false, 1580034158
18, CrazyByDefaut, LETMEIN, LETMEIIIIIIIIINNNNNNNNNN, false, 1580034158
18, CrazyByDefaut, LETMEIN, LETMEIIIIIIIIINNNNNNNNNN, false, 1580034158
18, CrazyByDefaut, LETMEIN, LETMEIIIIIIIIINNNNNNNNNN, false, 1580034158
18, CrazyByDefaut, LETMEIN, LETMEIIIIIIIIINNNNNNNNNN, false, 1580034158
18, CrazyByDefaut, LETMEIN, LETMEIIIIIIIIINNNNNNNNNN, false, 1580034158
18, CrazyByDefaut, LETMEIN, LETMEIIIIIIIIINNNNNNNNNN, false, 1580034158
18, CrazyByDefaut, LETMEIN, LETMEIIIIIIIIINNNNNNNNNN, false, 1580034159
18, CrazyByDefaut, LETMEIN, LETMEIIIIIIIIINNNNNNNNNN, false, 1580034159
18, CrazyByDefaut, LETMEIN, LETMEIIIIIIIIINNNNNNNNNN, false, 1580034159
18, CrazyByDefaut, LETMEIN, LETMEIIIIIIIIINNNNNNNNNN, false, 1580034159
18, CrazyByDefaut, LETMEIN, LETMEIIIIIIIIINNNNNNNNNN, false, 1580034159
18, CrazyByDefaut, tetrismyarsehole, false, 1580034370
18, CrazyByDefaut, pinball, false, 1580034373
18, CrazyByDefaut, murakami, false, 1580034377
18, Kamikaze, ghi, false, 1580034561
18, flitwick, loremipsum, false, 1580034628
18, flitwick, cicero, false, 1580034630
18, CrazyByDefaut, , false, 1580034727
18, flitwick, letsgo, false, 1580034906
18, flitwick, dupedgroup, false, 1580034908
18, flitwick, voip, false, 1580034925
18, flitwick, voiptelephone, false, 1580034927
18, flitwick, voiptelephonesystems, false, 1580034928
18, flitwick, milliondollarhomepage, false, 1580034934
18, CrazyByDefaut, pi, false, 1580035042
18, CrazyByDefaut, tau, false, 1580035043
18, flitwick, equotesdirect, false, 1580035120
18, flitwick, meme, false, 1580035122
18, flitwick, eden, false, 1580035146
18, flitwick, edengardens, false, 1580035147
18, flitwick, adam, false, 1580035149
18, flitwick, eve, false, 1580035151
18, flitwick, horse, false, 1580035164
18, flitwick, loss, false, 1580035168
18, flitwick, pepethefrog, false, 1580035170
18, flitwick, pepe, false, 1580035171
18, Kamikaze, athiest, false, 1580036789
18, Kamikaze, pixar, false, 1580036796
18, pasta4lyf, speakofthedevil, false, 1580037178
18, ronnie_36, earphone, false, 1580037458
18, Radicalidol, headphones, false, 1580037568
18, Radicalidol, headphone, false, 1580037572
18, FreezeV2, businessman, false, 1580037619
18, pasta4lyf, sahaja, false, 1580037623
18, pasta4lyf, sahajayoga, false, 1580037625
18, FreezeV2, businessman, false, 1580037629
18, geraltofrivia, shakespeare, false, 1580037746
18, modulated_pikachu, jordan, false, 1580037747
18, modulated_pikachu, jordan, false, 1580037747
18, bhanushali, shakespeare, false, 1580037753
18, geraltofrivia, shakespeare, false, 1580037758
18, flitwick, sheldoncooper, false, 1580037786
18, omaewamoushindeiru, shakespeare, false, 1580037792
18, flitwick, thebigbangtheory, false, 1580037797
18, flitwick, bigbang, false, 1580037799
18, flitwick, bigbangtheory, false, 1580037801
18, flitwick, einstein, false, 1580037818
18, flitwick, alberteinstein, false, 1580037821
18, aaabattery, alltheworldisastage, false, 1580037826
18, hazy.......007, grin, false, 1580037830
18, ronnie_36, devil, false, 1580037832
18, aaabattery, shakespeare, false, 1580037835
18, hazy.......007, yeah, false, 1580037837
18, aaabattery, williamshakespeare, false, 1580037845
18, ronnie_36, devil, false, 1580037848
18, omaewamoushindeiru, force, false, 1580037862
18, omaewamoushindeiru, newton, false, 1580037865
18, flitwick, flowshopscheduling, false, 1580037872
18, flitwick, scheduling, false, 1580037877
18, aaabattery, satan, false, 1580037881
18, aaabattery, satanicverses, false, 1580037886
18, flitwick, euler, false, 1580037923
18, flitwick, leonhardeuler, false, 1580037926
18, flitwick, konigsberg, false, 1580037930
18, flitwick, graphtheory, false, 1580037947
18, flitwick, topology, false, 1580037949
18, flitwick, graph, false, 1580037951
18, aaabattery, smiley, false, 1580037967
18, geraltofrivia, shakespeare, false, 1580037998
18, Brokeigma, , false, 1580038020
18, Brokeigma, mjo, false, 1580038027
18, Brokeigma, marshmallow, false, 1580038036
18, Brokeigma, devil, false, 1580038042
18, Brokeigma, emoji, false, 1580038049
18, Brokeigma, bitmiji, false, 1580038057
18, Brokeigma, bitmoji, false, 1580038062
18, CrazyByDefaut, tetrominos, false, 1580038135
18, CrazyByDefaut, tetris, false, 1580038140
18, GreenEarthEagle, jojo, false, 1580038247
18, GreenEarthEagle, goldenwind, false, 1580038263
18, GreenEarthEagle, goldenwind, false, 1580038266
18, Brokeigma, building, false, 1580038289
18, Brokeigma, wall, false, 1580038295
18, Brokeigma, walloffame, false, 1580038300
18, Brokeigma, smile, false, 1580038306
18, Brokeigma, Ismail, false, 1580038312
18, Brokeigma, ismail, false, 1580038318
18, aaabattery, rahulgandhi, false, 1580038332
18, aaabattery, narendramodi, false, 1580038342
18, aaabattery, rajpath, false, 1580038351
18, aaabattery, republicday, false, 1580038359
18, aaabattery, india, false, 1580038362
18, pasta4lyf, romeoandjuliet, false, 1580038586
18, pasta4lyf, romeoandjuliet, false, 1580038612
18, omaewamoushindeiru, chaardhaam, false, 1580038775
18, flitwick, echo, false, 1580038775
18, flitwick, amazon, false, 1580038777
18, flitwick, hakunamatata, false, 1580038795
18, flitwick, lionking, false, 1580038799
18, flitwick, thelionking, false, 1580038802
18, Brokeigma, thejokeringotham, false, 1580038866
18, flitwick, meme, false, 1580038875
18, Brokeigma, joke, false, 1580038876
18, Brokeigma, poem, false, 1580038880
18, Brokeigma, story, false, 1580038888
18, Brokeigma, dialect, false, 1580038895
18, Brokeigma, passage, false, 1580038899
18, flitwick, wikipedia, false, 1580038903
18, Brokeigma, shortstory, false, 1580038909
18, Brokeigma, omeleto, false, 1580038915
18, flitwick, emcor, false, 1580038932
18, flitwick, emcorgroup, false, 1580038933
18, GreenEarthEagle, venroaureo, false, 1580038939
18, GreenEarthEagle, ventoaureo, false, 1580038954
18, Radicalidol, dcmi, false, 1580038966
18, GreenEarthEagle, fortytwo, false, 1580038969
18, Radicalidol, purl, false, 1580038970
18, pasta4lyf, dublincoremetadatainitiative, false, 1580038979
18, GreenEarthEagle, andywarhol, false, 1580038984
18, GreenEarthEagle, andywarhole, false, 1580038989
18, pasta4lyf, purl, false, 1580038990
18, flitwick, arteetmarte, false, 1580038995
18, GreenEarthEagle, marieantoinette, false, 1580039006
18, flitwick, lillibullero, false, 1580039022
18, Radicalidol, purlmfdmkbdfbldfbldbdfklmkdmfmfmbdfkm vkmdfvmdf, false, 1580039033
18, Brokeigma, dcmi, false, 1580039077
18, Brokeigma, purl, false, 1580039080
18, CrazyByDefaut, savagepatrick, false, 1580039100
18, CrazyByDefaut, patrick, false, 1580039103
18, CrazyByDefaut, spongebob, false, 1580039107
18, CrazyByDefaut, squarepants, false, 1580039110
18, CrazyByDefaut, shrek, false, 1580039141
18, CrazyByDefaut, SHREK, false, 1580039146
18, CrazyByDefaut, cmon man, false, 1580039150
18, CrazyByDefaut, dont be this way, false, 1580039153
18, flitwick, charliechaplin, false, 1580039154
18, flitwick, allornothing, false, 1580039156
18, flitwick, thegreatdictator, false, 1580039160
18, CrazyByDefaut, also are yall sure youre giving hints for the right q, false, 1580039162
18, flitwick, greatdictator, false, 1580039163
18, CrazyByDefaut, also are yall sure youre giving hints for the right q, false, 1580039163
18, CrazyByDefaut, also are yall sure youre giving hints for the right q, false, 1580039163
18, CrazyByDefaut, also are yall sure youre giving hints for the right q, false, 1580039163
18, CrazyByDefaut, also are yall sure youre giving hints for the right q, false, 1580039163
18, CrazyByDefaut, also are yall sure youre giving hints for the right q, false, 1580039163
18, CrazyByDefaut, also are yall sure youre giving hints for the right q, false, 1580039164
18, CrazyByDefaut, also are yall sure youre giving hints for the right q, false, 1580039164
18, CrazyByDefaut, also are yall sure youre giving hints for the right q, false, 1580039164
18, CrazyByDefaut, also are yall sure youre giving hints for the right q, false, 1580039164
18, CrazyByDefaut, also are yall sure youre giving hints for the right q, false, 1580039164
18, CrazyByDefaut, also are yall sure youre giving hints for the right q, false, 1580039165
18, CrazyByDefaut, also are yall sure youre giving hints for the right q, false, 1580039165
18, CrazyByDefaut, also are yall sure youre giving hints for the right q, false, 1580039165
18, CrazyByDefaut, also are yall sure youre giving hints for the right q, false, 1580039165
18, CrazyByDefaut, also are yall sure youre giving hints for the right q, false, 1580039165
18, CrazyByDefaut, also are yall sure youre giving hints for the right q, false, 1580039165
18, CrazyByDefaut, also are yall sure youre giving hints for the right q, false, 1580039165
18, CrazyByDefaut, also are yall sure youre giving hints for the right q, false, 1580039165
18, CrazyByDefaut, also are yall sure youre giving hints for the right q, false, 1580039166
18, CrazyByDefaut, also are yall sure youre giving hints for the right q, false, 1580039166
18, CrazyByDefaut, also are yall sure youre giving hints for the right q, false, 1580039166
18, CrazyByDefaut, also are yall sure youre giving hints for the right q, false, 1580039166
18, CrazyByDefaut, also are yall sure youre giving hints for the right q, false, 1580039166
18, CrazyByDefaut, also are yall sure youre giving hints for the right q, false, 1580039166
18, CrazyByDefaut, also are yall sure youre giving hints for the right q, false, 1580039166
18, CrazyByDefaut, also are yall sure youre giving hints for the right q, false, 1580039166
18, CrazyByDefaut, also are yall sure youre giving hints for the right q, false, 1580039167
18, CrazyByDefaut, also are yall sure youre giving hints for the right q, false, 1580039167
18, CrazyByDefaut, also are yall sure youre giving hints for the right q, false, 1580039167
18, CrazyByDefaut, also are yall sure youre giving hints for the right q, false, 1580039167
18, CrazyByDefaut, also are yall sure youre giving hints for the right q, false, 1580039167
18, CrazyByDefaut, also are yall sure youre giving hints for the right q, false, 1580039167
18, CrazyByDefaut, also are yall sure youre giving hints for the right q, false, 1580039167
18, CrazyByDefaut, also are yall sure youre giving hints for the right q, false, 1580039167
18, CrazyByDefaut, also are yall sure youre giving hints for the right q, false, 1580039168
18, CrazyByDefaut, also are yall sure youre giving hints for the right q, false, 1580039168
18, CrazyByDefaut, also are yall sure youre giving hints for the right q, false, 1580039168
18, CrazyByDefaut, also are yall sure youre giving hints for the right q, false, 1580039168
18, CrazyByDefaut, also are yall sure youre giving hints for the right q, false, 1580039168
18, CrazyByDefaut, also are yall sure youre giving hints for the right q, false, 1580039168
18, CrazyByDefaut, also are yall sure youre giving hints for the right q, false, 1580039168
18, CrazyByDefaut, also are yall sure youre giving hints for the right q, false, 1580039168
18, CrazyByDefaut, also are yall sure youre giving hints for the right q, false, 1580039169
18, CrazyByDefaut, also are yall sure youre giving hints for the right q, false, 1580039169
18, CrazyByDefaut, also are yall sure youre giving hints for the right q, false, 1580039169
18, CrazyByDefaut, also are yall sure youre giving hints for the right q, false, 1580039169
18, CrazyByDefaut, also are yall sure youre giving hints for the right q, false, 1580039169
18, CrazyByDefaut, also are yall sure youre giving hints for the right q, false, 1580039169
18, CrazyByDefaut, also are yall sure youre giving hints for the right q, false, 1580039169
18, CrazyByDefaut, also are yall sure youre giving hints for the right q, false, 1580039169
18, CrazyByDefaut, also are yall sure youre giving hints for the right q, false, 1580039170
18, CrazyByDefaut, also are yall sure youre giving hints for the right q, false, 1580039170
18, CrazyByDefaut, also are yall sure youre giving hints for the right q, false, 1580039170
18, CrazyByDefaut, also are yall sure youre giving hints for the right q, false, 1580039170
18, CrazyByDefaut, also are yall sure youre giving hints for the right q, false, 1580039170
18, CrazyByDefaut, also are yall sure youre giving hints for the right q, false, 1580039170
18, CrazyByDefaut, also are yall sure youre giving hints for the right q, false, 1580039170
18, CrazyByDefaut, also are yall sure youre giving hints for the right q, false, 1580039170
18, CrazyByDefaut, also are yall sure youre giving hints for the right q, false, 1580039171
18, CrazyByDefaut, also are yall sure youre giving hints for the right q, false, 1580039171
18, CrazyByDefaut, also are yall sure youre giving hints for the right q, false, 1580039171
18, CrazyByDefaut, also are yall sure youre giving hints for the right q, false, 1580039171
18, CrazyByDefaut, also are yall sure youre giving hints for the right q, false, 1580039171
18, CrazyByDefaut, also are yall sure youre giving hints for the right q, false, 1580039171
18, CrazyByDefaut, also are yall sure youre giving hints for the right q, false, 1580039171
18, CrazyByDefaut, also are yall sure youre giving hints for the right q, false, 1580039171
18, CrazyByDefaut, also are yall sure youre giving hints for the right q, false, 1580039172
18, flitwick, autcaesarautnihil, false, 1580039172
18, CrazyByDefaut, also are yall sure youre giving hints for the right q, false, 1580039172
18, CrazyByDefaut, also are yall sure youre giving hints for the right q, false, 1580039172
18, CrazyByDefaut, also are yall sure youre giving hints for the right q, false, 1580039172
18, CrazyByDefaut, also are yall sure youre giving hints for the right q, false, 1580039172
18, CrazyByDefaut, also are yall sure youre giving hints for the right q, false, 1580039172
18, CrazyByDefaut, also are yall sure youre giving hints for the right q, false, 1580039172
18, CrazyByDefaut, also are yall sure youre giving hints for the right q, false, 1580039172
18, CrazyByDefaut, also are yall sure youre giving hints for the right q, false, 1580039173
18, CrazyByDefaut, also are yall sure youre giving hints for the right q, false, 1580039173
18, CrazyByDefaut, also are yall sure youre giving hints for the right q, false, 1580039173
18, CrazyByDefaut, also are yall sure youre giving hints for the right q, false, 1580039173
18, CrazyByDefaut, also are yall sure youre giving hints for the right q, false, 1580039173
18, CrazyByDefaut, also are yall sure youre giving hints for the right q, false, 1580039173
18, CrazyByDefaut, also are yall sure youre giving hints for the right q, false, 1580039173
18, CrazyByDefaut, also are yall sure youre giving hints for the right q, false, 1580039173
18, CrazyByDefaut, also are yall sure youre giving hints for the right q, false, 1580039174
18, CrazyByDefaut, also are yall sure youre giving hints for the right q, false, 1580039174
18, CrazyByDefaut, also are yall sure youre giving hints for the right q, false, 1580039174
18, CrazyByDefaut, also are yall sure youre giving hints for the right q, false, 1580039174
18, CrazyByDefaut, also are yall sure youre giving hints for the right q, false, 1580039174
18, CrazyByDefaut, also are yall sure youre giving hints for the right q, false, 1580039174
18, CrazyByDefaut, also are yall sure youre giving hints for the right q, false, 1580039174
18, CrazyByDefaut, also are yall sure youre giving hints for the right q, false, 1580039174
18, CrazyByDefaut, also are yall sure youre giving hints for the right q, false, 1580039175
18, CrazyByDefaut, also are yall sure youre giving hints for the right q, false, 1580039175
18, CrazyByDefaut, also are yall sure youre giving hints for the right q, false, 1580039175
18, CrazyByDefaut, also are yall sure youre giving hints for the right q, false, 1580039175
18, CrazyByDefaut, also are yall sure youre giving hints for the right q, false, 1580039175
18, CrazyByDefaut, also are yall sure youre giving hints for the right q, false, 1580039175
18, CrazyByDefaut, also are yall sure youre giving hints for the right q, false, 1580039175
18, CrazyByDefaut, also are yall sure youre giving hints for the right q, false, 1580039175
18, CrazyByDefaut, also are yall sure youre giving hints for the right q, false, 1580039176
18, CrazyByDefaut, also are yall sure youre giving hints for the right q, false, 1580039176
18, CrazyByDefaut, also are yall sure youre giving hints for the right q, false, 1580039176
18, CrazyByDefaut, also are yall sure youre giving hints for the right q, false, 1580039176
18, flitwick, juliuscaesar, false, 1580039176
18, CrazyByDefaut, also are yall sure youre giving hints for the right q, false, 1580039176
18, CrazyByDefaut, also are yall sure youre giving hints for the right q, false, 1580039176
18, CrazyByDefaut, also are yall sure youre giving hints for the right q, false, 1580039176
18, CrazyByDefaut, also are yall sure youre giving hints for the right q, false, 1580039176
18, CrazyByDefaut, also are yall sure youre giving hints for the right q, false, 1580039177
18, CrazyByDefaut, also are yall sure youre giving hints for the right q, false, 1580039177
18, CrazyByDefaut, also are yall sure youre giving hints for the right q, false, 1580039177
18, CrazyByDefaut, also are yall sure youre giving hints for the right q, false, 1580039177
18, CrazyByDefaut, also are yall sure youre giving hints for the right q, false, 1580039177
18, CrazyByDefaut, also are yall sure youre giving hints for the right q, false, 1580039177
18, CrazyByDefaut, also are yall sure youre giving hints for the right q, false, 1580039177
18, CrazyByDefaut, also are yall sure youre giving hints for the right q, false, 1580039177
18, CrazyByDefaut, also are yall sure youre giving hints for the right q, false, 1580039178
18, CrazyByDefaut, also are yall sure youre giving hints for the right q, false, 1580039178
18, CrazyByDefaut, also are yall sure youre giving hints for the right q, false, 1580039178
18, CrazyByDefaut, also are yall sure youre giving hints for the right q, false, 1580039178
18, CrazyByDefaut, also are yall sure youre giving hints for the right q, false, 1580039178
18, CrazyByDefaut, also are yall sure youre giving hints for the right q, false, 1580039178
18, CrazyByDefaut, also are yall sure youre giving hints for the right q, false, 1580039178
18, CrazyByDefaut, also are yall sure youre giving hints for the right q, false, 1580039178
18, flitwick, caesar, false, 1580039179
18, CrazyByDefaut, also are yall sure youre giving hints for the right q, false, 1580039179
18, CrazyByDefaut, also are yall sure youre giving hints for the right q, false, 1580039179
18, CrazyByDefaut, also are yall sure youre giving hints for the right q, false, 1580039179
18, CrazyByDefaut, also are yall sure youre giving hints for the right q, false, 1580039179
18, CrazyByDefaut, also are yall sure youre giving hints for the right q, false, 1580039179
18, CrazyByDefaut, also are yall sure youre giving hints for the right q, false, 1580039179
18, CrazyByDefaut, also are yall sure youre giving hints for the right q, false, 1580039179
18, CrazyByDefaut, also are yall sure youre giving hints for the right q, false, 1580039179
18, CrazyByDefaut, also are yall sure youre giving hints for the right q, false, 1580039180
18, CrazyByDefaut, also are yall sure youre giving hints for the right q, false, 1580039180
18, CrazyByDefaut, also are yall sure youre giving hints for the right q, false, 1580039180
18, CrazyByDefaut, also are yall sure youre giving hints for the right q, false, 1580039180
18, CrazyByDefaut, also are yall sure youre giving hints for the right q, false, 1580039180
18, CrazyByDefaut, also are yall sure youre giving hints for the right q, false, 1580039180
18, CrazyByDefaut, also are yall sure youre giving hints for the right q, false, 1580039180
18, CrazyByDefaut, also are yall sure youre giving hints for the right q, false, 1580039180
18, CrazyByDefaut, also are yall sure youre giving hints for the right q, false, 1580039181
18, CrazyByDefaut, also are yall sure youre giving hints for the right q, false, 1580039181
18, CrazyByDefaut, also are yall sure youre giving hints for the right q, false, 1580039181
18, CrazyByDefaut, also are yall sure youre giving hints for the right q, false, 1580039181
18, CrazyByDefaut, also are yall sure youre giving hints for the right q, false, 1580039181
18, CrazyByDefaut, also are yall sure youre giving hints for the right q, false, 1580039181
18, CrazyByDefaut, also are yall sure youre giving hints for the right q, false, 1580039181
18, CrazyByDefaut, also are yall sure youre giving hints for the right q, false, 1580039181
18, CrazyByDefaut, also are yall sure youre giving hints for the right q, false, 1580039182
18, CrazyByDefaut, also are yall sure youre giving hints for the right q, false, 1580039182
18, CrazyByDefaut, also are yall sure youre giving hints for the right q, false, 1580039182
18, CrazyByDefaut, also are yall sure youre giving hints for the right q, false, 1580039182
18, CrazyByDefaut, also are yall sure youre giving hints for the right q, false, 1580039182
18, CrazyByDefaut, also are yall sure youre giving hints for the right q, false, 1580039182
18, CrazyByDefaut, also are yall sure youre giving hints for the right q, false, 1580039182
18, CrazyByDefaut, also are yall sure youre giving hints for the right q, false, 1580039182
18, CrazyByDefaut, also are yall sure youre giving hints for the right q, false, 1580039183
18, CrazyByDefaut, also are yall sure youre giving hints for the right q, false, 1580039183
18, CrazyByDefaut, also are yall sure youre giving hints for the right q, false, 1580039183
18, CrazyByDefaut, also are yall sure youre giving hints for the right q, false, 1580039183
18, CrazyByDefaut, also are yall sure youre giving hints for the right q, false, 1580039183
18, CrazyByDefaut, also are yall sure youre giving hints for the right q, false, 1580039183
18, CrazyByDefaut, also are yall sure youre giving hints for the right q, false, 1580039183
18, CrazyByDefaut, also are yall sure youre giving hints for the right q, false, 1580039183
18, CrazyByDefaut, also are yall sure youre giving hints for the right q, false, 1580039184
18, CrazyByDefaut, also are yall sure youre giving hints for the right q, false, 1580039184
18, CrazyByDefaut, also are yall sure youre giving hints for the right q, false, 1580039184
18, CrazyByDefaut, also are yall sure youre giving hints for the right q, false, 1580039184
18, CrazyByDefaut, also are yall sure youre giving hints for the right q, false, 1580039184
18, CrazyByDefaut, also are yall sure youre giving hints for the right q, false, 1580039184
18, CrazyByDefaut, also are yall sure youre giving hints for the right q, false, 1580039184
18, CrazyByDefaut, also are yall sure youre giving hints for the right q, false, 1580039184
18, CrazyByDefaut, also are yall sure youre giving hints for the right q, false, 1580039185
18, CrazyByDefaut, also are yall sure youre giving hints for the right q, false, 1580039185
18, flitwick, cesareborgia, false, 1580039189
18, CrazyByDefaut, asdasd, false, 1580039190
18, CrazyByDefaut, asdasd, false, 1580039190
18, CrazyByDefaut, asdasd, false, 1580039191
18, CrazyByDefaut, asdasd, false, 1580039191
18, CrazyByDefaut, asdasd, false, 1580039191
18, CrazyByDefaut, asdasd, false, 1580039191
18, CrazyByDefaut, asdasd, false, 1580039191
18, CrazyByDefaut, asdasd, false, 1580039191
18, CrazyByDefaut, asdasd, false, 1580039191
18, CrazyByDefaut, asdasd, false, 1580039191
18, CrazyByDefaut, asdasd, false, 1580039192
18, CrazyByDefaut, asdasd, false, 1580039192
18, CrazyByDefaut, asdasd, false, 1580039192
18, CrazyByDefaut, asdasd, false, 1580039192
18, CrazyByDefaut, asdasd, false, 1580039192
18, CrazyByDefaut, asdasd, false, 1580039192
18, CrazyByDefaut, asdasd, false, 1580039192
18, CrazyByDefaut, asdasd, false, 1580039192
18, CrazyByDefaut, asdasd, false, 1580039193
18, CrazyByDefaut, asdasd, false, 1580039193
18, CrazyByDefaut, asdasd, false, 1580039193
18, CrazyByDefaut, asdasd, false, 1580039193
18, CrazyByDefaut, asdasd, false, 1580039193
18, CrazyByDefaut, asdasd, false, 1580039193
18, CrazyByDefaut, asdasd, false, 1580039193
18, CrazyByDefaut, asdasd, false, 1580039193
18, CrazyByDefaut, asdasd, false, 1580039194
18, CrazyByDefaut, asdasd, false, 1580039194
18, CrazyByDefaut, asdasd, false, 1580039194
18, CrazyByDefaut, asdasd, false, 1580039194
18, CrazyByDefaut, asdasd, false, 1580039194
18, CrazyByDefaut, asdasd, false, 1580039194
18, CrazyByDefaut, asdasd, false, 1580039194
18, CrazyByDefaut, asdasd, false, 1580039194
18, CrazyByDefaut, asdasd, false, 1580039194
18, CrazyByDefaut, asdasd, false, 1580039195
18, CrazyByDefaut, asdasd, false, 1580039195
18, CrazyByDefaut, asdasd, false, 1580039195
18, CrazyByDefaut, asdasd, false, 1580039195
18, CrazyByDefaut, asdasd, false, 1580039195
18, CrazyByDefaut, asdasd, false, 1580039195
18, CrazyByDefaut, asdasd, false, 1580039195
18, CrazyByDefaut, asdasd, false, 1580039195
18, CrazyByDefaut, asdasd, false, 1580039196
18, CrazyByDefaut, asdasd, false, 1580039196
18, CrazyByDefaut, asdasd, false, 1580039196
18, CrazyByDefaut, asdasd, false, 1580039196
18, CrazyByDefaut, asdasd, false, 1580039196
18, CrazyByDefaut, asdasd, false, 1580039196
18, CrazyByDefaut, asdasd, false, 1580039196
18, CrazyByDefaut, asdasd, false, 1580039196
18, CrazyByDefaut, asdasd, false, 1580039197
18, CrazyByDefaut, asdasd, false, 1580039197
18, CrazyByDefaut, asdasd, false, 1580039197
18, CrazyByDefaut, asdasd, false, 1580039197
18, CrazyByDefaut, asdasd, false, 1580039197
18, CrazyByDefaut, asdasd, false, 1580039197
18, CrazyByDefaut, asdasd, false, 1580039197
18, CrazyByDefaut, asdasd, false, 1580039197
18, CrazyByDefaut, asdasd, false, 1580039198
18, CrazyByDefaut, asdasd, false, 1580039198
18, CrazyByDefaut, asdasd, false, 1580039198
18, CrazyByDefaut, asdasd, false, 1580039198
18, CrazyByDefaut, asdasd, false, 1580039198
18, CrazyByDefaut, asdasd, false, 1580039198
18, CrazyByDefaut, asdasd, false, 1580039198
18, CrazyByDefaut, asdasd, false, 1580039198
18, CrazyByDefaut, asdasd, false, 1580039199
18, CrazyByDefaut, asdasd, false, 1580039199
18, flitwick, hitler, false, 1580039199
18, CrazyByDefaut, asdasd, false, 1580039199
18, CrazyByDefaut, asdasd, false, 1580039199
18, flitwick, adolfhitler, false, 1580039201
18, pasta4lyf, adobepremierprobasics, false, 1580039214
18, pasta4lyf, adobepremiereprobasics, false, 1580039223
18, flitwick, absolutumdominium, false, 1580039232
18, flitwick, venividivici, false, 1580039259
18, flitwick, pihkal, false, 1580039319
18, flitwick, edison, false, 1580039381
18, flitwick, warofcurrents, false, 1580039384
18, Radicalidol, carlzeiss, false, 1580039409
18, ronnie_36, pirate, false, 1580039485
18, flitwick, aang, false, 1580039495
18, flitwick, avatar, false, 1580039498
18, flitwick, dragonball, false, 1580039518
18, flitwick, dragonballz, false, 1580039519
18, flitwick, goku, false, 1580039522
18, pasta4lyf, https://www.youtube.com/watch?v=DFxASK_azYU, false, 1580039591
18, pasta4lyf, https://www.youtube.com/watch?v=DFxASK_azYU, false, 1580039592
18, pasta4lyf, https://www.youtube.com/watch?v=DFxASK_azYU, false, 1580039592
18, pasta4lyf, https://www.youtube.com/watch?v=DFxASK_azYU, false, 1580039592
18, pasta4lyf, https://www.youtube.com/watch?v=DFxASK_azYU, false, 1580039592
18, pasta4lyf, https://www.youtube.com/watch?v=DFxASK_azYU, false, 1580039592
18, pasta4lyf, https://www.youtube.com/watch?v=DFxASK_azYU, false, 1580039592
18, pasta4lyf, https://www.youtube.com/watch?v=DFxASK_azYU, false, 1580039592
18, pasta4lyf, https://www.youtube.com/watch?v=DFxASK_azYU, false, 1580039592
18, pasta4lyf, https://www.youtube.com/watch?v=DFxASK_azYU, false, 1580039592
18, pasta4lyf, https://www.youtube.com/watch?v=DFxASK_azYU, false, 1580039593
18, pasta4lyf, https://www.youtube.com/watch?v=DFxASK_azYU, false, 1580039593
18, pasta4lyf, https://www.youtube.com/watch?v=DFxASK_azYU, false, 1580039593
18, pasta4lyf, https://www.youtube.com/watch?v=DFxASK_azYU, false, 1580039593
18, pasta4lyf, https://www.youtube.com/watch?v=DFxASK_azYU, false, 1580039593
18, pasta4lyf, https://www.youtube.com/watch?v=DFxASK_azYU, false, 1580039593
18, pasta4lyf, https://www.youtube.com/watch?v=DFxASK_azYU, false, 1580039593
18, pasta4lyf, https://www.youtube.com/watch?v=DFxASK_azYU, false, 1580039593
18, pasta4lyf, https://www.youtube.com/watch?v=DFxASK_azYU, false, 1580039594
18, pasta4lyf, https://www.youtube.com/watch?v=DFxASK_azYU, false, 1580039594
18, pasta4lyf, https://www.youtube.com/watch?v=DFxASK_azYU, false, 1580039594
18, pasta4lyf, https://www.youtube.com/watch?v=DFxASK_azYU, false, 1580039594
18, pasta4lyf, https://www.youtube.com/watch?v=DFxASK_azYU, false, 1580039594
18, pasta4lyf, https://www.youtube.com/watch?v=DFxASK_azYU, false, 1580039594
18, pasta4lyf, https://www.youtube.com/watch?v=DFxASK_azYU, false, 1580039594
18, pasta4lyf, https://www.youtube.com/watch?v=DFxASK_azYU, false, 1580039594
18, pasta4lyf, https://www.youtube.com/watch?v=DFxASK_azYU, false, 1580039595
18, pasta4lyf, https://www.youtube.com/watch?v=DFxASK_azYU, false, 1580039595
18, pasta4lyf, https://www.youtube.com/watch?v=DFxASK_azYU, false, 1580039595
18, pasta4lyf, https://www.youtube.com/watch?v=DFxASK_azYU, false, 1580039595
18, pasta4lyf, https://www.youtube.com/watch?v=DFxASK_azYU, false, 1580039595
18, pasta4lyf, https://www.youtube.com/watch?v=DFxASK_azYU, false, 1580039595
18, pasta4lyf, https://www.youtube.com/watch?v=DFxASK_azYU, false, 1580039595
18, pasta4lyf, https://www.youtube.com/watch?v=DFxASK_azYU, false, 1580039596
18, pasta4lyf, https://www.youtube.com/watch?v=DFxASK_azYU, false, 1580039596
18, pasta4lyf, https://www.youtube.com/watch?v=DFxASK_azYU, false, 1580039596
18, pasta4lyf, https://www.youtube.com/watch?v=DFxASK_azYU, false, 1580039596
18, pasta4lyf, https://www.youtube.com/watch?v=DFxASK_azYU, false, 1580039596
18, pasta4lyf, https://www.youtube.com/watch?v=DFxASK_azYU, false, 1580039596
18, pasta4lyf, https://www.youtube.com/watch?v=DFxASK_azYU, false, 1580039596
18, pasta4lyf, https://www.youtube.com/watch?v=DFxASK_azYU, false, 1580039596
18, pasta4lyf, https://www.youtube.com/watch?v=DFxASK_azYU, false, 1580039596
18, pasta4lyf, https://www.youtube.com/watch?v=DFxASK_azYU, false, 1580039597
18, pasta4lyf, https://www.youtube.com/watch?v=DFxASK_azYU, false, 1580039597
18, pasta4lyf, https://www.youtube.com/watch?v=DFxASK_azYU, false, 1580039597
18, pasta4lyf, https://www.youtube.com/watch?v=DFxASK_azYU, false, 1580039597
18, pasta4lyf, https://www.youtube.com/watch?v=DFxASK_azYU, false, 1580039597
18, pasta4lyf, https://www.youtube.com/watch?v=DFxASK_azYU, false, 1580039597
18, pasta4lyf, https://www.youtube.com/watch?v=DFxASK_azYU, false, 1580039597
18, pasta4lyf, https://www.youtube.com/watch?v=DFxASK_azYU, false, 1580039597
18, pasta4lyf, https://www.youtube.com/watch?v=DFxASK_azYU, false, 1580039598
18, pasta4lyf, https://www.youtube.com/watch?v=DFxASK_azYU, false, 1580039598
18, pasta4lyf, https://www.youtube.com/watch?v=DFxASK_azYU, false, 1580039598
18, pasta4lyf, https://www.youtube.com/watch?v=DFxASK_azYU, false, 1580039598
18, pasta4lyf, https://www.youtube.com/watch?v=DFxASK_azYU, false, 1580039598
18, pasta4lyf, https://www.youtube.com/watch?v=DFxASK_azYU, false, 1580039598
18, pasta4lyf, https://www.youtube.com/watch?v=DFxASK_azYU, false, 1580039598
18, pasta4lyf, https://www.youtube.com/watch?v=DFxASK_azYU, false, 1580039598
18, pasta4lyf, https://www.youtube.com/watch?v=DFxASK_azYU, false, 1580039599
18, pasta4lyf, https://www.youtube.com/watch?v=DFxASK_azYU, false, 1580039599
18, pasta4lyf, https://www.youtube.com/watch?v=DFxASK_azYU, false, 1580039599
18, pasta4lyf, https://www.youtube.com/watch?v=DFxASK_azYU, false, 1580039599
18, pasta4lyf, https://www.youtube.com/watch?v=DFxASK_azYU, false, 1580039599
18, pasta4lyf, https://www.youtube.com/watch?v=DFxASK_azYU, false, 1580039599
18, pasta4lyf, https://www.youtube.com/watch?v=DFxASK_azYU, false, 1580039599
18, pasta4lyf, https://www.youtube.com/watch?v=DFxASK_azYU, false, 1580039599
18, pasta4lyf, https://www.youtube.com/watch?v=DFxASK_azYU, false, 1580039600
18, pasta4lyf, https://www.youtube.com/watch?v=DFxASK_azYU, false, 1580039600
18, pasta4lyf, https://www.youtube.com/watch?v=DFxASK_azYU, false, 1580039600
18, pasta4lyf, https://www.youtube.com/watch?v=DFxASK_azYU, false, 1580039600
18, pasta4lyf, https://www.youtube.com/watch?v=DFxASK_azYU, false, 1580039600
18, pasta4lyf, https://www.youtube.com/watch?v=DFxASK_azYU, false, 1580039600
18, pasta4lyf, https://www.youtube.com/watch?v=DFxASK_azYU, false, 1580039600
18, pasta4lyf, https://www.youtube.com/watch?v=DFxASK_azYU, false, 1580039600
18, pasta4lyf, https://www.youtube.com/watch?v=DFxASK_azYU, false, 1580039600
18, pasta4lyf, https://www.youtube.com/watch?v=DFxASK_azYU, false, 1580039601
18, pasta4lyf, https://www.youtube.com/watch?v=DFxASK_azYU, false, 1580039601
18, pasta4lyf, https://www.youtube.com/watch?v=DFxASK_azYU, false, 1580039601
18, pasta4lyf, https://www.youtube.com/watch?v=DFxASK_azYU, false, 1580039601
18, pasta4lyf, https://www.youtube.com/watch?v=DFxASK_azYU, false, 1580039601
18, pasta4lyf, https://www.youtube.com/watch?v=DFxASK_azYU, false, 1580039601
18, pasta4lyf, https://www.youtube.com/watch?v=DFxASK_azYU, false, 1580039601
18, pasta4lyf, https://www.youtube.com/watch?v=DFxASK_azYU, false, 1580039601
18, pasta4lyf, https://www.youtube.com/watch?v=DFxASK_azYU, false, 1580039602
18, pasta4lyf, https://www.youtube.com/watch?v=DFxASK_azYU, false, 1580039602
18, pasta4lyf, https://www.youtube.com/watch?v=DFxASK_azYU, false, 1580039602
18, pasta4lyf, https://www.youtube.com/watch?v=DFxASK_azYU, false, 1580039602
18, pasta4lyf, https://www.youtube.com/watch?v=DFxASK_azYU, false, 1580039602
18, pasta4lyf, https://www.youtube.com/watch?v=DFxASK_azYU, false, 1580039602
18, pasta4lyf, https://www.youtube.com/watch?v=DFxASK_azYU, false, 1580039602
18, pasta4lyf, https://www.youtube.com/watch?v=DFxASK_azYU, false, 1580039602
18, pasta4lyf, https://www.youtube.com/watch?v=DFxASK_azYU, false, 1580039603
18, pasta4lyf, https://www.youtube.com/watch?v=DFxASK_azYU, false, 1580039603
18, pasta4lyf, https://www.youtube.com/watch?v=DFxASK_azYU, false, 1580039603
18, pasta4lyf, https://www.youtube.com/watch?v=DFxASK_azYU, false, 1580039603
18, pasta4lyf, https://www.youtube.com/watch?v=DFxASK_azYU, false, 1580039603
18, pasta4lyf, https://www.youtube.com/watch?v=DFxASK_azYU, false, 1580039603
18, pasta4lyf, https://www.youtube.com/watch?v=DFxASK_azYU, false, 1580039603
18, pasta4lyf, https://www.youtube.com/watch?v=DFxASK_azYU, false, 1580039603
18, pasta4lyf, https://www.youtube.com/watch?v=DFxASK_azYU, false, 1580039603
18, pasta4lyf, https://www.youtube.com/watch?v=DFxASK_azYU, false, 1580039604
18, pasta4lyf, https://www.youtube.com/watch?v=DFxASK_azYU, false, 1580039604
18, pasta4lyf, https://www.youtube.com/watch?v=DFxASK_azYU, false, 1580039604
18, pasta4lyf, https://www.youtube.com/watch?v=DFxASK_azYU, false, 1580039604
18, pasta4lyf, https://www.youtube.com/watch?v=DFxASK_azYU, false, 1580039604
18, pasta4lyf, https://www.youtube.com/watch?v=DFxASK_azYU, false, 1580039604
18, pasta4lyf, https://www.youtube.com/watch?v=DFxASK_azYU, false, 1580039604
18, pasta4lyf, https://www.youtube.com/watch?v=DFxASK_azYU, false, 1580039604
18, pasta4lyf, https://www.youtube.com/watch?v=DFxASK_azYU, false, 1580039604
18, pasta4lyf, https://www.youtube.com/watch?v=DFxASK_azYU, false, 1580039604
18, pasta4lyf, https://www.youtube.com/watch?v=DFxASK_azYU, false, 1580039605
18, pasta4lyf, https://www.youtube.com/watch?v=DFxASK_azYU, false, 1580039605
18, pasta4lyf, https://www.youtube.com/watch?v=DFxASK_azYU, false, 1580039605
18, pasta4lyf, https://www.youtube.com/watch?v=DFxASK_azYU, false, 1580039605
18, pasta4lyf, https://www.youtube.com/watch?v=DFxASK_azYU, false, 1580039605
18, pasta4lyf, https://www.youtube.com/watch?v=DFxASK_azYU, false, 1580039605
18, pasta4lyf, https://www.youtube.com/watch?v=DFxASK_azYU, false, 1580039605
18, pasta4lyf, https://www.youtube.com/watch?v=DFxASK_azYU, false, 1580039606
18, pasta4lyf, https://www.youtube.com/watch?v=DFxASK_azYU, false, 1580039606
18, pasta4lyf, https://www.youtube.com/watch?v=DFxASK_azYU, false, 1580039606
18, pasta4lyf, https://www.youtube.com/watch?v=DFxASK_azYU, false, 1580039606
18, pasta4lyf, https://www.youtube.com/watch?v=DFxASK_azYU, false, 1580039606
18, pasta4lyf, https://www.youtube.com/watch?v=DFxASK_azYU, false, 1580039606
18, pasta4lyf, https://www.youtube.com/watch?v=DFxASK_azYU, false, 1580039606
18, pasta4lyf, https://www.youtube.com/watch?v=DFxASK_azYU, false, 1580039606
18, pasta4lyf, https://www.youtube.com/watch?v=DFxASK_azYU, false, 1580039606
18, pasta4lyf, https://www.youtube.com/watch?v=DFxASK_azYU, false, 1580039606
18, pasta4lyf, https://www.youtube.com/watch?v=DFxASK_azYU, false, 1580039607
18, pasta4lyf, https://www.youtube.com/watch?v=DFxASK_azYU, false, 1580039607
18, pasta4lyf, https://www.youtube.com/watch?v=DFxASK_azYU, false, 1580039607
18, pasta4lyf, https://www.youtube.com/watch?v=DFxASK_azYU, false, 1580039607
18, pasta4lyf, https://www.youtube.com/watch?v=DFxASK_azYU, false, 1580039607
18, pasta4lyf, https://www.youtube.com/watch?v=DFxASK_azYU, false, 1580039607
18, pasta4lyf, https://www.youtube.com/watch?v=DFxASK_azYU, false, 1580039607
18, pasta4lyf, https://www.youtube.com/watch?v=DFxASK_azYU, false, 1580039607
18, pasta4lyf, https://www.youtube.com/watch?v=DFxASK_azYU, false, 1580039607
18, pasta4lyf, https://www.youtube.com/watch?v=DFxASK_azYU, false, 1580039607
18, pasta4lyf, https://www.youtube.com/watch?v=DFxASK_azYU, false, 1580039608
18, pasta4lyf, https://www.youtube.com/watch?v=DFxASK_azYU, false, 1580039608
18, pasta4lyf, https://www.youtube.com/watch?v=DFxASK_azYU, false, 1580039608
18, pasta4lyf, https://www.youtube.com/watch?v=DFxASK_azYU, false, 1580039608
18, pasta4lyf, https://www.youtube.com/watch?v=DFxASK_azYU, false, 1580039608
18, pasta4lyf, https://www.youtube.com/watch?v=DFxASK_azYU, false, 1580039608
18, pasta4lyf, https://www.youtube.com/watch?v=DFxASK_azYU, false, 1580039608
18, pasta4lyf, https://www.youtube.com/watch?v=DFxASK_azYU, false, 1580039609
18, pasta4lyf, https://www.youtube.com/watch?v=DFxASK_azYU, false, 1580039609
18, pasta4lyf, https://www.youtube.com/watch?v=DFxASK_azYU, false, 1580039609
18, pasta4lyf, https://www.youtube.com/watch?v=DFxASK_azYU, false, 1580039609
18, pasta4lyf, frog, false, 1580039636
18, pasta4lyf, godofwat, false, 1580039640
18, pasta4lyf, godofwar, false, 1580039641
18, pasta4lyf, unibrow, false, 1580039726
18, GreenEarthEagle, cicero, false, 1580040169
18, GreenEarthEagle, marcuscicero, false, 1580040173
18, GreenEarthEagle, marcustulliuscicero, false, 1580040201
18, GreenEarthEagle, goodandevil, false, 1580040207
18, pasta4lyf, https://res.cloudinary.com/ddc4oysii/image/upload/v1579990535/F8258061161AFD91C588E71FF6DC5AC103FAE288E9D4FDB1110A35618E88AF7C/getgrthbrtdgbf_nuvdzi.png, false, 1580040224
18, pasta4lyf, poliwrath, false, 1580040284
18, GreenEarthEagle, definibusbonorumetmalorum, false, 1580040287
18, pasta4lyf, poliwhirl, false, 1580040288
18, pasta4lyf, poliwag, false, 1580040290
18, Whazza42, circle, false, 1580040452
18, ronnie_36, pirate, false, 1580040461
18, pasta4lyf, razorsedge, false, 1580040581
18, pasta4lyf, wemoveincircles, false, 1580040586
18, pasta4lyf, ouroboros, false, 1580040717
18, Brokeigma, knob, false, 1580040720
18, Brokeigma, gear, false, 1580040725
18, Brokeigma, key, false, 1580040733
18, pasta4lyf, benzene, false, 1580040733
18, Whazza42, ouroboro, false, 1580040737
18, Whazza42, ouroboros, false, 1580040742
18, pasta4lyf, uroboros, false, 1580040744
18, Brokeigma, enginestartstopbutton, false, 1580040747
18, pasta4lyf, backtosquareone, false, 1580040891
18, Brokeigma, pihkal, false, 1580041018
18, pasta4lyf, highasfuck, false, 1580041110
18, anand._.10, 2323, false, 1580041217
18, anand._.10, twothreetwothree, false, 1580041228
18, anand._.10, 4, false, 1580041294
18, anand._.10, 4, false, 1580041294
18, anand._.10, 4, false, 1580041294
18, Brokeigma, pinkfloyd, false, 1580041323
18, Whazza42, grapheme, false, 1580041457
18, Brokeigma, emoticon, false, 1580041520
18, Brokeigma, emoticons, false, 1580041525
18, Whazza42, toandtofro, false, 1580041553
18, anand._.10, iend, false, 1580041575
18, Brokeigma, textemoticons, false, 1580041625
18, Brokeigma, textemoticons, false, 1580041637
18, Brokeigma, 56hours, false, 1580041681
18, Brokeigma, 3360, false, 1580041703
18, Brokeigma, 201600, false, 1580041717
18, iBlyatiful, beornotbe, false, 1580041930
18, aaabattery, ghost, false, 1580042095
18, pasta4lyf, tipoftongue, false, 1580042248
18, anand._.10, emmeemmemem, false, 1580042282
18, Brokeigma, omshantiom, false, 1580042316
18, Brokeigma, moom, false, 1580042464
18, aaabattery, momo, false, 1580042466
18, Brokeigma, moon, false, 1580042468
18, Brokeigma, night, false, 1580042477
18, ysh_suvarna, businessman, false, 1580042480
18, Brokeigma, livedead, false, 1580042489
18, Brokeigma, deadpool, false, 1580042494
18, Brokeigma, birthdeath, false, 1580042503
18, Brokeigma, borndead, false, 1580042508
18, Brokeigma, makejokeof, false, 1580042563
18, ysh_suvarna, pinball, false, 1580042577
18, ysh_suvarna, pinball, false, 1580042586
18, ysh_suvarna, pinball, false, 1580042602
18, ysh_suvarna, pinball, false, 1580042603
18, aaabattery, pinball, false, 1580042646
18, Brokeigma, pinball, false, 1580042652
18, Brokeigma, race, false, 1580042669
18, Brokeigma, f1, false, 1580042672
18, Brokeigma, formula1, false, 1580042678
18, Brokeigma, track, false, 1580042681
18, Brokeigma, bic, false, 1580042686
18, Radicalidol, pinball, false, 1580042691
18, aaabattery, windows, false, 1580042768
18, aaabattery, windowsxp, false, 1580042770
18, aaabattery, microsoft, false, 1580042777
18, aaabattery, people, false, 1580042782
18, Brokeigma, cannon, false, 1580042783
18, aaabattery, india, false, 1580042786
18, Brokeigma, canon, false, 1580042789
18, TheDemigod, fortytwo, false, 1580042831
18, hazy.......007, crntipetal, false, 1580042905
18, hazy.......007, crntipetal, false, 1580042906
18, hazy.......007, centripetal, false, 1580042914
18, hazy.......007, car, false, 1580042922
18, hazy.......007, stunt, false, 1580042929
18, Brokeigma, bangbang, false, 1580042957
18, Brokeigma, bangbang, false, 1580042964
18, Brokeigma, gunner, false, 1580042968
18, aaabattery, hex, false, 1580042982
18, aaabattery, gandhi, false, 1580042994
18, aaabattery, mahatmagandhi, false, 1580043014
18, flitwick, sos, false, 1580043211
18, flitwick, saveoursouls, false, 1580043217
18, Brokeigma, golf, false, 1580043219
18, aaabattery, sos, false, 1580043279
18, aaabattery, titanic, false, 1580043285
18, pasta4lyf, pinball', false, 1580043299
18, pasta4lyf, pinball, false, 1580043300
18, pasta4lyf, momo, false, 1580043304
18, aaabattery, saveoursouls, false, 1580043315
18, Brokeigma, esrom, false, 1580043337
18, ronnie_36, pulp, false, 1580043368
18, omaewamoushindeiru, washing, false, 1580043383
18, omaewamoushindeiru, skulks, false, 1580043387
18, ronnie_36, pulp, false, 1580043388
18, omaewamoushindeiru, villas, false, 1580043390
18, omaewamoushindeiru, cohort, false, 1580043393
18, ronnie_36, test, false, 1580043395
18, omaewamoushindeiru, fizzed, false, 1580043398
18, omaewamoushindeiru, aching, false, 1580043401
18, Elephantsfoot, criptex, false, 1580043401
18, omaewamoushindeiru, earful, false, 1580043404
18, aaabattery, poop, false, 1580043409
18, omaewamoushindeiru, farced, false, 1580043412
18, omaewamoushindeiru, felled, false, 1580043417
18, ronnie_36, momo, false, 1580043418
18, omaewamoushindeiru, ished, false, 1580043420
18, omaewamoushindeiru, fished, false, 1580043422
18, aaabattery, taint, false, 1580043422
18, ronnie_36, eses, false, 1580043424
18, omaewamoushindeiru, snooks, false, 1580043425
18, omaewamoushindeiru, vincas, false, 1580043430
18, aaabattery, acetate, false, 1580043435
18, omaewamoushindeiru, swoons, false, 1580043435
18, omaewamoushindeiru, swamps, false, 1580043437
18, omaewamoushindeiru, slaves, false, 1580043440
18, omaewamoushindeiru, search, false, 1580043442
18, aaabattery, oldufo, false, 1580043458
18, pasta4lyf, fool, false, 1580043459
18, Elephantsfoot, cryptex, false, 1580043463
18, ronnie_36, diet, false, 1580043464
18, ronnie_36, nest, false, 1580043468
18, pasta4lyf, gouty, false, 1580043491
18, Radicalidol, emeanatewe, false, 1580043515
18, Radicalidol, eme an ate we, false, 1580043527
18, Radicalidol, weateaneme, false, 1580043540
18, Radicalidol, weateaneme, false, 1580043541
18, Radicalidol, weateaneme, false, 1580043541
18, Radicalidol, weateaneme, false, 1580043541
18, Radicalidol, we ate an eme, false, 1580043554
18, Radicalidol, we ate an eme, false, 1580043556
18, Radicalidol, we ate an eme, false, 1580043556
18, ronnie_36, aneggtotom, false, 1580043563
18, aaabattery, silence, false, 1580043569
18, ronnie_36, tom, false, 1580043576
18, ronnie_36, tomandjerry, false, 1580043586
18, geraltofrivia, silence, false, 1580043593
18, geraltofrivia, silenced, false, 1580043595
18, pasta4lyf, poop, false, 1580043601
18, omaewamoushindeiru, poop, false, 1580043603
18, GreenEarthEagle, gnaw, false, 1580043650
18, Radicalidol, we ate an eme, false, 1580043663
18, Radicalidol, we ate an eme, false, 1580043665
18, ysh_suvarna, pulp, false, 1580043711
18, ysh_suvarna, pulp, false, 1580043714
18, pasta4lyf, esrom, false, 1580043761
18, Radicalidol, esrom, false, 1580043765
18, omaewamoushindeiru, , false, 1580043766
18, Radicalidol, esrom, false, 1580043767
18, omaewamoushindeiru, an, false, 1580043768
18, Elephantsfoot, poop, false, 1580043770
18, aaabattery, esrom, false, 1580043774
18, omaewamoushindeiru, article, false, 1580043778
18, omaewamoushindeiru, aanthe, false, 1580043783
18, omaewamoushindeiru, athean, false, 1580043787
18, MishuAnubis, hairballs, false, 1580043791
18, GreenEarthEagle, aymr, false, 1580043792
18, MishuAnubis, incalescence, false, 1580043805
18, Radicalidol, we ate an eme, false, 1580043807
18, Radicalidol, we ate an eme, false, 1580043810
18, MishuAnubis, intransigence, false, 1580043821
18, anand._.10, esrom, false, 1580043831
18, pasta4lyf, rubelbowswith, false, 1580043845
18, Elephantsfoot, sememes, false, 1580043851
18, Elephantsfoot, sememes, false, 1580043852
18, Elephantsfoot, sememes, false, 1580043852
18, Elephantsfoot, sememes, false, 1580043852
18, Elephantsfoot, sememes, false, 1580043852
18, aaabattery, coco, false, 1580043862
18, aaabattery, cici, false, 1580043866
18, aaabattery, caca, false, 1580043870
18, Brokeigma, racetrack, false, 1580043871
18, MishuAnubis, wintertime, false, 1580043880
18, TheDemigod, meme, false, 1580043880
18, TheDemigod, memes, false, 1580043881
18, MishuAnubis, superfunds, false, 1580043902
18, MishuAnubis, isochrones, false, 1580043916
18, MishuAnubis, researcher, false, 1580043928
18, ysh_suvarna, we, false, 1580043936
18, anand._.10, emeanatewe, false, 1580043951
18, ronnie_36, we, false, 1580043951
18, MishuAnubis, interstice, false, 1580043959
18, GreenEarthEagle, superfunds, false, 1580043965
18, GreenEarthEagle, isochrones, false, 1580043973
18, GreenEarthEagle, endobiotic, false, 1580043978
18, ysh_suvarna, na, false, 1580043981
18, GreenEarthEagle, researcher, false, 1580043983
18, GreenEarthEagle, incipience, false, 1580043990
18, GreenEarthEagle, bottommost, false, 1580043996
18, GreenEarthEagle, intravital, false, 1580044002
18, GreenEarthEagle, initialled, false, 1580044005
18, ronnie_36, madonna, false, 1580044012
18, GreenEarthEagle, interrenal, false, 1580044012
18, GreenEarthEagle, interstice, false, 1580044018
18, GreenEarthEagle, wintertime, false, 1580044024
18, Elephantsfoot, isochrones, false, 1580044099
18, flitwick, footstool, false, 1580044099
18, TheDemigod, pulp, false, 1580044101
18, TheDemigod, pulpfiction, false, 1580044105
18, TheDemigod, pulpfiction, false, 1580044105
18, aaabattery, incalescence, false, 1580044114
18, Elephantsfoot, endobiotic, false, 1580044114
18, Elephantsfoot, researcher, false, 1580044123
18, Elephantsfoot, incipience, false, 1580044134
18, Elephantsfoot, bottommost, false, 1580044147
18, aaabattery, quirkily, false, 1580044156
18, Elephantsfoot, intravital, false, 1580044162
18, aaabattery, endobiotic, false, 1580044168
18, Elephantsfoot, initialled, false, 1580044169
18, TheDemigod, poop, false, 1580044198
18, TheDemigod, taint, false, 1580044202
18, TheDemigod, taint, false, 1580044203
18, TheDemigod, acetate, false, 1580044205
18, pasta4lyf, momo, false, 1580044228
18, aaabattery, coco, false, 1580044307
18, aaabattery, cjcj, false, 1580044314
18, aaabattery, coco, false, 1580044323
18, aaabattery, cqcq, false, 1580044328
18, iBlyatiful, isochrones, false, 1580044332
18, GreenEarthEagle, aesir, false, 1580044332
18, GreenEarthEagle, asir, false, 1580044335
18, iBlyatiful, superfunds, false, 1580044338
18, aaabattery, copo, false, 1580044340
18, iBlyatiful, endobiotic, false, 1580044345
18, aaabattery, copq, false, 1580044348
18, iBlyatiful, researcher, false, 1580044353
18, iBlyatiful, INCIPIENCE, false, 1580044366
18, aaabattery, roro, false, 1580044368
18, iBlyatiful, incipience, false, 1580044370
18, iBlyatiful, bottommost, false, 1580044378
18, iBlyatiful, intravital, false, 1580044386
18, Radicalidol, vietname, false, 1580044388
18, Brokeigma, 2020, false, 1580044392
18, iBlyatiful, initialled, false, 1580044401
18, ronnie_36, welovecryptex67435, true, 1580044406
18, pasta4lyf, welovecryptex67435, true, 1580044438
18, Radicalidol, welovecryptex67435, true, 1580044459
18, omaewamoushindeiru, wheelofcryptexsixsevenfourthreefive, false, 1580044462
18, Whazza42, welovecryptex67435, true, 1580044464
18, omaewamoushindeiru, wheelofcryptex6743, false, 1580044470
18, omaewamoushindeiru, wheelofcryptex67435, false, 1580044475
18, aaabattery, welovecryptex67435, true, 1580044480
18, omaewamoushindeiru, wheelofcryptex67435, false, 1580044480
18, anand._.10, welovecryptex67435, true, 1580044484
18, omaewamoushindeiru, welovecryptex67435, true, 1580044513
18, Elephantsfoot, incalescence, false, 1580044515
18, ysh_suvarna, welovecryptex67435, true, 1580044527
18, Brokeigma, welovecryptex67435, true, 1580044550
18, GreenEarthEagle, motto, false, 1580044583
18, GreenEarthEagle, oxo, false, 1580044587
18, GreenEarthEagle, goy, false, 1580044599
18, GreenEarthEagle, ghat, false, 1580044603
18, GreenEarthEagle, yok, false, 1580044610
18, GreenEarthEagle, yuk, false, 1580044615
18, GreenEarthEagle, tweak, false, 1580044618
18, GreenEarthEagle, kaka, false, 1580044622
18, GreenEarthEagle, dona, false, 1580044652
18, GreenEarthEagle, tufa, false, 1580044657
18, GreenEarthEagle, terra, false, 1580044660
18, GreenEarthEagle, terret, false, 1580044664
18, GreenEarthEagle, dada, false, 1580044668
18, GreenEarthEagle, deist, false, 1580044674
18, GreenEarthEagle, beset, false, 1580044677
18, GreenEarthEagle, jog, false, 1580044681
18, GreenEarthEagle, jug, false, 1580044684
18, GreenEarthEagle, pip, false, 1580044693
18, GreenEarthEagle, pian, false, 1580044696
18, GreenEarthEagle, peep, false, 1580044698
18, GreenEarthEagle, abate, false, 1580044700
18, GreenEarthEagle, roc, false, 1580044709
18, GreenEarthEagle, rater, false, 1580044724
18, GreenEarthEagle, ratite, false, 1580044726
18, GreenEarthEagle, aimer, false, 1580044729
18, TheDemigod, DANG, false, 1580044732
18, TheDemigod, dang, false, 1580044735
18, GreenEarthEagle, seise, false, 1580044787
18, GreenEarthEagle, hies, false, 1580044789
18, TheDemigod, ados, false, 1580044792
18, GreenEarthEagle, semes, false, 1580044793
18, TheDemigod, aids, false, 1580044795
18, GreenEarthEagle, segs, false, 1580044798
18, GreenEarthEagle, sabe, false, 1580044801
18, GreenEarthEagle, sadi, false, 1580044805
18, GreenEarthEagle, sans, false, 1580044807
18, GreenEarthEagle, sates, false, 1580044810
18, GreenEarthEagle, stele, false, 1580044815
18, GreenEarthEagle, vide, false, 1580044818
18, GreenEarthEagle, video, false, 1580044822
18, GreenEarthEagle, iamb, false, 1580044826
18, iBlyatiful, interrenal, false, 1580044829
18, GreenEarthEagle, sots, false, 1580044832
18, GreenEarthEagle, sob, false, 1580044834
18, GreenEarthEagle, fil, false, 1580044840
18, GreenEarthEagle, feel, false, 1580044843
18, GreenEarthEagle, fire, false, 1580044846
18, GreenEarthEagle, eased, false, 1580044849
18, GreenEarthEagle, used, false, 1580044851
18, GreenEarthEagle, itemed, false, 1580044856
18, iBlyatiful, interstice, false, 1580044859
18, GreenEarthEagle, ensue, false, 1580044861
18, GreenEarthEagle, ether, false, 1580044862
18, GreenEarthEagle, lier, false, 1580044869
18, iBlyatiful, wintertime, false, 1580044870
18, GreenEarthEagle, rive, false, 1580044873
18, GreenEarthEagle, reif, false, 1580044878
18, GreenEarthEagle, reeve, false, 1580044882
18, GreenEarthEagle, reeves, false, 1580044886
18, GreenEarthEagle, keanureeves, false, 1580044890
18, GreenEarthEagle, matrix, false, 1580044896
18, GreenEarthEagle, thematrix, false, 1580044899
18, GreenEarthEagle, thue, false, 1580044933
18, geraltofrivia, welovecryptex67435, true, 1580044998
18, Tanishq2403, leerierreviverestivereefier, false, 1580045020
18, tushartiwariofficial, welovecryptex67435, true, 1580045053
18, iBlyatiful, ultranatural, false, 1580045089
18, bhanushali, welovecryptex67435, true, 1580045112
18, GreenEarthEagle, alec, false, 1580045205
18, GreenEarthEagle, eden, false, 1580045211
18, GreenEarthEagle, fred, false, 1580045213
18, GreenEarthEagle, mary, false, 1580045222
18, Tanishq2403, tom, false, 1580045239
18, GreenEarthEagle, tina, false, 1580045266
18, GreenEarthEagle, wang, false, 1580045269
18, vedantsingh1404, weateaneme, false, 1580045336
18, vedantsingh1404, weemeanate, false, 1580045342
18, Tanishq2403, momo, false, 1580045356
18, GreenEarthEagle, seventythree, false, 1580045362
18, LordFaramir, saveoursouls, false, 1580045378
18, vedantsingh1404, weateemean, false, 1580045380
18, LordFaramir, saveoursoul, false, 1580045385
18, LordFaramir, sos, false, 1580045393
18, GreenEarthEagle, goat, false, 1580045406
18, vedantsingh1404, weateemewe, false, 1580045417
18, vedantsingh1404, weateatewe, false, 1580045420
18, Tanishq2403, wow, false, 1580045427
18, niyati10, welovecryptex67435, true, 1580045475
18, GreenEarthEagle, john, false, 1580045598
18, GreenEarthEagle, loki, false, 1580045628
18, GreenEarthEagle, thor, false, 1580045631
18, GreenEarthEagle, marvel, false, 1580045634
18, Tanishq2403, karmhidharm, false, 1580045640
18, hazy.......007, welovecryptex67435, true, 1580045956
18, Elephantsfoot, apieceofcake, false, 1580045978
18, GreenEarthEagle, adig, false, 1580046337
18, GreenEarthEagle, agag, false, 1580046343
18, GreenEarthEagle, akng, false, 1580046346
18, GreenEarthEagle, arar, false, 1580046351
18, GreenEarthEagle, arik, false, 1580046357
18, GreenEarthEagle, arnk, false, 1580046361
18, GreenEarthEagle, asir, false, 1580046364
18, GreenEarthEagle, aunr, false, 1580046368
18, GreenEarthEagle, awak, false, 1580046372
18, GreenEarthEagle, awmk, false, 1580046376
18, GreenEarthEagle, awmr, false, 1580046380
18, GreenEarthEagle, idid, false, 1580046386
18, GreenEarthEagle, igad, false, 1580046388
18, GreenEarthEagle, iknd, false, 1580046392
18, GreenEarthEagle, iras, false, 1580046396
18, GreenEarthEagle, isis, false, 1580046398
18, GreenEarthEagle, iuns, false, 1580046401
18, GreenEarthEagle, iwms, false, 1580046405
18, GreenEarthEagle, nrau, false, 1580046409
18, GreenEarthEagle, nsiu, false, 1580046413
18, GreenEarthEagle, nunu, false, 1580046416
18, GreenEarthEagle, nwmu, false, 1580046420
18, GreenEarthEagle, mraw, false, 1580046425
18, GreenEarthEagle, msiw, false, 1580046429
18, GreenEarthEagle, munw, false, 1580046433
18, GreenEarthEagle, mwmw, false, 1580046436
18, Tanishq2403, ate, false, 1580046513
18, Tanishq2403, we, false, 1580046515
18, Tanishq2403, weateaneme, false, 1580046523
18, Tanishq2403, weemeanate, false, 1580046536
18, Elephantsfoot, cercatrova, false, 1580046549
18, vedantsingh1404, weateanate, false, 1580046556
18, vedantsingh1404, weateweate, false, 1580046561
18, Tanishq2403, weateweate, false, 1580046564
18, vedantsingh1404, anateweate, false, 1580046567
18, Tanishq2403, anemeaneme, false, 1580046571
18, vedantsingh1404, an ate we ate, false, 1580046577
18, vedantsingh1404, we ate an eme, false, 1580046582
18, vedantsingh1404, anateaneme, false, 1580046594
18, vedantsingh1404, anateweeme, false, 1580046597
18, vedantsingh1404, weemeweate, false, 1580046612
18, vedantsingh1404, weateanate, false, 1580046622
18, vedantsingh1404, weateweate, false, 1580046634
18, vedantsingh1404, weateweeme, false, 1580046636
18, Tanishq2403, weemeweate, false, 1580046637
18, vedantsingh1404, weateaneme, false, 1580046650
18, vedantsingh1404, weateanate, false, 1580046652
18, vedantsingh1404, weemeweeme, false, 1580046656
18, vedantsingh1404, weemeweate, false, 1580046659
18, vedantsingh1404, weemeanate, false, 1580046664
18, vedantsingh1404, weemeaneme, false, 1580046665
18, vedantsingh1404, anateweeme, false, 1580046673
18, vedantsingh1404, anateweate, false, 1580046675
18, vedantsingh1404, anateanate, false, 1580046677
18, vedantsingh1404, anateaneme, false, 1580046679
18, vedantsingh1404, anemeweeme, false, 1580046684
18, vedantsingh1404, anemeweate, false, 1580046686
18, vedantsingh1404, anemeaneme, false, 1580046688
18, vedantsingh1404, anemeanate, false, 1580046690
18, vedantsingh1404, anemeaneme, false, 1580046717
18, vedantsingh1404, anateaneme, false, 1580046721
18, vedantsingh1404, welovecryptex67435, true, 1580046742
18, TheDemigod, welovecryptex67435, true, 1580046770
18, Tanishq2403, welovecryptex67435, true, 1580046785
18, GreenEarthEagle, ate, false, 1580047466
18, GreenEarthEagle, sos, false, 1580047474
18, GreenEarthEagle, saveoursouls, false, 1580047482
18, GreenEarthEagle, askr, false, 1580047521
18, GreenEarthEagle, risa, false, 1580047529
18, GreenEarthEagle, awake, false, 1580047697
18, Elephantsfoot, welovecryptex67435, true, 1580047840
18, GreenEarthEagle, dada, false, 1580047864
18, GreenEarthEagle, disa, false, 1580047870
18, GreenEarthEagle, dnka, false, 1580047876
18, GreenEarthEagle, dnra, false, 1580047884
18, GreenEarthEagle, dmga, false, 1580047889
18, GreenEarthEagle, gadm, false, 1580047901
18, GreenEarthEagle, gism, false, 1580047908
18, GreenEarthEagle, gnkm, false, 1580047914
18, GreenEarthEagle, gnrm, false, 1580047920
18, GreenEarthEagle, gmgm, false, 1580047927
18, GreenEarthEagle, kaua, false, 1580047931
18, GreenEarthEagle, kiua, false, 1580047939
18, GreenEarthEagle, radn, false, 1580047948
18, GreenEarthEagle, risn, false, 1580047954
18, GreenEarthEagle, rnkn, false, 1580047959
18, GreenEarthEagle, rnrn, false, 1580047964
18, GreenEarthEagle, rmgn, false, 1580047969
18, GreenEarthEagle, sadi, false, 1580047988
18, GreenEarthEagle, sisi, false, 1580048004
18, GreenEarthEagle, snki, false, 1580048013
18, GreenEarthEagle, snri, false, 1580048020
18, GreenEarthEagle, smgi, false, 1580048028
18, GreenEarthEagle, uiui, false, 1580048034
18, GreenEarthEagle, unwi, false, 1580048042
18, GreenEarthEagle, wiun, false, 1580048049
18, GreenEarthEagle, wnwn, false, 1580048094
18, GreenEarthEagle, wunwun, false, 1580048099
18, GreenEarthEagle, loyalty, false, 1580048263
18, GreenEarthEagle, palindrome, false, 1580048271
18, GreenEarthEagle, sememes, false, 1580048317
18, AdminisGod, welovecryptex67435, true, 1580048321
18, LordFaramir, welovecryptex67435, true, 1580048550
18, GreenEarthEagle, task, false, 1580048682
18, GreenEarthEagle, footstool, false, 1580048687
18, GreenEarthEagle, rotor, false, 1580049166
18, GreenEarthEagle, sees, false, 1580049167
18, GreenEarthEagle, noon, false, 1580049169
18, GreenEarthEagle, mom, false, 1580049177
18, GreenEarthEagle, peep, false, 1580049179
18, MishuAnubis, radar, false, 1580049645
18, GreenEarthEagle, tet, false, 1580049682
18, MishuAnubis, racecar, false, 1580049688
18, GreenEarthEagle, tit, false, 1580049689
18, GreenEarthEagle, ere, false, 1580049694
18, GreenEarthEagle, eke, false, 1580049696
18, MishuAnubis, level, false, 1580049718
18, GreenEarthEagle, ada, false, 1580049787
18, GreenEarthEagle, ana, false, 1580049804
18, GreenEarthEagle, gog, false, 1580049814
18, GreenEarthEagle, nan, false, 1580049835
18, GreenEarthEagle, oho, false, 1580049841
18, MishuAnubis, hannah, false, 1580049844
18, GreenEarthEagle, pip, false, 1580049847
18, MishuAnubis, eye, false, 1580049854
18, GreenEarthEagle, rotor, false, 1580049858
18, MishuAnubis, deed, false, 1580049866
18, GreenEarthEagle, wow, false, 1580049882
18, GreenEarthEagle, nun, false, 1580049885
18, MishuAnubis, poop, false, 1580049917
18, GreenEarthEagle, keep, false, 1580049919
18, GreenEarthEagle, peek, false, 1580049922
18, GreenEarthEagle, otto, false, 1580049945
18, GreenEarthEagle, sis, false, 1580049961
18, GreenEarthEagle, tot, false, 1580049972
18, GreenEarthEagle, nun, false, 1580050004
18, MishuAnubis, bob, false, 1580050007
18, GreenEarthEagle, sos, false, 1580050015
18, GreenEarthEagle, tet, false, 1580050026
18, GreenEarthEagle, sexes, false, 1580050075
18, GreenEarthEagle, toot, false, 1580050080
18, GreenEarthEagle, sees, false, 1580050083
18, GreenEarthEagle, poop, false, 1580050089
18, GreenEarthEagle, kook, false, 1580050094
18, GreenEarthEagle, pop, false, 1580050101
18, MishuAnubis, rotavator, false, 1580050101
18, GreenEarthEagle, pep, false, 1580050105
18, MishuAnubis, footstool, false, 1580050112
18, GreenEarthEagle, racecar, false, 1580050120
18, GreenEarthEagle, toot, false, 1580050131
18, GreenEarthEagle, peep, false, 1580050138
18, GreenEarthEagle, sexes, false, 1580050163
18, GreenEarthEagle, sees, false, 1580050168
18, GreenEarthEagle, kook, false, 1580050176
18, MishuAnubis, pulp, false, 1580050192
18, MishuAnubis, rotor, false, 1580050248
18, MishuAnubis, sos, false, 1580050258
18, MishuAnubis, sexes, false, 1580050286
18, MishuAnubis, ada, false, 1580050290
18, MishuAnubis, peep, false, 1580050344
18, GreenEarthEagle, torot, false, 1580050596
18, MishuAnubis, pip, false, 1580050615
18, GreenEarthEagle, alar, false, 1580050625
18, GreenEarthEagle, seres, false, 1580050660
18, GreenEarthEagle, oxo, false, 1580050671
18, GreenEarthEagle, heh, false, 1580050740
18, GreenEarthEagle, otto, false, 1580050749
18, GreenEarthEagle, toot, false, 1580050752
18, GreenEarthEagle, keek, false, 1580050760
18, GreenEarthEagle, kek, false, 1580050763
18, GreenEarthEagle, sees, false, 1580050797
18, GreenEarthEagle, sis, false, 1580050801
18, GreenEarthEagle, mim, false, 1580050823
18, GreenEarthEagle, tot, false, 1580050836
18, GreenEarthEagle, mem, false, 1580050843
18, GreenEarthEagle, i, false, 1580050847
18, GreenEarthEagle, eme, false, 1580050909
18, GreenEarthEagle, xemex, false, 1580050912
18, arthurpendragon, welovecryptex67435, true, 1580050962
18, GreenEarthEagle, ago, false, 1580051090
18, GreenEarthEagle, ana, false, 1580051093
18, GreenEarthEagle, ants, false, 1580051097
18, GreenEarthEagle, ego, false, 1580051102
18, GreenEarthEagle, emir, false, 1580051107
18, GreenEarthEagle, erie, false, 1580051113
18, GreenEarthEagle, etna, false, 1580051124
18, GreenEarthEagle, fever, false, 1580051128
18, GreenEarthEagle, fins, false, 1580051133
18, GreenEarthEagle, foots, false, 1580051138
18, GreenEarthEagle, gel, false, 1580051142
18, GreenEarthEagle, ian, false, 1580051147
18, GreenEarthEagle, gog, false, 1580051155
18, GreenEarthEagle, kroger, false, 1580051160
18, GreenEarthEagle, lief, false, 1580051165
18, GreenEarthEagle, mew, false, 1580051168
18, GreenEarthEagle, mit, false, 1580051174
18, GreenEarthEagle, own, false, 1580051198
18, modulated_pikachu, welovecryptex67435, true, 1580051201
18, GreenEarthEagle, stan, false, 1580051202
18, GreenEarthEagle, owe, false, 1580051211
18, GreenEarthEagle, rime, false, 1580051215
18, GreenEarthEagle, eire, false, 1580051219
18, GreenEarthEagle, nate, false, 1580051223
18, GreenEarthEagle, rebel, false, 1580051227
18, GreenEarthEagle, sail, false, 1580051231
18, GreenEarthEagle, stool, false, 1580051235
18, GreenEarthEagle, few, false, 1580051239
18, GreenEarthEagle, ani, false, 1580051243
18, GreenEarthEagle, tank, false, 1580051248
18, GreenEarthEagle, rework, false, 1580051254
18, GreenEarthEagle, gem, false, 1580051268
18, GreenEarthEagle, tim, false, 1580051271
18, GreenEarthEagle, tea, false, 1580051276
18, GreenEarthEagle, ana, false, 1580051278
18, GreenEarthEagle, boa, false, 1580051283
18, GreenEarthEagle, ego, false, 1580051287
18, GreenEarthEagle, keep, false, 1580051292
18, GreenEarthEagle, pol, false, 1580051299
18, GreenEarthEagle, fop, false, 1580051301
18, GreenEarthEagle, pots, false, 1580051306
18, GreenEarthEagle, stop, false, 1580051309
18, GreenEarthEagle, regor, false, 1580051318
18, GreenEarthEagle, rower, false, 1580051322
18, GreenEarthEagle, robertrevor, false, 1580051331
18, GreenEarthEagle, trevorrobert, false, 1580051335
18, GreenEarthEagle, sun, false, 1580051393
18, GreenEarthEagle, answer, false, 1580051428
18, GreenEarthEagle, craft, false, 1580051508
18, GreenEarthEagle, ohio, false, 1580051520
18, GreenEarthEagle, tea, false, 1580052108
18, CrazyByDefaut, p, false, 1580052156
18, CrazyByDefaut, ette, false, 1580052298
18, GreenEarthEagle, ette, false, 1580052298
18, GreenEarthEagle, fourwords, false, 1580052316
18, CrazyByDefaut, blazeit, false, 1580052325
18, CrazyByDefaut, fourhundredtwenty, false, 1580052330
18, CrazyByDefaut, 420, false, 1580052332
18, GreenEarthEagle, anting, false, 1580052337
18, GreenEarthEagle, acetate, false, 1580052339
18, GreenEarthEagle, equate, false, 1580052342
18, GreenEarthEagle, wrap, false, 1580052344
18, GreenEarthEagle, an, false, 1580052434
18, GreenEarthEagle, eg, false, 1580052437
18, GreenEarthEagle, etn, false, 1580052441
18, GreenEarthEagle, we, false, 1580052443
18, GreenEarthEagle, p, false, 1580052446
18, GreenEarthEagle, p, false, 1580052447
18, GreenEarthEagle, an, false, 1580052453
18, GreenEarthEagle, sbin, false, 1580052561
18, GreenEarthEagle, smogon, false, 1580052782
18, CrazyByDefaut, emeanatewe, false, 1580053147
18, GreenEarthEagle, ate, false, 1580053164
18, GreenEarthEagle, we, false, 1580053166
18, CrazyByDefaut, emanate, false, 1580053180
18, CrazyByDefaut, emenata, false, 1580053183
18, GreenEarthEagle, ouroboros, false, 1580053235
18, DefaultHasAnL, bethoven, false, 1580053396
18, GreenEarthEagle, bethul, false, 1580053401
18, DefaultHasAnL, moonlightsonata, false, 1580053401
18, DefaultHasAnL, beethoven, false, 1580053404
18, GreenEarthEagle, beethul, false, 1580053405
18, GreenEarthEagle, beethoven, false, 1580053431
18, DefaultHasAnL, moon, false, 1580053451
18, DefaultHasAnL, moonaltered, false, 1580053453
18, DefaultHasAnL, alter, false, 1580053456
18, DefaultHasAnL, beethoven, false, 1580053461
18, DefaultHasAnL, fortytwo, false, 1580053466
18, DefaultHasAnL, earthmoonearth, false, 1580053713
18, DefaultHasAnL, earthmoonearthIDKYOUTELLME, false, 1580053723
18, DefaultHasAnL, earthmoonearthIDKYOUTELLME, false, 1580053723
18, DefaultHasAnL, earthmoonearthIDKYOUTELLME, false, 1580053723
18, DefaultHasAnL, earthmoonearthIDKYOUTELLME, false, 1580053723
18, DefaultHasAnL, earthmoonearthIDKYOUTELLME, false, 1580053723
18, DefaultHasAnL, earthmoonearthIDKYOUTELLME, false, 1580053723
18, DefaultHasAnL, earthmoonearthIDKYOUTELLME, false, 1580053723
18, GreenEarthEagle, weateaneme, false, 1580053725
18, DefaultHasAnL, weateaneme, false, 1580053731
18, flitwick, html5, false, 1580053747
18, GreenEarthEagle, welovecryptex67435, true, 1580053777
18, DefaultHasAnL, welovecryptex67435, true, 1580053846
18, flitwick, w3c, false, 1580053901
18, iBlyatiful, welovecryptex67435, true, 1580054007
18, flitwick, an, false, 1580054059
18, flitwick, eme, false, 1580054064
18, architojha2001, welovecryptex67435, true, 1580054137
18, flitwick, eg, false, 1580054173
18, flitwick, example, false, 1580054175
18, flitwick, we, false, 1580054178
18, flitwick, ette, false, 1580054198
18, flitwick, ate, false, 1580054261
18, flitwick, exempligratia, false, 1580054317
18, flitwick, idest, false, 1580054430
18, flitwick, forexample, false, 1580054434
18, Tabzzzzzzzz, welovecryptex67435, true, 1580054943
18, MishuAnubis, welovecryptex67435, true, 1580055121
18, flitwick, welovecryptex67435, true, 1580056183
18, Kamikaze, welovecryptex67435, true, 1580056197
18, CS19BTECH11045@iith.ac.in, welovecryptex67435, true, 1580057859
18, ayamrage, welovecryptex67435, true, 1580058783
18, TERABAAP, meme, false, 1580062767
18, TERABAAP, seme, false, 1580062772
18, TERABAAP, eme, false, 1580062775
18, Doomsday37, semes, false, 1580063124
18, TERABAAP, raw, false, 1580063131
18, Doomsday37, itemeo, false, 1580063211
18, TERABAAP, aeme, false, 1580063218
18, TERABAAP, semes, false, 1580063246
18, TERABAAP, itemeo, false, 1580063256
18, TERABAAP, itemeo, false, 1580063264
18, TERABAAP, karmhidharm, false, 1580063318
18, Doomsday37, axoneme, false, 1580063326
18, TERABAAP, indianarmy, false, 1580063337
18, TERABAAP, eagle, false, 1580063341
18, TERABAAP, emeute, false, 1580063383
18, TERABAAP, axoneme, false, 1580063399
18, TERABAAP, sememes, false, 1580063417
18, TERABAAP, itemed, false, 1580063433
18, TERABAAP, semes, false, 1580063442
18, TERABAAP, emeute, false, 1580063457
18, TERABAAP, deme, false, 1580063537
18, TERABAAP, feme, false, 1580063540
18, TERABAAP, aeme, false, 1580063543
18, TERABAAP, beme, false, 1580063545
18, TERABAAP, ceme, false, 1580063546
18, TERABAAP, deme, false, 1580063548
18, TERABAAP, eeme, false, 1580063549
18, TERABAAP, feme, false, 1580063551
18, TERABAAP, geme, false, 1580063553
18, TERABAAP, heme, false, 1580063555
18, TERABAAP, ieme, false, 1580063556
18, TERABAAP, jeme, false, 1580063558
18, TERABAAP, keme, false, 1580063561
18, TERABAAP, leme, false, 1580063562
18, TERABAAP, m\eme, false, 1580063564
18, TERABAAP, meme, false, 1580063566
18, TERABAAP, neme, false, 1580063568
18, TERABAAP, noeme, false, 1580063569
18, TERABAAP, oeme, false, 1580063571
18, TERABAAP, peme, false, 1580063573
18, TERABAAP, qeme, false, 1580063576
18, TERABAAP, reme, false, 1580063578
18, TERABAAP, seme, false, 1580063579
18, TERABAAP, teme, false, 1580063580
18, TERABAAP, ueme, false, 1580063582
18, TERABAAP, veme, false, 1580063583
18, TERABAAP, weme, false, 1580063586
18, TERABAAP, xeme, false, 1580063587
18, TERABAAP, yeme, false, 1580063590
18, TERABAAP, zeme, false, 1580063593
18, TERABAAP, seme, false, 1580063594
18, TERABAAP, weate, false, 1580063736
18, TERABAAP, weatean, false, 1580063738
18, TERABAAP, weateaneme, false, 1580063740
18, ModiShallNotGiveHints, welovecryptex67435, true, 1580063770
18, Doomsday37, iknd, false, 1580063869
18, TERABAAP, sememes, false, 1580063930
18, TERABAAP, sememe, false, 1580063932
18, TERABAAP, semem, false, 1580063933
18, TERABAAP, seme, false, 1580063934
18, TERABAAP, sem, false, 1580063934
18, TERABAAP, se, false, 1580063935
18, TERABAAP, s, false, 1580063936
18, TERABAAP, 2323, false, 1580063940
18, Doomsday37, iums, false, 1580064042
18, Doomsday37, oleola, false, 1580064209
18, baap_square, raw, false, 1580064228
18, baap_square, agent, false, 1580064233
18, baap_square, agentvinod, false, 1580064236
18, TERABAAP, weateaneme, false, 1580064242
18, TERABAAP, wehate, false, 1580064249
18, Doomsday37, wehateanime, false, 1580064256
18, TERABAAP, weateemean, false, 1580064256
18, baap_square, momo, false, 1580064269
18, TERABAAP, weateemean, false, 1580064272
18, TERABAAP, eatweemean, false, 1580064279
18, TERABAAP, eatweemean, false, 1580064279
18, TERABAAP, ateweemean, false, 1580064287
18, TERABAAP, ateemeanwe, false, 1580064301
18, TERABAAP, welovecryptex67435, true, 1580064345
18, Doomsday37, welovecryptex67435, true, 1580064368
18, baap_square, welovecryptex67435, true, 1580064378
