19, AdminAdmin, head, true, 1579992920
19, AdminAdmin, head, true, 1579993114
19, pasta4lyf, , false, 1580044578
19, ysh_suvarna, , false, 1580044589
19, anand._.10, tetris, false, 1580044722
19, pasta4lyf, tetris, false, 1580045055
19, pasta4lyf, donkeykong, false, 1580045058
19, pasta4lyf, cheese, false, 1580045177
19, pasta4lyf, milk, false, 1580045179
19, pasta4lyf, chocolatemilk, false, 1580045182
19, pasta4lyf, severedhead, false, 1580045185
19, pasta4lyf, sherlock, false, 1580045188
19, pasta4lyf, sherlockholmes, false, 1580045190
19, niyati10, korobeniki, false, 1580045710
19, niyati10, fungus, false, 1580045718
19, niyati10, fungus, false, 1580045722
19, pasta4lyf, josephsaelee, false, 1580045732
19, niyati10, modisgaandu, false, 1580045739
19, niyati10, modisgay, false, 1580045744
19, niyati10, modisgay, false, 1580045747
19, niyati10, modisgay, false, 1580045747
19, niyati10, modisgay, false, 1580045747
19, niyati10, modisgay, false, 1580045747
19, niyati10, modisgay, false, 1580045747
19, niyati10, modisgay, false, 1580045748
19, niyati10, modisgay, false, 1580045748
19, niyati10, modisgay, false, 1580045748
19, niyati10, modisgay, false, 1580045748
19, niyati10, aparnaji, false, 1580045787
19, niyati10, aparnaji, false, 1580045798
19, niyati10, packfu, false, 1580045827
19, pasta4lyf, 207, false, 1580045925
19, pasta4lyf, 206, false, 1580045926
19, pasta4lyf, 207, false, 1580045928
19, niyati10, maximuscup, false, 1580045939
19, niyati10, threehousesmaximuscup, false, 1580045952
19, ronnie_36, tetris, false, 1580046015
19, pasta4lyf, backtothefuture, false, 1580046024
19, pasta4lyf, backtothefuture2, false, 1580046026
19, pasta4lyf, backtothefuturetwo, false, 1580046028
19, pasta4lyf, spectrumcomputing, false, 1580046179
19, niyati10, somacube, false, 1580046185
19, niyati10, piethein, false, 1580046203
19, pasta4lyf, n3work, false, 1580046295
19, pasta4lyf, n3twork, false, 1580046297
19, pasta4lyf, networlk, false, 1580046300
19, pasta4lyf, network, false, 1580046302
19, ronnie_36, etsy, false, 1580046368
19, niyati10, levelup, false, 1580046402
19, pasta4lyf, reanimation, false, 1580046427
19, pasta4lyf, linkinpark, false, 1580046430
19, pasta4lyf, federer, false, 1580046530
19, pasta4lyf, novak, false, 1580046535
19, vedantsingh1404, 50shadesofgrey, false, 1580046814
19, vedantsingh1404, fiftyshadesofgrey, false, 1580046817
19, anand._.10, , false, 1580046821
19, anand._.10, , false, 1580046821
19, anand._.10, , false, 1580046826
19, anand._.10, , false, 1580046827
19, hazy.......007, tomato, false, 1580046892
19, hazy.......007, tomatoes, false, 1580046897
19, ronnie_36, etsy, false, 1580047106
19, ronnie_36, jenga, false, 1580047189
19, ronnie_36, jengatetris, false, 1580047194
19, TheDemigod, ninegag, false, 1580047197
19, omaewamoushindeiru, bacon], false, 1580047226
19, omaewamoushindeiru, bacon, false, 1580047227
19, pasta4lyf, bacon, false, 1580047237
19, omaewamoushindeiru, milk, false, 1580047237
19, pasta4lyf, gotmilk, false, 1580047241
19, pasta4lyf, cocaine, false, 1580047277
19, ronnie_36, grabbingher, false, 1580047402
19, vedantsingh1404, sdfs, false, 1580047415
19, ronnie_36, merrit, false, 1580047447
19, niyati10, legler, false, 1580047481
19, ronnie_36, melon, false, 1580047492
19, ronnie_36, tetrismagnet, false, 1580047587
19, ronnie_36, tetrismagnets, false, 1580047589
19, ronnie_36, magnet, false, 1580047593
19, aaabattery, pantone, false, 1580047657
19, hazy.......007, xanomivro, false, 1580047658
19, ronnie_36, paladone, false, 1580047662
19, omaewamoushindeiru, tetris, false, 1580047741
19, ronnie_36, tetromino, false, 1580047832
19, aaabattery, megamix, false, 1580047866
19, ronnie_36, tetrominos, false, 1580047871
19, aaabattery, rubix, false, 1580047873
19, aaabattery, rubrix, false, 1580047879
19, aaabattery, rubrix, false, 1580047880
19, aaabattery, cube, false, 1580047884
19, ronnie_36, tetriminos, false, 1580047890
19, pasta4lyf, pasta, false, 1580047975
19, pasta4lyf, somethingnothingoreverything, false, 1580047991
19, aaabattery, pokemon, false, 1580048011
19, aaabattery, nyancat, false, 1580048022
19, aaabattery, nyan, false, 1580048025
19, pasta4lyf, crayons, false, 1580048092
19, aaabattery, one, false, 1580048100
19, aaabattery, two, false, 1580048103
19, aaabattery, three, false, 1580048107
19, aaabattery, five, false, 1580048122
19, aaabattery, six, false, 1580048125
19, aaabattery, seven, false, 1580048129
19, aaabattery, eight, false, 1580048134
19, aaabattery, nine, false, 1580048139
19, aaabattery, ten, false, 1580048141
19, aaabattery, eleven, false, 1580048144
19, aaabattery, twelve, false, 1580048151
19, aaabattery, onehundred, false, 1580048161
19, aaabattery, onehundredone, false, 1580048163
19, aaabattery, fandom, false, 1580048265
19, TheDemigod, spectrum, false, 1580048285
19, TheDemigod, spectrumholobyte, false, 1580048288
19, TheDemigod, holobyte, false, 1580048292
19, aaabattery, 999999, false, 1580048318
19, AdminisGod, head, true, 1580048330
19, ronnie_36, marinadelray, false, 1580048342
19, ronnie_36, hawaii, false, 1580048363
19, niyati10, aldoushuxley, false, 1580048667
19, niyati10, bravenewworld, false, 1580048691
19, niyati10, braveneworld, false, 1580048930
19, pasta4lyf, PASTA, false, 1580049128
19, pasta4lyf, PASTA, false, 1580049128
19, pasta4lyf, PASTA, false, 1580049128
19, pasta4lyf, PASTA, false, 1580049130
19, pasta4lyf, PASTA, false, 1580049131
19, pasta4lyf, PASTA, false, 1580049131
19, pasta4lyf, PASTA, false, 1580049131
19, pasta4lyf, PASTA, false, 1580049131
19, pasta4lyf, PASTA, false, 1580049131
19, pasta4lyf, PASTA, false, 1580049131
19, pasta4lyf, PASTA, false, 1580049131
19, pasta4lyf, PASTA, false, 1580049131
19, pasta4lyf, PASTA, false, 1580049132
19, pasta4lyf, PASTA, false, 1580049132
19, pasta4lyf, PASTA, false, 1580049132
19, pasta4lyf, PASTA, false, 1580049132
19, pasta4lyf, PASTA, false, 1580049132
19, pasta4lyf, PASTA, false, 1580049132
19, pasta4lyf, PASTA, false, 1580049132
19, pasta4lyf, PASTA, false, 1580049132
19, pasta4lyf, PASTA, false, 1580049132
19, pasta4lyf, PASTA, false, 1580049132
19, pasta4lyf, PASTA, false, 1580049132
19, pasta4lyf, PASTA, false, 1580049133
19, pasta4lyf, PASTA, false, 1580049133
19, pasta4lyf, PASTA, false, 1580049133
19, pasta4lyf, PASTA, false, 1580049133
19, pasta4lyf, PASTA, false, 1580049133
19, pasta4lyf, PASTA, false, 1580049133
19, pasta4lyf, PASTA, false, 1580049133
19, pasta4lyf, PASTA, false, 1580049133
19, pasta4lyf, PASTA, false, 1580049133
19, pasta4lyf, PASTA, false, 1580049133
19, pasta4lyf, PASTA, false, 1580049133
19, pasta4lyf, PASTA, false, 1580049134
19, pasta4lyf, PASTA, false, 1580049134
19, pasta4lyf, PASTA, false, 1580049134
19, pasta4lyf, PASTA, false, 1580049134
19, pasta4lyf, PASTA, false, 1580049134
19, pasta4lyf, PASTA, false, 1580049134
19, pasta4lyf, PASTA, false, 1580049135
19, pasta4lyf, PASTA, false, 1580049135
19, pasta4lyf, PASTA, false, 1580049135
19, pasta4lyf, PASTA, false, 1580049135
19, pasta4lyf, PASTA, false, 1580049135
19, pasta4lyf, PASTA, false, 1580049135
19, pasta4lyf, PASTA, false, 1580049135
19, pasta4lyf, PASTA, false, 1580049135
19, pasta4lyf, PASTA, false, 1580049135
19, pasta4lyf, PASTA, false, 1580049135
19, pasta4lyf, PASTA, false, 1580049136
19, pasta4lyf, PASTA, false, 1580049136
19, pasta4lyf, PASTA, false, 1580049136
19, pasta4lyf, PASTA, false, 1580049136
19, pasta4lyf, PASTA, false, 1580049136
19, pasta4lyf, PASTA, false, 1580049136
19, pasta4lyf, PASTA, false, 1580049136
19, pasta4lyf, PASTA, false, 1580049136
19, pasta4lyf, PASTA, false, 1580049136
19, pasta4lyf, PASTA, false, 1580049136
19, pasta4lyf, PASTA, false, 1580049136
19, pasta4lyf, PASTA, false, 1580049137
19, pasta4lyf, PASTA, false, 1580049137
19, pasta4lyf, PASTA, false, 1580049137
19, pasta4lyf, PASTA, false, 1580049137
19, pasta4lyf, PASTA, false, 1580049137
19, niyati10, rubiks, false, 1580049143
19, niyati10, rubik, false, 1580049146
19, pasta4lyf, admincondoms, false, 1580049202
19, pasta4lyf, schrodinger, false, 1580049209
19, pasta4lyf, schrodinger, false, 1580049223
19, pasta4lyf, schrodingercat, false, 1580049225
19, ronnie_36, hexic, false, 1580049650
19, niyati10, hexic, false, 1580049656
19, aaabattery, hexic, false, 1580049683
19, ronnie_36, hectic, false, 1580049709
19, pasta4lyf, schrodingerscat, false, 1580049715
19, pasta4lyf, schrodingersbox, false, 1580049717
19, ronnie_36, hectic, false, 1580049728
19, aaabattery, carbonatedgames, false, 1580049730
19, ronnie_36, hexagon, false, 1580049732
19, pasta4lyf, opeth, false, 1580049737
19, pasta4lyf, tennis, false, 1580049746
19, ronnie_36, hexophilia, false, 1580049748
19, aaabattery, msngames, false, 1580049750
19, ronnie_36, hexicdeluxe, false, 1580049772
19, ronnie_36, jerryschroeder, false, 1580049796
19, ronnie_36, astraware, false, 1580049825
19, aaabattery, carbonateddrinks, false, 1580049834
19, aaabattery, carbonateddrink, false, 1580049839
19, pasta4lyf, openit, false, 1580049877
19, pasta4lyf, elephant, false, 1580049879
19, pasta4lyf, unicorn, false, 1580049884
19, aaabattery, simpson, false, 1580049884
19, aaabattery, simpsons, false, 1580049886
19, aaabattery, thebigbangtheory, false, 1580049893
19, aaabattery, tbbt, false, 1580049898
19, aaabattery, tbbth, false, 1580049900
19, pasta4lyf, alida, false, 1580049900
19, ronnie_36, 278925, false, 1580049942
19, niyati10, czt, false, 1580049994
19, aaabattery, tresling, false, 1580049996
19, niyati10, maceoo, false, 1580050006
19, Brokeigma, tetris, false, 1580050032
19, ronnie_36, alexeypatijnov, false, 1580050060
19, aaabattery, benten, false, 1580050095
19, aaabattery, bentenalienforce, false, 1580050099
19, niyati10, alexeypajitnov, false, 1580050117
19, niyati10, dorodnitsyn, false, 1580050139
19, aaabattery, splash, false, 1580050182
19, aaabattery, black, false, 1580050238
19, aaabattery, nigga, false, 1580050242
19, ronnie_36, welltris, false, 1580050244
19, ronnie_36, haltris, false, 1580050251
19, aaabattery, savedblocks, false, 1580050259
19, niyati10, tetromino, false, 1580050315
19, ronnie_36, online, false, 1580050319
19, ronnie_36, staurn, false, 1580050418
19, ronnie_36, saturn, false, 1580050422
19, ronnie_36, mathewbuco, false, 1580050517
19, anand._.10, scrabble, false, 1580050526
19, ronnie_36, matthewbuco, false, 1580050528
19, anand._.10, cool, false, 1580050533
19, anand._.10, cold, false, 1580050537
19, Brokeigma, heatanalysis, false, 1580050586
19, Brokeigma, internalana, false, 1580050595
19, aaabattery, milliondollar, false, 1580050604
19, niyati10, gameover, false, 1580050766
19, niyati10, gameover, false, 1580050767
19, niyati10, gameover, false, 1580050767
19, niyati10, gameover, false, 1580050767
19, niyati10, gameover, false, 1580050767
19, niyati10, gameover, false, 1580050767
19, niyati10, gameover, false, 1580050767
19, niyati10, gameover, false, 1580050768
19, niyati10, gameover, false, 1580050768
19, niyati10, gameover, false, 1580050768
19, niyati10, gameover, false, 1580050768
19, niyati10, gameover, false, 1580050768
19, niyati10, gameover, false, 1580050774
19, niyati10, gameover, false, 1580050775
19, niyati10, gameover, false, 1580050775
19, geraltofrivia, gotohellniyati, false, 1580050779
19, geraltofrivia, thismfwroteniyatiastheanswer, false, 1580050795
19, geraltofrivia, thismfwroteniyatiastheanswer, false, 1580050795
19, geraltofrivia, thismfwroteniyatiastheanswer, false, 1580050796
19, geraltofrivia, thismfwroteniyatiastheanswer, false, 1580050796
19, geraltofrivia, thismfwroteniyatiastheanswer, false, 1580050796
19, geraltofrivia, thismfwroteniyatiastheanswer, false, 1580050796
19, geraltofrivia, thismfwroteniyatiastheanswer, false, 1580050796
19, geraltofrivia, thismfwroteniyatiastheanswer, false, 1580050796
19, geraltofrivia, thismfwroteniyatiastheanswer, false, 1580050796
19, geraltofrivia, thismfwroteniyatiastheanswer, false, 1580050796
19, geraltofrivia, thismfwroteniyatiastheanswer, false, 1580050796
19, geraltofrivia, thismfwroteniyatiastheanswer, false, 1580050797
19, geraltofrivia, thismfwroteniyatiastheanswer, false, 1580050797
19, geraltofrivia, thismfwroteniyatiastheanswer, false, 1580050797
19, geraltofrivia, thismfwroteniyatiastheanswer, false, 1580050797
19, geraltofrivia, thismfwroteniyatiastheanswer, false, 1580050797
19, geraltofrivia, thismfwroteniyatiastheanswer, false, 1580050797
19, geraltofrivia, thismfwroteniyatiastheanswer, false, 1580050797
19, geraltofrivia, thismfwroteniyatiastheanswer, false, 1580050797
19, geraltofrivia, thismfwroteniyatiastheanswer, false, 1580050797
19, geraltofrivia, thismfwroteniyatiastheanswer, false, 1580050797
19, geraltofrivia, thismfwroteniyatiastheanswer, false, 1580050798
19, geraltofrivia, thismfwroteniyatiastheanswer, false, 1580050798
19, geraltofrivia, thismfwroteniyatiastheanswer, false, 1580050798
19, geraltofrivia, thismfwroteniyatiastheanswer, false, 1580050798
19, geraltofrivia, thismfwroteniyatiastheanswer, false, 1580050798
19, geraltofrivia, thismfwroteniyatiastheanswer, false, 1580050798
19, geraltofrivia, thismfwroteniyatiastheanswer, false, 1580050798
19, geraltofrivia, thismfwroteniyatiastheanswer, false, 1580050798
19, geraltofrivia, thismfwroteniyatiastheanswer, false, 1580050798
19, geraltofrivia, thismfwroteniyatiastheanswer, false, 1580050798
19, geraltofrivia, thismfwroteniyatiastheanswer, false, 1580050799
19, geraltofrivia, thismfwroteniyatiastheanswer, false, 1580050799
19, geraltofrivia, thismfwroteniyatiastheanswer, false, 1580050799
19, geraltofrivia, thismfwroteniyatiastheanswer, false, 1580050799
19, geraltofrivia, thismfwroteniyatiastheanswer, false, 1580050799
19, geraltofrivia, thismfwroteniyatiastheanswer, false, 1580050799
19, geraltofrivia, thismfwroteniyatiastheanswer, false, 1580050799
19, geraltofrivia, thismfwroteniyatiastheanswer, false, 1580050799
19, geraltofrivia, thismfwroteniyatiastheanswer, false, 1580050799
19, geraltofrivia, thismfwroteniyatiastheanswer, false, 1580050799
19, geraltofrivia, thismfwroteniyatiastheanswer, false, 1580050800
19, geraltofrivia, thismfwroteniyatiastheanswer, false, 1580050800
19, geraltofrivia, thismfwroteniyatiastheanswer, false, 1580050800
19, geraltofrivia, thismfwroteniyatiastheanswer, false, 1580050800
19, geraltofrivia, thismfwroteniyatiastheanswer, false, 1580050800
19, geraltofrivia, thismfwroteniyatiastheanswer, false, 1580050800
19, geraltofrivia, thismfwroteniyatiastheanswer, false, 1580050800
19, geraltofrivia, thismfwroteniyatiastheanswer, false, 1580050800
19, geraltofrivia, thismfwroteniyatiastheanswer, false, 1580050800
19, geraltofrivia, thismfwroteniyatiastheanswer, false, 1580050801
19, geraltofrivia, thismfwroteniyatiastheanswer, false, 1580050801
19, geraltofrivia, thismfwroteniyatiastheanswer, false, 1580050801
19, geraltofrivia, thismfwroteniyatiastheanswer, false, 1580050801
19, geraltofrivia, thismfwroteniyatiastheanswer, false, 1580050801
19, geraltofrivia, thismfwroteniyatiastheanswer, false, 1580050801
19, geraltofrivia, thismfwroteniyatiastheanswer, false, 1580050801
19, geraltofrivia, thismfwroteniyatiastheanswer, false, 1580050801
19, geraltofrivia, thismfwroteniyatiastheanswer, false, 1580050801
19, geraltofrivia, thismfwroteniyatiastheanswer, false, 1580050802
19, geraltofrivia, thismfwroteniyatiastheanswer, false, 1580050802
19, geraltofrivia, thismfwroteniyatiastheanswer, false, 1580050802
19, geraltofrivia, thismfwroteniyatiastheanswer, false, 1580050802
19, geraltofrivia, thismfwroteniyatiastheanswer, false, 1580050802
19, geraltofrivia, thismfwroteniyatiastheanswer, false, 1580050802
19, geraltofrivia, thismfwroteniyatiastheanswer, false, 1580050802
19, geraltofrivia, thismfwroteniyatiastheanswer, false, 1580050802
19, geraltofrivia, thismfwroteniyatiastheanswer, false, 1580050803
19, geraltofrivia, thismfwroteniyatiastheanswer, false, 1580050803
19, geraltofrivia, thismfwroteniyatiastheanswer, false, 1580050803
19, geraltofrivia, thismfwroteniyatiastheanswer, false, 1580050803
19, geraltofrivia, thismfwroteniyatiastheanswer, false, 1580050803
19, geraltofrivia, thismfwroteniyatiastheanswer, false, 1580050804
19, geraltofrivia, thismfwroteniyatiastheanswer, false, 1580050804
19, geraltofrivia, thismfwroteniyatiastheanswer, false, 1580050804
19, geraltofrivia, thismfwroteniyatiastheanswer, false, 1580050804
19, geraltofrivia, thismfwroteniyatiastheanswer, false, 1580050804
19, geraltofrivia, thismfwroteniyatiastheanswer, false, 1580050804
19, geraltofrivia, thismfwroteniyatiastheanswer, false, 1580050804
19, geraltofrivia, thismfwroteniyatiastheanswer, false, 1580050804
19, geraltofrivia, thismfwroteniyatiastheanswer, false, 1580050805
19, geraltofrivia, thismfwroteniyatiastheanswer, false, 1580050805
19, geraltofrivia, thismfwroteniyatiastheanswer, false, 1580050805
19, geraltofrivia, thismfwroteniyatiastheanswer, false, 1580050805
19, geraltofrivia, thismfwroteniyatiastheanswer, false, 1580050805
19, geraltofrivia, thismfwroteniyatiastheanswer, false, 1580050805
19, geraltofrivia, thismfwroteniyatiastheanswer, false, 1580050805
19, geraltofrivia, thismfwroteniyatiastheanswer, false, 1580050805
19, geraltofrivia, thismfwroteniyatiastheanswer, false, 1580050806
19, geraltofrivia, thismfwroteniyatiastheanswer, false, 1580050806
19, geraltofrivia, thismfwroteniyatiastheanswer, false, 1580050806
19, geraltofrivia, thismfwroteniyatiastheanswer, false, 1580050806
19, geraltofrivia, thismfwroteniyatiastheanswer, false, 1580050806
19, geraltofrivia, thismfwroteniyatiastheanswer, false, 1580050806
19, geraltofrivia, thismfwroteniyatiastheanswer, false, 1580050806
19, geraltofrivia, thismfwroteniyatiastheanswer, false, 1580050807
19, geraltofrivia, thismfwroteniyatiastheanswer, false, 1580050807
19, geraltofrivia, thismfwroteniyatiastheanswer, false, 1580050807
19, geraltofrivia, thismfwroteniyatiastheanswer, false, 1580050807
19, geraltofrivia, thismfwroteniyatiastheanswer, false, 1580050807
19, geraltofrivia, thismfwroteniyatiastheanswer, false, 1580050807
19, geraltofrivia, thismfwroteniyatiastheanswer, false, 1580050807
19, geraltofrivia, thismfwroteniyatiastheanswer, false, 1580050808
19, geraltofrivia, thismfwroteniyatiastheanswer, false, 1580050808
19, geraltofrivia, thismfwroteniyatiastheanswer, false, 1580050808
19, geraltofrivia, thismfwroteniyatiastheanswer, false, 1580050808
19, geraltofrivia, thismfwroteniyatiastheanswer, false, 1580050808
19, geraltofrivia, thismfwroteniyatiastheanswer, false, 1580050808
19, geraltofrivia, thismfwroteniyatiastheanswer, false, 1580050809
19, geraltofrivia, thismfwroteniyatiastheanswer, false, 1580050809
19, geraltofrivia, thismfwroteniyatiastheanswer, false, 1580050809
19, geraltofrivia, thismfwroteniyatiastheanswer, false, 1580050809
19, geraltofrivia, thismfwroteniyatiastheanswer, false, 1580050809
19, geraltofrivia, thismfwroteniyatiastheanswer, false, 1580050809
19, geraltofrivia, thismfwroteniyatiastheanswer, false, 1580050809
19, geraltofrivia, thismfwroteniyatiastheanswer, false, 1580050809
19, geraltofrivia, thismfwroteniyatiastheanswer, false, 1580050809
19, geraltofrivia, thismfwroteniyatiastheanswer, false, 1580050809
19, geraltofrivia, thismfwroteniyatiastheanswer, false, 1580050810
19, geraltofrivia, thismfwroteniyatiastheanswer, false, 1580050810
19, geraltofrivia, thismfwroteniyatiastheanswer, false, 1580050810
19, geraltofrivia, thismfwroteniyatiastheanswer, false, 1580050810
19, geraltofrivia, thismfwroteniyatiastheanswer, false, 1580050810
19, geraltofrivia, thismfwroteniyatiastheanswer, false, 1580050810
19, geraltofrivia, thismfwroteniyatiastheanswer, false, 1580050810
19, geraltofrivia, thismfwroteniyatiastheanswer, false, 1580050810
19, geraltofrivia, thismfwroteniyatiastheanswer, false, 1580050810
19, geraltofrivia, thismfwroteniyatiastheanswer, false, 1580050810
19, geraltofrivia, thismfwroteniyatiastheanswer, false, 1580050811
19, geraltofrivia, thismfwroteniyatiastheanswer, false, 1580050811
19, geraltofrivia, thismfwroteniyatiastheanswer, false, 1580050811
19, geraltofrivia, thismfwroteniyatiastheanswer, false, 1580050811
19, geraltofrivia, thismfwroteniyatiastheanswer, false, 1580050811
19, geraltofrivia, thismfwroteniyatiastheanswer, false, 1580050811
19, geraltofrivia, thismfwroteniyatiastheanswer, false, 1580050811
19, geraltofrivia, thismfwroteniyatiastheanswer, false, 1580050811
19, geraltofrivia, thismfwroteniyatiastheanswer, false, 1580050811
19, geraltofrivia, thismfwroteniyatiastheanswer, false, 1580050812
19, geraltofrivia, thismfwroteniyatiastheanswer, false, 1580050812
19, geraltofrivia, thismfwroteniyatiastheanswer, false, 1580050812
19, geraltofrivia, thismfwroteniyatiastheanswer, false, 1580050812
19, geraltofrivia, thismfwroteniyatiastheanswer, false, 1580050812
19, geraltofrivia, thismfwroteniyatiastheanswer, false, 1580050812
19, geraltofrivia, thismfwroteniyatiastheanswer, false, 1580050812
19, geraltofrivia, thismfwroteniyatiastheanswer, false, 1580050812
19, geraltofrivia, thismfwroteniyatiastheanswer, false, 1580050812
19, geraltofrivia, thismfwroteniyatiastheanswer, false, 1580050812
19, geraltofrivia, thismfwroteniyatiastheanswer, false, 1580050813
19, geraltofrivia, thismfwroteniyatiastheanswer, false, 1580050813
19, geraltofrivia, thismfwroteniyatiastheanswer, false, 1580050813
19, geraltofrivia, thismfwroteniyatiastheanswer, false, 1580050813
19, geraltofrivia, thismfwroteniyatiastheanswer, false, 1580050813
19, geraltofrivia, thismfwroteniyatiastheanswer, false, 1580050813
19, geraltofrivia, thismfwroteniyatiastheanswer, false, 1580050813
19, geraltofrivia, thismfwroteniyatiastheanswer, false, 1580050813
19, geraltofrivia, thismfwroteniyatiastheanswer, false, 1580050813
19, geraltofrivia, thismfwroteniyatiastheanswer, false, 1580050814
19, geraltofrivia, thismfwroteniyatiastheanswer, false, 1580050814
19, geraltofrivia, thismfwroteniyatiastheanswer, false, 1580050814
19, geraltofrivia, thismfwroteniyatiastheanswer, false, 1580050814
19, geraltofrivia, thismfwroteniyatiastheanswer, false, 1580050814
19, geraltofrivia, thismfwroteniyatiastheanswer, false, 1580050814
19, geraltofrivia, thismfwroteniyatiastheanswer, false, 1580050814
19, geraltofrivia, thismfwroteniyatiastheanswer, false, 1580050814
19, geraltofrivia, thismfwroteniyatiastheanswer, false, 1580050814
19, geraltofrivia, thismfwroteniyatiastheanswer, false, 1580050814
19, geraltofrivia, thismfwroteniyatiastheanswer, false, 1580050815
19, geraltofrivia, thismfwroteniyatiastheanswer, false, 1580050815
19, geraltofrivia, thismfwroteniyatiastheanswer, false, 1580050815
19, geraltofrivia, thismfwroteniyatiastheanswer, false, 1580050815
19, geraltofrivia, thismfwroteniyatiastheanswer, false, 1580050815
19, geraltofrivia, thismfwroteniyatiastheanswer, false, 1580050815
19, geraltofrivia, thismfwroteniyatiastheanswer, false, 1580050815
19, geraltofrivia, thismfwroteniyatiastheanswer, false, 1580050815
19, geraltofrivia, thismfwroteniyatiastheanswer, false, 1580050815
19, geraltofrivia, thismfwroteniyatiastheanswer, false, 1580050816
19, geraltofrivia, thismfwroteniyatiastheanswer, false, 1580050816
19, geraltofrivia, thismfwroteniyatiastheanswer, false, 1580050816
19, geraltofrivia, thismfwroteniyatiastheanswer, false, 1580050816
19, geraltofrivia, thismfwroteniyatiastheanswer, false, 1580050816
19, geraltofrivia, thismfwroteniyatiastheanswer, false, 1580050816
19, geraltofrivia, thismfwroteniyatiastheanswer, false, 1580050816
19, geraltofrivia, thismfwroteniyatiastheanswer, false, 1580050816
19, geraltofrivia, thismfwroteniyatiastheanswer, false, 1580050816
19, geraltofrivia, thismfwroteniyatiastheanswer, false, 1580050816
19, geraltofrivia, thismfwroteniyatiastheanswer, false, 1580050817
19, geraltofrivia, thismfwroteniyatiastheanswer, false, 1580050817
19, geraltofrivia, thismfwroteniyatiastheanswer, false, 1580050817
19, geraltofrivia, thismfwroteniyatiastheanswer, false, 1580050817
19, geraltofrivia, thismfwroteniyatiastheanswer, false, 1580050817
19, geraltofrivia, thismfwroteniyatiastheanswer, false, 1580050817
19, geraltofrivia, thismfwroteniyatiastheanswer, false, 1580050817
19, geraltofrivia, thismfwroteniyatiastheanswer, false, 1580050817
19, geraltofrivia, thismfwroteniyatiastheanswer, false, 1580050817
19, geraltofrivia, thismfwroteniyatiastheanswer, false, 1580050817
19, geraltofrivia, thismfwroteniyatiastheanswer, false, 1580050818
19, geraltofrivia, thismfwroteniyatiastheanswer, false, 1580050818
19, geraltofrivia, thismfwroteniyatiastheanswer, false, 1580050818
19, geraltofrivia, thismfwroteniyatiastheanswer, false, 1580050818
19, geraltofrivia, thismfwroteniyatiastheanswer, false, 1580050818
19, geraltofrivia, thismfwroteniyatiastheanswer, false, 1580050818
19, geraltofrivia, thismfwroteniyatiastheanswer, false, 1580050818
19, geraltofrivia, thismfwroteniyatiastheanswer, false, 1580050818
19, geraltofrivia, thismfwroteniyatiastheanswer, false, 1580050818
19, geraltofrivia, thismfwroteniyatiastheanswer, false, 1580050819
19, geraltofrivia, thismfwroteniyatiastheanswer, false, 1580050819
19, geraltofrivia, thismfwroteniyatiastheanswer, false, 1580050819
19, geraltofrivia, thismfwroteniyatiastheanswer, false, 1580050819
19, geraltofrivia, thismfwroteniyatiastheanswer, false, 1580050819
19, geraltofrivia, thismfwroteniyatiastheanswer, false, 1580050819
19, geraltofrivia, thismfwroteniyatiastheanswer, false, 1580050819
19, geraltofrivia, thismfwroteniyatiastheanswer, false, 1580050819
19, niyati10, gameover, false, 1580050820
19, niyati10, gameover, false, 1580050821
19, niyati10, gameover, false, 1580050821
19, niyati10, gameover, false, 1580050821
19, niyati10, gameover, false, 1580050821
19, niyati10, gameover, false, 1580050821
19, niyati10, gameover, false, 1580050821
19, niyati10, gameover, false, 1580050821
19, niyati10, gameover, false, 1580050822
19, niyati10, gameover, false, 1580050822
19, niyati10, gameover, false, 1580050822
19, niyati10, gameover, false, 1580050822
19, niyati10, gameover, false, 1580050822
19, niyati10, gameover, false, 1580050822
19, niyati10, gameover, false, 1580050823
19, niyati10, gameover, false, 1580050823
19, Radicalidol, hexictwo, false, 1580050860
19, aaabattery, thirteen, false, 1580050869
19, Radicalidol, cola, false, 1580050870
19, aaabattery, fourteen, false, 1580050874
19, Radicalidol, cocacola, false, 1580050880
19, aaabattery, fifeteen, false, 1580050880
19, Radicalidol, cocacola, false, 1580050882
19, Radicalidol, cocacola, false, 1580050883
19, aaabattery, sixteen, false, 1580050888
19, Radicalidol, coke, false, 1580050889
19, Radicalidol, coke, false, 1580050891
19, Radicalidol, coke, false, 1580050892
19, aaabattery, seventeen, false, 1580050896
19, aaabattery, eighteen, false, 1580050902
19, aaabattery, nineteen, false, 1580050907
19, aaabattery, twenty, false, 1580050912
19, niyati10, thisiswhyimbroke, false, 1580050928
19, niyati10, thisiswhyimbroke, false, 1580050934
19, niyati10, thisiswhyimbroke, false, 1580050937
19, niyati10, thisiswhyimbroke, false, 1580050938
19, niyati10, thisiswhyimbroke, false, 1580050938
19, niyati10, thisiswhyimbroke, false, 1580050938
19, niyati10, thisiswhyimbroke, false, 1580050938
19, niyati10, thisiswhyimbroke, false, 1580050938
19, niyati10, thisiswhyimbroke, false, 1580050938
19, niyati10, thisiswhyimbroke, false, 1580050939
19, niyati10, thisiswhyimbroke, false, 1580050939
19, niyati10, thisiswhyimbroke, false, 1580050939
19, niyati10, thisiswhyimbroke, false, 1580050940
19, niyati10, thisiswhyimbroke, false, 1580050940
19, niyati10, thisiswhyimbroke, false, 1580050940
19, niyati10, thisiswhyimbroke, false, 1580050940
19, niyati10, thisiswhyimbroke, false, 1580050940
19, niyati10, thisiswhyimbroke, false, 1580050941
19, niyati10, thisiswhyimbroke, false, 1580050941
19, niyati10, thisiswhyimbroke, false, 1580050941
19, niyati10, thisiswhyimbroke, false, 1580050941
19, niyati10, thisiswhyimbroke, false, 1580050941
19, niyati10, thisiswhyimbroke, false, 1580050945
19, niyati10, thisiswhyimbroke, false, 1580050945
19, niyati10, thisiswhyimbroke, false, 1580050945
19, niyati10, thisiswhyimbroke, false, 1580050945
19, niyati10, thisiswhyimbroke, false, 1580050945
19, niyati10, thisiswhyimbroke, false, 1580050945
19, niyati10, thisiswhyimbroke, false, 1580050949
19, niyati10, thisiswhyimbroke, false, 1580050949
19, niyati10, thisiswhyimbroke, false, 1580050949
19, niyati10, thisiswhyimbroke, false, 1580050949
19, niyati10, thisiswhyimbroke, false, 1580050949
19, ronnie_36, matthewbuco, false, 1580050950
19, vedantsingh1404, asdfjh, false, 1580051155
19, vedantsingh1404, asdfjsdf, false, 1580051157
19, vedantsingh1404, asdfjsdf, false, 1580051157
19, vedantsingh1404, asdfjsdf, false, 1580051158
19, vedantsingh1404, asdfjsdf, false, 1580051158
19, vedantsingh1404, asdfjsdf, false, 1580051158
19, vedantsingh1404, sdf, false, 1580051171
19, vedantsingh1404, sdf, false, 1580051171
19, vedantsingh1404, sdf, false, 1580051171
19, vedantsingh1404, sdf, false, 1580051171
19, vedantsingh1404, sdf, false, 1580051171
19, TheDemigod, quintilla, false, 1580051209
19, TheDemigod, spam, false, 1580051269
19, ronnie_36, brain, false, 1580051372
19, TheDemigod, quintilla, false, 1580051379
19, vedantsingh1404, hi saurav, false, 1580051446
19, vedantsingh1404, hi saurav, false, 1580051446
19, vedantsingh1404, hi saurav, false, 1580051447
19, vedantsingh1404, hi saurav, false, 1580051447
19, vedantsingh1404, hi saurav, false, 1580051447
19, vedantsingh1404, hi saurav, false, 1580051447
19, vedantsingh1404, hi saurav, false, 1580051447
19, vedantsingh1404, hi saurav, false, 1580051448
19, vedantsingh1404, hi saurav, false, 1580051448
19, vedantsingh1404, hi saurav, false, 1580051448
19, vedantsingh1404, hi saurav, false, 1580051448
19, vedantsingh1404, hi saurav, false, 1580051448
19, vedantsingh1404, hi saurav, false, 1580051448
19, vedantsingh1404, hi saurav, false, 1580051448
19, vedantsingh1404, hi saurav, false, 1580051448
19, vedantsingh1404, hi saurav, false, 1580051448
19, vedantsingh1404, hi saurav, false, 1580051449
19, vedantsingh1404, hi saurav, false, 1580051449
19, vedantsingh1404, hi saurav, false, 1580051449
19, vedantsingh1404, hi saurav, false, 1580051449
19, vedantsingh1404, hi saurav, false, 1580051449
19, vedantsingh1404, hi saurav, false, 1580051449
19, arthurpendragon, 123456789, false, 1580051582
19, bhanushali, backtothefuture, false, 1580051592
19, anand._.10, carbon, false, 1580051756
19, anand._.10, c6, false, 1580051762
19, arthurpendragon, foursixfourone, false, 1580051774
19, arthurpendragon, 4641, false, 1580051778
19, arthurpendragon, 70NLR0M5S06K, false, 1580051841
19, pasta4lyf, iwonderwhatsinthefridge, false, 1580052473
19, arthurpendragon, ababab, false, 1580052478
19, pasta4lyf, xvebsaivugnpxbnuawixsya, false, 1580052555
19, modulated_pikachu, somacube, false, 1580052585
19, modulated_pikachu, isthistheanswer, false, 1580052592
19, modulated_pikachu, cryptex20, false, 1580052599
19, arthurpendragon, dancingmen, false, 1580052599
19, TheDemigod, fortytwo, false, 1580052672
19, TheDemigod, fourtytwo, false, 1580052676
19, GreenEarthEagle, woman, false, 1580053889
19, GreenEarthEagle, food, false, 1580054733
19, GreenEarthEagle, lion, false, 1580054736
19, pasta4lyf, fuckyoumod, false, 1580055035
19, MishuAnubis, 8foo8f, false, 1580055157
19, Whazza42, shadesofgrey, false, 1580055194
19, Whazza42, shadesofgray, false, 1580055198
19, Whazza42, fiftyshadesofgray, false, 1580055203
19, Whazza42, fiftyshadesofgrey, false, 1580055207
19, GreenEarthEagle, noxposmys, false, 1580055419
19, pasta4lyf, yudodis, false, 1580055464
19, pasta4lyf, fuckyoumod, false, 1580055480
19, pasta4lyf, modsarefags, false, 1580055484
19, GreenEarthEagle, mlcklhnbh, false, 1580055587
19, GreenEarthEagle, areweallreal, false, 1580055698
19, ronnie_36, 241543309, false, 1580055875
19, niyati10, 241543309, false, 1580055880
19, Tabzzzzzzzz, hexahue, false, 1580055916
19, LordFaramir, betris, false, 1580056069
19, TheDemigod, head, true, 1580056107
19, GreenEarthEagle, food, false, 1580056168
19, DefaultHasAnL, head, true, 1580056170
19, GreenEarthEagle, myhead, false, 1580056170
19, Tabzzzzzzzz, hea, false, 1580056172
19, GreenEarthEagle, face, false, 1580056172
19, Tabzzzzzzzz, head, true, 1580056172
19, iBlyatiful, head, true, 1580056174
19, GreenEarthEagle, head, true, 1580056174
19, ronnie_36, 241543903, false, 1580056180
19, pasta4lyf, 241543903, false, 1580056189
19, pasta4lyf, head, true, 1580056203
19, ronnie_36, head, true, 1580056207
19, geraltofrivia, head, true, 1580056209
19, MishuAnubis, head, true, 1580056209
19, Kamikaze, head, true, 1580056211
19, niyati10, head, true, 1580056212
19, Whazza42, head, true, 1580056235
19, Brokeigma, head, true, 1580056251
19, ysh_suvarna, head, true, 1580056266
19, anand._.10, head, true, 1580056274
19, bhanushali, head, true, 1580056291
19, Radicalidol, head, true, 1580056357
19, LordFaramir, head, true, 1580056378
19, arthurpendragon, head, true, 1580056390
19, flitwick, 241543903, false, 1580056458
19, flitwick, head, true, 1580056462
19, vedantsingh1404, carbonneutral, false, 1580056522
19, modulated_pikachu, head, true, 1580056548
19, vedantsingh1404, choloroflurocarbon, false, 1580056612
19, vedantsingh1404, cfc, false, 1580056616
19, tushartiwariofficial, head, true, 1580056680
19, vedantsingh1404, carbon-neutral, false, 1580056802
19, Elephantsfoot, head, true, 1580056836
19, vedantsingh1404, aquir, false, 1580056839
19, vedantsingh1404, cfc, false, 1580056843
19, vedantsingh1404, cfc, false, 1580056846
19, vedantsingh1404, pubchem, false, 1580056932
19, vedantsingh1404, discoverygate, false, 1580056944
19, architojha2001, head, true, 1580056991
19, vedantsingh1404, head, true, 1580057063
19, aaabattery, head, true, 1580057483
19, CS19BTECH11045@iith.ac.in, head, true, 1580057915
19, ayamrage, head, true, 1580058792
19, omaewamoushindeiru, head, true, 1580059075
19, hazy.......007, head, true, 1580061408
19, ModiShallNotGiveHints, head, true, 1580063832
19, Doomsday37, pabloescobar, false, 1580065142
19, baap_square, head, true, 1580065261
19, TERABAAP, head, true, 1580065265
19, Doomsday37, head, true, 1580065273
