20, AdminAdmin, spnckwuiqfsdxafr, false, 1579994883
20, AdminAdmin, spnckwuiqfsdxafr, false, 1579994888
20, AdminAdmin, spnckwuiqfsdxafr, true, 1579994935
20, AdminAdmin, spnckwuiqfsdxafr, true, 1580045281
20, AdminisGod, spnckwuiqfsdxafr, true, 1580048381
20, Tanishq2403, morehintsfor20plz, false, 1580051993
20, Tanishq2403, morehintsfor20plz, false, 1580051994
20, Tanishq2403, morehintsfor20plz, false, 1580051994
20, Tanishq2403, morehintsfor20plz, false, 1580051994
20, Tanishq2403, morehintsfor20plz, false, 1580051994
20, Tanishq2403, morehintsfor20plz, false, 1580051994
20, Tanishq2403, morehintsfor20plz, false, 1580051994
20, Tanishq2403, morehintsfor20plz, false, 1580051994
20, Tanishq2403, morehintsfor20plz, false, 1580051994
20, Tanishq2403, morehintsfor20plz, false, 1580051994
20, Tanishq2403, morehintsfor20plz, false, 1580051994
20, Tanishq2403, morehintsfor20plz, false, 1580051996
20, Tanishq2403, morehintsfor20plz, false, 1580051996
20, Tanishq2403, happybirthday, false, 1580052239
20, Tanishq2403, merrychristmas, false, 1580052357
20, Tanishq2403, wolfgang, false, 1580052429
20, Tanishq2403, vivaldi, false, 1580052434
20, Tanishq2403, convertedthetexttomusic, false, 1580052506
20, Tanishq2403, hintifitiscorrect, false, 1580052518
20, Tanishq2403, downlikethat, false, 1580053208
20, Tanishq2403, plzendthecontestearly, false, 1580053536
20, Tanishq2403, plzendthecontestearly, false, 1580053537
20, Tanishq2403, plzendthecontestearly, false, 1580053537
20, Tanishq2403, plzendthecontestearly, false, 1580053537
20, Tanishq2403, plzendthecontestearly, false, 1580053537
20, Tanishq2403, plzendthecontestearly, false, 1580053537
20, Tanishq2403, plzendthecontestearly, false, 1580053537
20, Tanishq2403, plzendthecontestearly, false, 1580053537
20, Tanishq2403, plzendthecontestearly, false, 1580053537
20, Tanishq2403, plzendthecontestearly, false, 1580053537
20, Tanishq2403, havemytocexamtomorrow, false, 1580053607
20, Tanishq2403, havemytocexamtomorrow, false, 1580053608
20, Tanishq2403, havemytocexamtomorrow, false, 1580053608
20, Tanishq2403, havemytocexamtomorrow, false, 1580053608
20, Tanishq2403, havemytocexamtomorrow, false, 1580053608
20, Tanishq2403, havemytocexamtomorrow, false, 1580053608
20, Tanishq2403, havemytocexamtomorrow, false, 1580053608
20, Tanishq2403, havemytocexamtomorrow, false, 1580053608
20, Tanishq2403, havemytocexamtomorrow, false, 1580053608
20, Tanishq2403, havemytocexamtomorrow, false, 1580053608
20, Tanishq2403, havemytocexamtomorrow, false, 1580053608
20, Tanishq2403, havemytocexamtomorrow, false, 1580053609
20, Tanishq2403, havemytocexamtomorrow, false, 1580053609
20, Tanishq2403, havemytocexamtomorrow, false, 1580053609
20, Tanishq2403, havemytocexamtomorrow, false, 1580053609
20, Tanishq2403, havemytocexamtomorrow, false, 1580053609
20, Tanishq2403, havemytocexamtomorrow, false, 1580053609
20, Tanishq2403, havemytocexamtomorrow, false, 1580053609
20, Tanishq2403, havemytocexamtomorrow, false, 1580053609
20, Tanishq2403, havemytocexamtomorrow, false, 1580053609
20, Tanishq2403, havemytocexamtomorrow, false, 1580053609
20, Tanishq2403, havemytocexamtomorrow, false, 1580053609
20, Tanishq2403, havemytocexamtomorrow, false, 1580053610
20, Tanishq2403, havemytocexamtomorrow, false, 1580053610
20, Tanishq2403, q20hintplz, false, 1580054030
20, Tanishq2403, q20hintplz, false, 1580054031
20, Tanishq2403, q20hintplz, false, 1580054031
20, Tanishq2403, q20hintplz, false, 1580054031
20, Tanishq2403, q20hintplz, false, 1580054031
20, Tanishq2403, q20hintplz, false, 1580054031
20, Tanishq2403, q20hintplz, false, 1580054031
20, Tanishq2403, q20hintplz, false, 1580054031
20, Tanishq2403, q20hintplz, false, 1580054031
20, Tanishq2403, q20hintplz, false, 1580054031
20, Tanishq2403, q20hintplz, false, 1580054031
20, Tanishq2403, q20hintplz, false, 1580054031
20, Tanishq2403, q20hintplz, false, 1580054032
20, Tanishq2403, q20hintplz, false, 1580054032
20, Tanishq2403, q20hintplz, false, 1580054032
20, Tanishq2403, q20hintplz, false, 1580054032
20, Tanishq2403, q20hintplz, false, 1580054032
20, Tanishq2403, q20hintplz, false, 1580054032
20, Tanishq2403, q20hintplz, false, 1580054032
20, Tanishq2403, q20hintplz, false, 1580054032
20, Tanishq2403, q20hintplz, false, 1580054032
20, Tanishq2403, q20hintplz, false, 1580054032
20, Tanishq2403, q20hintplz, false, 1580054032
20, Tanishq2403, q20hintplz, false, 1580054033
20, Tanishq2403, q20hintplz, false, 1580054033
20, Tanishq2403, q20hintplzotherwise, false, 1580054081
20, Tanishq2403, q20hintplzotherwise, false, 1580054082
20, Tanishq2403, q20hintplzotherwise, false, 1580054082
20, Tanishq2403, q20hintplzotherwise, false, 1580054082
20, Tanishq2403, q20hintplzotherwise, false, 1580054082
20, Tanishq2403, q20hintplzotherwise, false, 1580054082
20, Tanishq2403, q20hintplzotherwise, false, 1580054082
20, Tanishq2403, q20hintplzotherwise, false, 1580054082
20, Tanishq2403, q20hintplzotherwise, false, 1580054082
20, Tanishq2403, q20hintplzotherwise, false, 1580054083
20, Tanishq2403, q20hintplzotherwise, false, 1580054083
20, Tanishq2403, q20hintplzotherwise, false, 1580054083
20, Tanishq2403, q20hintplzotherwise, false, 1580054083
20, Tanishq2403, q20hintplzotherwise, false, 1580054083
20, Tanishq2403, q20hintplzotherwise, false, 1580054083
20, Tanishq2403, q20hintplzotherwise, false, 1580054083
20, Tanishq2403, q20hintplzotherwise, false, 1580054083
20, Tanishq2403, q20hintplzotherwise, false, 1580054083
20, Tanishq2403, q20hintplzotherwise, false, 1580054083
20, Tanishq2403, q20hintplzotherwise, false, 1580054083
20, Tanishq2403, q20hintplzotherwise, false, 1580054084
20, Tanishq2403, q20hintplzotherwise, false, 1580054084
20, Tanishq2403, q20hintplzotherwise, false, 1580054084
20, Tanishq2403, q20hintplzotherwise, false, 1580054084
20, Tanishq2403, q20hintplzotherwise, false, 1580054084
20, Tanishq2403, q20hintplzotherwise, false, 1580054084
20, Tanishq2403, q20hintplzotherwise, false, 1580054084
20, Tanishq2403, q20hintplzotherwise, false, 1580054084
20, Tanishq2403, q20hintplzotherwise, false, 1580054084
20, Tanishq2403, q20hintplzotherwise, false, 1580054084
20, Tanishq2403, q20hintplzotherwise, false, 1580054084
20, Tanishq2403, q20hintplzotherwise, false, 1580054085
20, Tanishq2403, q20hintplzotherwise, false, 1580054085
20, Tanishq2403, q20hintplzotherwise, false, 1580054085
20, Tanishq2403, q20hintplzotherwise, false, 1580054085
20, Tanishq2403, q20hintplzotherwise, false, 1580054085
20, Tanishq2403, q20hintplzotherwise, false, 1580054085
20, Tanishq2403, q20hintplzotherwise, false, 1580054085
20, Tanishq2403, q20hintplzotherwise, false, 1580054085
20, Tanishq2403, q20hintplzotherwise, false, 1580054085
20, Tanishq2403, q20hintplzotherwise, false, 1580054085
20, Tanishq2403, q20hintplzotherwise, false, 1580054086
20, Tanishq2403, q20hintplzotherwise, false, 1580054086
20, Tanishq2403, q20hintplzotherwise, false, 1580054086
20, Tanishq2403, q20hintplzotherwise, false, 1580054086
20, Tanishq2403, q20hintplzotherwise, false, 1580054086
20, Tanishq2403, q20hintplzotherwise, false, 1580054086
20, Tanishq2403, q20hintplzotherwise, false, 1580054086
20, Tanishq2403, q20hintplzotherwise, false, 1580054086
20, Tanishq2403, q20hintplzotherwise, false, 1580054086
20, Tanishq2403, q20hintplzotherwise, false, 1580054086
20, Tanishq2403, q20hintplzotherwise, false, 1580054086
20, Tanishq2403, q20hintplzotherwise, false, 1580054087
20, Tanishq2403, q20hintplzotherwise, false, 1580054087
20, Tanishq2403, q20hintplzotherwise, false, 1580054087
20, Tanishq2403, q20hintplzotherwise, false, 1580054087
20, Tanishq2403, q20hintplzotherwise, false, 1580054087
20, Tanishq2403, q20hintplzotherwise, false, 1580054087
20, Tanishq2403, q20hintplzotherwise, false, 1580054087
20, Tanishq2403, q20hintplzotherwise, false, 1580054087
20, Tanishq2403, q20hintplzotherwise, false, 1580054087
20, Tanishq2403, q20hintplzotherwise, false, 1580054087
20, Tanishq2403, q20hintplzotherwise, false, 1580054087
20, Tanishq2403, q20hintplzotherwise, false, 1580054088
20, Tanishq2403, q20hintplzotherwise, false, 1580054088
20, Tanishq2403, q20hintplzotherwise, false, 1580054088
20, Tanishq2403, q20hintplzotherwise, false, 1580054088
20, Tanishq2403, q20hintplzotherwise, false, 1580054088
20, Tanishq2403, q20hintplzotherwise, false, 1580054088
20, Tanishq2403, q20hintplzotherwise, false, 1580054088
20, Tanishq2403, q20hintplzotherwise, false, 1580054088
20, Tanishq2403, q20hintplzotherwise, false, 1580054088
20, Tanishq2403, q20hintplzotherwise, false, 1580054088
20, Tanishq2403, q20hintplzotherwise, false, 1580054088
20, Tanishq2403, q20hintplzotherwise, false, 1580054089
20, Tanishq2403, q20hintplzotherwise, false, 1580054089
20, Tanishq2403, q20hintplzotherwise, false, 1580054089
20, Tanishq2403, q20hintplzotherwise, false, 1580054089
20, Tanishq2403, q20hintplzotherwise, false, 1580054089
20, Tanishq2403, q20hintplzotherwise, false, 1580054089
20, Tanishq2403, q20hintplzotherwise, false, 1580054089
20, Tanishq2403, q20hintplzotherwise, false, 1580054089
20, Tanishq2403, q20hintplzotherwise, false, 1580054089
20, Tanishq2403, q20hintplzotherwise, false, 1580054089
20, Tanishq2403, q20hintplzotherwise, false, 1580054090
20, Tanishq2403, q20hintplzotherwise, false, 1580054090
20, Tanishq2403, q20hintplzotherwise, false, 1580054090
20, Tanishq2403, q20hintplzotherwise, false, 1580054090
20, Tanishq2403, q20hintplzotherwise, false, 1580054090
20, Tanishq2403, q20hintplzotherwise, false, 1580054090
20, Tanishq2403, q20hintplzotherwise, false, 1580054090
20, Tanishq2403, q20hintplzotherwise, false, 1580054090
20, Tanishq2403, q20hintplzotherwise, false, 1580054090
20, Tanishq2403, q20hintplzotherwise, false, 1580054090
20, Tanishq2403, q20hintplzotherwise, false, 1580054091
20, Tanishq2403, q20hintplzotherwise, false, 1580054091
20, Tanishq2403, q20hintplzotherwise, false, 1580054091
20, Tanishq2403, q20hintplzotherwise, false, 1580054091
20, Tanishq2403, q20hintplzotherwise, false, 1580054091
20, Tanishq2403, q20hintplzotherwise, false, 1580054091
20, Tanishq2403, q20hintplzotherwise, false, 1580054091
20, Tanishq2403, q20hintplzotherwise, false, 1580054091
20, Tanishq2403, q20hintplzotherwise, false, 1580054091
20, Tanishq2403, q20hintplzotherwise, false, 1580054091
20, Tanishq2403, q20hintplzotherwise, false, 1580054091
20, Tanishq2403, q20hintplzotherwise, false, 1580054092
20, Tanishq2403, q20hintplzotherwise, false, 1580054092
20, Tanishq2403, q20hintplzotherwise, false, 1580054092
20, Tanishq2403, q20hintplzotherwise, false, 1580054092
20, Tanishq2403, q20hintplzotherwise, false, 1580054092
20, Tanishq2403, q20hintplzotherwise, false, 1580054092
20, Tanishq2403, q20hintplzotherwise, false, 1580054092
20, Tanishq2403, q20hintplzotherwise, false, 1580054092
20, Tanishq2403, q20hintplzotherwise, false, 1580054092
20, Tanishq2403, q20hintplzotherwise, false, 1580054092
20, Tanishq2403, q20hintplzotherwise, false, 1580054092
20, Tanishq2403, q20hintplzotherwise, false, 1580054093
20, Tanishq2403, q20hintplzotherwise, false, 1580054093
20, Tanishq2403, q20hintplzotherwise, false, 1580054093
20, Tanishq2403, q20hintplzotherwise, false, 1580054093
20, Tanishq2403, q20hintplzotherwise, false, 1580054093
20, Tanishq2403, q20hintplzotherwise, false, 1580054093
20, Tanishq2403, q20hintplzotherwise, false, 1580054093
20, Tanishq2403, q20hintplzotherwise, false, 1580054093
20, Tanishq2403, q20hintplzotherwise, false, 1580054093
20, Tanishq2403, q20hintplzotherwise, false, 1580054093
20, Tanishq2403, q20hintplzotherwise, false, 1580054093
20, Tanishq2403, q20hintplzotherwise, false, 1580054093
20, Tanishq2403, q20hintplzotherwise, false, 1580054094
20, Tanishq2403, q20hintplzotherwise, false, 1580054094
20, Tanishq2403, peoplewillcatchup, false, 1580054117
20, Tanishq2403, peoplewillcatchup, false, 1580054117
20, Tanishq2403, peoplewillcatchup, false, 1580054117
20, Tanishq2403, peoplewillcatchup, false, 1580054117
20, Tanishq2403, peoplewillcatchup, false, 1580054117
20, Tanishq2403, peoplewillcatchup, false, 1580054118
20, Tanishq2403, peoplewillcatchup, false, 1580054118
20, Tanishq2403, peoplewillcatchup, false, 1580054118
20, Tanishq2403, peoplewillcatchup, false, 1580054118
20, Tanishq2403, peoplewillcatchup, false, 1580054118
20, Tanishq2403, hintplz, false, 1580054123
20, Tanishq2403, hintplz, false, 1580054124
20, Tanishq2403, hintplz, false, 1580054124
20, Tanishq2403, hintplz, false, 1580054124
20, Tanishq2403, hintplz, false, 1580054125
20, Tanishq2403, hintplz, false, 1580054125
20, Tanishq2403, Nohintsnowplz,haveanexamtomorrow,reallytired, false, 1580056311
20, Tanishq2403, Nohintsnowplz,haveanexamtomorrow,reallytired, false, 1580056311
20, Tanishq2403, Nohintsnowplz,haveanexamtomorrow,reallytired, false, 1580056311
20, Tanishq2403, Nohintsnowplz,haveanexamtomorrow,reallytired, false, 1580056311
20, Tanishq2403, Nohintsnowplz,haveanexamtomorrow,reallytired, false, 1580056312
20, Tanishq2403, Nohintsnowplz,haveanexamtomorrow,reallytired, false, 1580056312
20, Tanishq2403, Nohintsnowplz,haveanexamtomorrow,reallytired, false, 1580056312
20, Tanishq2403, Nohintsnowplz,haveanexamtomorrow,reallytired, false, 1580056312
20, Tanishq2403, Nohintsnowplz,haveanexamtomorrow,reallytired, false, 1580056312
20, Tanishq2403, Nohintsnowplz,haveanexamtomorrow,reallytired, false, 1580056312
20, Tanishq2403, Nohintsnowplz,haveanexamtomorrow,reallytired, false, 1580056312
20, Tanishq2403, Nohintsnowplz,haveanexamtomorrow,reallytired, false, 1580056312
20, Tanishq2403, Nohintsnowplz,haveanexamtomorrow,reallytired, false, 1580056312
20, Tanishq2403, Nohintsnowplz,haveanexamtomorrow,reallytired, false, 1580056312
20, Tanishq2403, Nohintsnowplz,haveanexamtomorrow,reallytired, false, 1580056312
20, Tanishq2403, Nohintsnowplz,haveanexamtomorrow,reallytired, false, 1580056313
20, Tanishq2403, Nohintsnowplz,haveanexamtomorrow,reallytired, false, 1580056313
20, Tanishq2403, Nohintsnowplz,haveanexamtomorrow,reallytired, false, 1580056313
20, Tanishq2403, Nohintsnowplz,haveanexamtomorrow,reallytired, false, 1580056313
20, Tanishq2403, Nohintsnowplz,haveanexamtomorrow,reallytired, false, 1580056313
20, GreenEarthEagle, thelettere, false, 1580056500
20, GreenEarthEagle, e, false, 1580056501
20, ronnie_36, acoustics, false, 1580056576
20, ronnie_36, neck, false, 1580056582
20, GreenEarthEagle, pitch, false, 1580056932
20, Kamikaze, beethoven, false, 1580057006
20, Kamikaze, beatles, false, 1580057011
20, ysh_suvarna, piano, false, 1580057133
20, ysh_suvarna, keyboard, false, 1580057144
20, ysh_suvarna, notes, false, 1580057187
20, ysh_suvarna, casio, false, 1580057193
20, ysh_suvarna, casio, false, 1580057195
20, anand._.10, key, false, 1580057333
20, anand._.10, keyboard, false, 1580057340
20, anand._.10, keys, false, 1580057344
20, anand._.10, casio, false, 1580057347
20, anand._.10, boared, false, 1580057350
20, anand._.10, board, false, 1580057352
20, ysh_suvarna, furelise, false, 1580057427
20, ysh_suvarna, mozart, false, 1580057438
20, anand._.10, USNDSKVSSAANIUPI, false, 1580057517
20, iBlyatiful, aeszxcgvhb, false, 1580057555
20, arthurpendragon, USNDSKVSSAANIUPI, false, 1580057622
20, ysh_suvarna, usndskvssaaniupi, false, 1580057622
20, ysh_suvarna, usndskvssaaniupi, false, 1580057631
20, anand._.10, upi, false, 1580057649
20, anand._.10, ustaab, false, 1580057655
20, anand._.10, ustaad, false, 1580057659
20, anand._.10, sheers, false, 1580057664
20, anand._.10, cheers, false, 1580057670
20, pasta4lyf, usndskvssaaniupi, false, 1580057721
20, pasta4lyf, usndskvssaaniupi, false, 1580057722
20, pasta4lyf, usndskvssaaniupi, false, 1580057723
20, Tanishq2403, head, false, 1580057743
20, arthurpendragon, usndskvssaaniupi, false, 1580057856
20, vedantsingh1404, thegoldbug, false, 1580057862
20, vedantsingh1404, edgarallenpoe, false, 1580057868
20, CS19BTECH11045@iith.ac.in, iluminati, false, 1580057981
20, pasta4lyf, 211914419112219191114921169, false, 1580057986
20, pasta4lyf, 211914419112219191114921169, false, 1580057988
20, pasta4lyf, 211914419112219191114921169, false, 1580057989
20, pasta4lyf, 211914419112219191114921169, false, 1580057989
20, pasta4lyf, 211914419112219191114921169, false, 1580057989
20, pasta4lyf, 211914419112219191114921169, false, 1580057989
20, pasta4lyf, 211914419112219191114921169, false, 1580057989
20, pasta4lyf, 211914419112219191114921169, false, 1580057989
20, pasta4lyf, 211914419112219191114921169, false, 1580057989
20, pasta4lyf, 211914419112219191114921169, false, 1580057989
20, pasta4lyf, 211914419112219191114921169, false, 1580057990
20, pasta4lyf, 211914419112219191114921169, false, 1580057990
20, pasta4lyf, 211914419112219191114921169, false, 1580057990
20, pasta4lyf, 211914419112219191114921169, false, 1580057990
20, pasta4lyf, 211914419112219191114921169, false, 1580057990
20, pasta4lyf, 211914419112219191114921169, false, 1580057990
20, pasta4lyf, 211914419112219191114921169, false, 1580057990
20, pasta4lyf, 211914419112219191114921169, false, 1580057990
20, pasta4lyf, 211914419112219191114921169, false, 1580057990
20, pasta4lyf, 211914419112219191114921169, false, 1580057990
20, pasta4lyf, 211914419112219191114921169, false, 1580057991
20, pasta4lyf, 211914419112219191114921169, false, 1580057991
20, pasta4lyf, 211914419112219191114921169, false, 1580057991
20, pasta4lyf, 211914419112219191114921169, false, 1580057991
20, pasta4lyf, 211914419112219191114921169, false, 1580057991
20, pasta4lyf, 211914419112219191114921169, false, 1580057991
20, pasta4lyf, 211914419112219191114921169, false, 1580057991
20, TheDemigod, beethoven, false, 1580058039
20, TheDemigod, furelise, false, 1580058091
20, GreenEarthEagle, weed, false, 1580058223
20, GreenEarthEagle, medicalmarijuana, false, 1580058227
20, TheDemigod, symphonyseven, false, 1580058497
20, ronnie_36, music, false, 1580058604
20, ronnie_36, notes, false, 1580058614
20, MishuAnubis, google, false, 1580058619
20, ronnie_36, arrahman, false, 1580058626
20, MishuAnubis, elonmusk, false, 1580058627
20, MishuAnubis, tesla, false, 1580058633
20, ronnie_36, shaan, false, 1580058649
20, ronnie_36, piano, false, 1580058657
20, ronnie_36, guitar, false, 1580058665
20, niyati10, modisgay, false, 1580058674
20, niyati10, namoisalwaystheanswer, false, 1580058683
20, niyati10, namoisalwaystheanswer, false, 1580058684
20, niyati10, namoisalwaystheanswer, false, 1580058686
20, niyati10, namoisalwaystheanswer, false, 1580058686
20, niyati10, namoisalwaystheanswer, false, 1580058686
20, niyati10, namoisalwaystheanswer, false, 1580058686
20, niyati10, namoisalwaystheanswer, false, 1580058686
20, niyati10, namoisalwaystheanswer, false, 1580058686
20, niyati10, namoisalwaystheanswer, false, 1580058686
20, niyati10, namoisalwaystheanswer, false, 1580058687
20, niyati10, namoisalwaystheanswer, false, 1580058687
20, niyati10, namoisalwaystheanswer, false, 1580058687
20, niyati10, trumpistheanwer, false, 1580058696
20, niyati10, trumpistheanwer, false, 1580058697
20, Radicalidol, maachuda, false, 1580058698
20, niyati10, trumpistheanwer, false, 1580058698
20, niyati10, trumpistheanwer, false, 1580058698
20, niyati10, trumpistheanwer, false, 1580058698
20, Radicalidol, maachuda, false, 1580058698
20, niyati10, trumpistheanwer, false, 1580058698
20, niyati10, trumpistheanwer, false, 1580058698
20, niyati10, trumpistheanwer, false, 1580058699
20, Radicalidol, maachuda, false, 1580058699
20, niyati10, trumpistheanwer, false, 1580058699
20, niyati10, trumpistheanwer, false, 1580058699
20, Radicalidol, maachuda, false, 1580058699
20, Radicalidol, maachuda, false, 1580058699
20, Radicalidol, maachuda, false, 1580058699
20, Radicalidol, maachuda, false, 1580058699
20, Radicalidol, maachuda, false, 1580058700
20, Radicalidol, maachuda, false, 1580058700
20, Radicalidol, maachuda, false, 1580058700
20, Radicalidol, maachuda, false, 1580058700
20, Radicalidol, maachuda, false, 1580058700
20, Radicalidol, maachuda, false, 1580058700
20, Radicalidol, maachuda, false, 1580058700
20, Radicalidol, maachuda, false, 1580058701
20, Radicalidol, maachuda, false, 1580058701
20, Radicalidol, maachuda, false, 1580058701
20, Radicalidol, maachuda, false, 1580058701
20, Radicalidol, maachuda, false, 1580058701
20, Radicalidol, maachuda, false, 1580058701
20, Radicalidol, maachuda, false, 1580058701
20, Radicalidol, maachuda, false, 1580058701
20, Radicalidol, maachuda, false, 1580058701
20, Radicalidol, maachuda, false, 1580058701
20, Radicalidol, maachuda, false, 1580058702
20, Radicalidol, maachuda, false, 1580058702
20, Radicalidol, maachuda, false, 1580058702
20, Radicalidol, maachuda, false, 1580058702
20, Radicalidol, maachuda, false, 1580058702
20, Radicalidol, maachuda, false, 1580058702
20, Radicalidol, maachuda, false, 1580058702
20, Radicalidol, maachuda, false, 1580058702
20, Radicalidol, maachuda, false, 1580058703
20, niyati10, trumpet, false, 1580058703
20, Radicalidol, maachuda, false, 1580058703
20, Radicalidol, maachuda, false, 1580058703
20, Radicalidol, maachuda, false, 1580058703
20, Radicalidol, maachuda, false, 1580058703
20, Radicalidol, maachuda, false, 1580058703
20, Radicalidol, maachuda, false, 1580058703
20, Radicalidol, maachuda, false, 1580058703
20, Radicalidol, maachuda, false, 1580058703
20, Radicalidol, maachuda, false, 1580058703
20, Radicalidol, maachuda, false, 1580058704
20, Radicalidol, maachuda, false, 1580058704
20, Radicalidol, maachuda, false, 1580058704
20, Radicalidol, maachuda, false, 1580058704
20, Radicalidol, maachuda, false, 1580058704
20, Radicalidol, maachuda, false, 1580058704
20, Radicalidol, maachuda, false, 1580058704
20, Radicalidol, maachuda, false, 1580058704
20, Radicalidol, maachuda, false, 1580058704
20, Radicalidol, maachuda, false, 1580058704
20, Radicalidol, maachuda, false, 1580058704
20, Radicalidol, maachuda, false, 1580058705
20, Radicalidol, maachuda, false, 1580058705
20, Radicalidol, maachuda, false, 1580058705
20, Radicalidol, maachuda, false, 1580058705
20, Radicalidol, maachuda, false, 1580058705
20, Radicalidol, maachuda, false, 1580058705
20, Radicalidol, maachuda, false, 1580058705
20, Radicalidol, maachuda, false, 1580058705
20, Radicalidol, maachuda, false, 1580058706
20, Radicalidol, maachuda, false, 1580058706
20, Radicalidol, maachuda, false, 1580058706
20, Radicalidol, maachuda, false, 1580058706
20, Radicalidol, maachuda, false, 1580058706
20, Radicalidol, maachuda, false, 1580058706
20, Radicalidol, maachuda, false, 1580058706
20, Radicalidol, maachuda, false, 1580058706
20, Radicalidol, maachuda, false, 1580058706
20, Radicalidol, maachuda, false, 1580058707
20, Radicalidol, maachuda, false, 1580058707
20, Radicalidol, maachuda, false, 1580058707
20, Radicalidol, maachuda, false, 1580058707
20, Radicalidol, maachuda, false, 1580058707
20, Radicalidol, maachuda, false, 1580058707
20, Radicalidol, maachuda, false, 1580058707
20, Radicalidol, maachuda, false, 1580058707
20, Radicalidol, maachuda, false, 1580058707
20, Radicalidol, maachuda, false, 1580058707
20, Radicalidol, maachuda, false, 1580058708
20, Radicalidol, maachuda, false, 1580058708
20, Radicalidol, maachuda, false, 1580058708
20, Radicalidol, maachuda, false, 1580058708
20, Radicalidol, maachuda, false, 1580058708
20, Radicalidol, maachuda, false, 1580058708
20, Radicalidol, maachuda, false, 1580058708
20, Radicalidol, maachuda, false, 1580058708
20, Radicalidol, maachuda, false, 1580058708
20, Radicalidol, maachuda, false, 1580058709
20, Radicalidol, maachuda, false, 1580058709
20, Radicalidol, maachuda, false, 1580058709
20, Radicalidol, maachuda, false, 1580058709
20, Radicalidol, maachuda, false, 1580058709
20, Radicalidol, maachuda, false, 1580058709
20, Radicalidol, maachuda, false, 1580058709
20, Radicalidol, maachuda, false, 1580058709
20, Radicalidol, maachuda, false, 1580058710
20, Radicalidol, maachuda, false, 1580058710
20, Radicalidol, maachuda, false, 1580058710
20, Radicalidol, maachuda, false, 1580058710
20, Radicalidol, maachuda, false, 1580058710
20, Radicalidol, maachuda, false, 1580058710
20, Radicalidol, maachuda, false, 1580058710
20, Radicalidol, maachuda, false, 1580058710
20, Radicalidol, maachuda, false, 1580058710
20, Radicalidol, maachuda, false, 1580058711
20, Radicalidol, maachuda, false, 1580058711
20, Radicalidol, maachuda, false, 1580058711
20, Radicalidol, maachuda, false, 1580058711
20, Radicalidol, maachuda, false, 1580058711
20, Radicalidol, maachuda, false, 1580058711
20, Radicalidol, maachuda, false, 1580058711
20, Radicalidol, maachuda, false, 1580058711
20, Radicalidol, maachuda, false, 1580058712
20, Radicalidol, maachuda, false, 1580058712
20, Radicalidol, maachuda, false, 1580058712
20, Radicalidol, maachuda, false, 1580058712
20, Radicalidol, maachuda, false, 1580058712
20, Radicalidol, maachuda, false, 1580058712
20, Radicalidol, maachuda, false, 1580058713
20, Radicalidol, maachuda, false, 1580058713
20, Radicalidol, maachuda, false, 1580058713
20, Radicalidol, maachuda, false, 1580058713
20, Radicalidol, maachuda, false, 1580058713
20, Radicalidol, maachuda, false, 1580058713
20, Radicalidol, maachuda, false, 1580058714
20, Radicalidol, maachuda, false, 1580058714
20, Radicalidol, maachuda, false, 1580058714
20, Radicalidol, maachuda, false, 1580058714
20, Radicalidol, maachuda, false, 1580058714
20, Radicalidol, maachuda, false, 1580058714
20, Radicalidol, maachuda, false, 1580058714
20, Radicalidol, maachuda, false, 1580058714
20, Radicalidol, maachuda, false, 1580058714
20, Radicalidol, maachuda, false, 1580058714
20, Radicalidol, maachuda, false, 1580058716
20, Radicalidol, maachuda, false, 1580058716
20, Radicalidol, maachuda, false, 1580058716
20, Radicalidol, maachuda, false, 1580058716
20, Radicalidol, maachuda, false, 1580058716
20, Radicalidol, maachuda, false, 1580058716
20, Radicalidol, maachuda, false, 1580058716
20, Radicalidol, maachuda, false, 1580058716
20, Radicalidol, maachuda, false, 1580058716
20, Radicalidol, maachuda, false, 1580058716
20, Radicalidol, maachuda, false, 1580058717
20, Radicalidol, maachuda, false, 1580058717
20, Radicalidol, maachuda, false, 1580058717
20, Radicalidol, maachuda, false, 1580058717
20, Radicalidol, maachuda, false, 1580058717
20, Radicalidol, maachuda, false, 1580058717
20, Radicalidol, maachuda, false, 1580058717
20, Radicalidol, maachuda, false, 1580058717
20, Radicalidol, maachuda, false, 1580058717
20, Radicalidol, maachuda, false, 1580058717
20, Radicalidol, maachuda, false, 1580058718
20, Radicalidol, maachuda, false, 1580058718
20, Radicalidol, maachuda, false, 1580058718
20, Radicalidol, maachuda, false, 1580058718
20, Radicalidol, maachuda, false, 1580058718
20, Radicalidol, maachuda, false, 1580058718
20, Radicalidol, maachuda, false, 1580058718
20, Radicalidol, maachuda, false, 1580058718
20, Radicalidol, maachuda, false, 1580058718
20, Radicalidol, maachuda, false, 1580058719
20, Radicalidol, maachuda, false, 1580058719
20, Radicalidol, maachuda, false, 1580058719
20, Radicalidol, maachuda, false, 1580058719
20, Radicalidol, maachuda, false, 1580058719
20, Radicalidol, maachuda, false, 1580058719
20, Radicalidol, maachuda, false, 1580058719
20, Radicalidol, maachuda, false, 1580058719
20, Radicalidol, maachuda, false, 1580058719
20, Radicalidol, maachuda, false, 1580058719
20, Radicalidol, maachuda, false, 1580058720
20, Radicalidol, maachuda, false, 1580058720
20, Radicalidol, maachuda, false, 1580058720
20, Radicalidol, maachuda, false, 1580058720
20, Radicalidol, maachuda, false, 1580058720
20, Radicalidol, maachuda, false, 1580058720
20, Radicalidol, maachuda, false, 1580058720
20, Radicalidol, maachuda, false, 1580058721
20, Radicalidol, maachuda, false, 1580058721
20, Radicalidol, maachuda, false, 1580058721
20, Radicalidol, maachuda, false, 1580058721
20, Radicalidol, maachuda, false, 1580058721
20, Radicalidol, maachuda, false, 1580058721
20, Radicalidol, maachuda, false, 1580058721
20, Radicalidol, maachuda, false, 1580058721
20, Radicalidol, maachuda, false, 1580058721
20, Radicalidol, maachuda, false, 1580058722
20, ronnie_36, guitar, false, 1580058726
20, Tanishq2403, hangman, false, 1580058729
20, tushartiwariofficial, sitar, false, 1580058731
20, Tanishq2403, neck, false, 1580058732
20, ronnie_36, sitar, false, 1580058733
20, Tanishq2403, legs, false, 1580058735
20, Tanishq2403, arms, false, 1580058738
20, Tanishq2403, toe, false, 1580058740
20, Tanishq2403, feet, false, 1580058743
20, Tanishq2403, hand, false, 1580058746
20, Tanishq2403, hands, false, 1580058747
20, tushartiwariofficial, Keyboard, false, 1580058748
20, tushartiwariofficial, Keyboard, false, 1580058750
20, tushartiwariofficial, Keyboard, false, 1580058752
20, tushartiwariofficial, elan, false, 1580058759
20, vedantsingh1404, sopranos, false, 1580058763
20, Tanishq2403, beethoven, false, 1580058781
20, ronnie_36, divine, false, 1580058787
20, Tanishq2403, vivaldi, false, 1580058788
20, Tanishq2403, mozart, false, 1580058792
20, MishuAnubis, nokia, false, 1580058820
20, ronnie_36, octaves, false, 1580058836
20, vedantsingh1404, conra, false, 1580058842
20, vedantsingh1404, contea, false, 1580058844
20, Tanishq2403, johanneschrysostomuswolfgangustheophilusmozart, false, 1580058845
20, vedantsingh1404, contra, false, 1580058845
20, vedantsingh1404, fuckingsleepyman, false, 1580058852
20, Tanishq2403, johanneschrysostomuswolfgangusamadeusmozart, false, 1580058881
20, Tanishq2403, wolfgangamadeusmozart, false, 1580058891
20, Tanishq2403, plz don't give any giveaway hints, false, 1580058903
20, Tanishq2403, plz don't give any giveaway hints, false, 1580058904
20, Tanishq2403, plz don't give any giveaway hints, false, 1580058904
20, Tanishq2403, plz don't give any giveaway hints, false, 1580058904
20, Tanishq2403, plz don't give any giveaway hints, false, 1580058904
20, Tanishq2403, plz don't give any giveaway hints, false, 1580058904
20, Tanishq2403, plz don't give any giveaway hints, false, 1580058904
20, Tanishq2403, plz don't give any giveaway hints, false, 1580058905
20, Tanishq2403, plz don't give any giveaway hints, false, 1580058905
20, Tanishq2403, plz don't give any giveaway hints, false, 1580058905
20, Tanishq2403, plz don't give any giveaway hints, false, 1580058905
20, Tanishq2403, plz don't give any giveaway hints, false, 1580058905
20, ronnie_36, elysium, false, 1580058927
20, tushartiwariofficial, Piano, false, 1580058968
20, GreenEarthEagle, conservative, false, 1580058974
20, tushartiwariofficial, piano, false, 1580058978
20, tushartiwariofficial, keyboard, false, 1580058990
20, pasta4lyf, head, false, 1580059047
20, pasta4lyf, severedhead, false, 1580059055
20, MishuAnubis, macarena, false, 1580059125
20, MishuAnubis, odetojoy, false, 1580059132
20, tushartiwariofficial, saregama, false, 1580059139
20, tushartiwariofficial, saregama, false, 1580059141
20, MishuAnubis, marchareal, false, 1580059146
20, tushartiwariofficial, saregama, false, 1580059149
20, tushartiwariofficial, saregamapadhanisa, false, 1580059153
20, tushartiwariofficial, saregamapadhanisa, false, 1580059159
20, Tanishq2403, caesar, false, 1580059302
20, tushartiwariofficial, pitch, false, 1580059586
20, tushartiwariofficial, tuplet, false, 1580059614
20, tushartiwariofficial, stem, false, 1580059631
20, tushartiwariofficial, chromatic, false, 1580059767
20, tushartiwariofficial, dodecatonic, false, 1580059782
20, tushartiwariofficial, octatonic, false, 1580059797
20, vedantsingh1404, gnu, false, 1580059820
20, vedantsingh1404, andrewng, false, 1580059831
20, vedantsingh1404, andrewng, false, 1580059831
20, vedantsingh1404, linux, false, 1580059836
20, Tanishq2403, linux, false, 1580059859
20, Tanishq2403, ubuntu, false, 1580059863
20, Tanishq2403, don'tforwardthespamstohavaldarplz, false, 1580059927
20, Tanishq2403, don'tforwardthespamstohavaldarplz, false, 1580059927
20, Tanishq2403, don'tforwardthespamstohavaldarplz, false, 1580059928
20, Tanishq2403, don'tforwardthespamstohavaldarplz, false, 1580059928
20, Tanishq2403, don'tforwardthespamstohavaldarplz, false, 1580059928
20, Tanishq2403, don'tforwardthespamstohavaldarplz, false, 1580059928
20, Tanishq2403, don'tforwardthespamstohavaldarplz, false, 1580059928
20, Tanishq2403, don'tforwardthespamstohavaldarplz, false, 1580059928
20, Tanishq2403, don'tforwardthespamstohavaldarplz, false, 1580059928
20, Tanishq2403, don'tforwardthespamstohavaldarplz, false, 1580059928
20, Tanishq2403, don'tforwardthespamstohavaldarplz, false, 1580059928
20, Tanishq2403, don'tforwardthespamstohavaldarplz, false, 1580059928
20, Tanishq2403, don'tforwardthespamstohavaldarplz, false, 1580059928
20, Tanishq2403, don'tforwardthespamstohavaldarplz, false, 1580059929
20, Tanishq2403, don'tforwardthespamstohavaldarplz, false, 1580059929
20, Tanishq2403, don'tforwardthespamstohavaldarplz, false, 1580059929
20, Tanishq2403, don'tforwardthespamstohavaldarplz, false, 1580059929
20, Tanishq2403, don'tforwardthespamstohavaldarplz, false, 1580059929
20, Tanishq2403, don'tforwardthespamstohavaldarplz, false, 1580059929
20, Tanishq2403, don'tforwardthespamstohavaldarplz, false, 1580059929
20, Tanishq2403, don'tforwardthespamstohavaldarplz, false, 1580059929
20, Tanishq2403, don'tforwardthespamstohavaldarplz, false, 1580059929
20, Tanishq2403, don'tforwardthespamstohavaldarplz, false, 1580059929
20, Tanishq2403, don'tforwardthespamstohavaldarplz, false, 1580059930
20, Tanishq2403, don'tforwardthespamstohavaldarplz, false, 1580059930
20, Tanishq2403, don'tforwardthespamstohavaldarplz, false, 1580059930
20, Tanishq2403, don'tforwardthespamstohavaldarplz, false, 1580059930
20, Tanishq2403, don'tforwardthespamstohavaldarplz, false, 1580059930
20, Tanishq2403, don'tforwardthespamstohavaldarplz, false, 1580059930
20, Tanishq2403, don'tforwardthespamstohavaldarplz, false, 1580059930
20, Tanishq2403, don'tforwardthespamstohavaldarplz, false, 1580059930
20, Tanishq2403, don'tforwardthespamstohavaldarplz, false, 1580059930
20, Tanishq2403, don'tforwardthespamstohavaldarplz, false, 1580059930
20, Tanishq2403, don'tforwardthespamstohavaldarplz, false, 1580059931
20, Tanishq2403, don'tforwardthespamstohavaldarplz, false, 1580059931
20, Tanishq2403, don'tforwardthespamstohavaldarplz, false, 1580059931
20, Tanishq2403, plznotagiveawayhint, false, 1580059965
20, Tanishq2403, plznotagiveawayhint, false, 1580059965
20, Tanishq2403, plznotagiveawayhint, false, 1580059965
20, Tanishq2403, plznotagiveawayhint, false, 1580059965
20, Tanishq2403, plznotagiveawayhint, false, 1580059965
20, Tanishq2403, plznotagiveawayhint, false, 1580059965
20, Tanishq2403, plznotagiveawayhint, false, 1580059966
20, Tanishq2403, plznotagiveawayhint, false, 1580059966
20, Tanishq2403, plznotagiveawayhint, false, 1580059966
20, Tanishq2403, plznotagiveawayhint, false, 1580059966
20, Tanishq2403, plznotagiveawayhint, false, 1580059966
20, Tanishq2403, plznotagiveawayhint, false, 1580059966
20, Tanishq2403, plznotagiveawayhint, false, 1580059966
20, Tanishq2403, plznotagiveawayhint, false, 1580059966
20, Tanishq2403, plznotagiveawayhint, false, 1580059966
20, Tanishq2403, plznotagiveawayhint, false, 1580059966
20, Tanishq2403, plznotagiveawayhint, false, 1580059966
20, Tanishq2403, plznotagiveawayhint, false, 1580059967
20, Tanishq2403, plznotagiveawayhint, false, 1580059967
20, Tanishq2403, plznotagiveawayhint, false, 1580059967
20, Tanishq2403, plznotagiveawayhint, false, 1580059967
20, Tanishq2403, plznotagiveawayhint, false, 1580059967
20, Tanishq2403, plznotagiveawayhint, false, 1580059967
20, Tanishq2403, plznotagiveawayhint, false, 1580059967
20, Tanishq2403, plznotagiveawayhint, false, 1580059967
20, Kamikaze, , false, 1580059973
20, Tanishq2403, Ihaveafeverandacold, false, 1580060067
20, Tanishq2403, Ihaveafeverandacold, false, 1580060067
20, Tanishq2403, Ihaveafeverandacold, false, 1580060067
20, Tanishq2403, Ihaveafeverandacold, false, 1580060067
20, Tanishq2403, Ihaveafeverandacold, false, 1580060067
20, Tanishq2403, Ihaveafeverandacold, false, 1580060067
20, Tanishq2403, Ihaveafeverandacold, false, 1580060068
20, Tanishq2403, Ihaveafeverandacold, false, 1580060068
20, Tanishq2403, Ihaveafeverandacold, false, 1580060068
20, Tanishq2403, Ihaveafeverandacold, false, 1580060068
20, Tanishq2403, Ihaveafeverandacold, false, 1580060068
20, Tanishq2403, Ihaveafeverandacold, false, 1580060068
20, vedantsingh1404, notagoodhinttbh, false, 1580060069
20, vedantsingh1404, notagoodhinttbh, false, 1580060070
20, vedantsingh1404, notagoodhinttbh, false, 1580060070
20, vedantsingh1404, notagoodhinttbh, false, 1580060070
20, vedantsingh1404, notagoodhinttbh, false, 1580060070
20, vedantsingh1404, notagoodhinttbh, false, 1580060071
20, vedantsingh1404, notagoodhinttbh, false, 1580060071
20, vedantsingh1404, notagoodhinttbh, false, 1580060071
20, vedantsingh1404, notagoodhinttbh, false, 1580060071
20, vedantsingh1404, notagoodhinttbh, false, 1580060071
20, vedantsingh1404, notagoodhinttbh, false, 1580060071
20, vedantsingh1404, notagoodhinttbh, false, 1580060072
20, vedantsingh1404, notagoodhinttbh, false, 1580060072
20, vedantsingh1404, notagoodhinttbh, false, 1580060072
20, vedantsingh1404, notagoodhinttbh, false, 1580060072
20, vedantsingh1404, notagoodhinttbh, false, 1580060072
20, vedantsingh1404, notagoodhinttbh, false, 1580060072
20, vedantsingh1404, notagoodhinttbh, false, 1580060073
20, vedantsingh1404, notagoodhinttbh, false, 1580060073
20, vedantsingh1404, notagoodhinttbh, false, 1580060073
20, vedantsingh1404, notagoodhinttbh, false, 1580060073
20, vedantsingh1404, notagoodhinttbh, false, 1580060073
20, vedantsingh1404, notagoodhinttbh, false, 1580060074
20, vedantsingh1404, notagoodhinttbh, false, 1580060074
20, vedantsingh1404, notagoodhinttbh, false, 1580060074
20, vedantsingh1404, notagoodhinttbh, false, 1580060074
20, vedantsingh1404, notagoodhinttbh, false, 1580060074
20, vedantsingh1404, notagoodhinttbh, false, 1580060074
20, vedantsingh1404, notagoodhinttbh, false, 1580060074
20, vedantsingh1404, notagoodhinttbh, false, 1580060075
20, vedantsingh1404, notagoodhinttbh, false, 1580060075
20, vedantsingh1404, notagoodhinttbh, false, 1580060075
20, vedantsingh1404, notagoodhinttbh, false, 1580060075
20, vedantsingh1404, notagoodhinttbh, false, 1580060075
20, vedantsingh1404, notagoodhinttbh, false, 1580060075
20, vedantsingh1404, notagoodhinttbh, false, 1580060075
20, vedantsingh1404, notagoodhinttbh, false, 1580060076
20, vedantsingh1404, notagoodhinttbh, false, 1580060076
20, vedantsingh1404, notagoodhinttbh, false, 1580060076
20, vedantsingh1404, notagoodhinttbh, false, 1580060076
20, vedantsingh1404, notagoodhinttbh, false, 1580060076
20, vedantsingh1404, notagoodhinttbh, false, 1580060076
20, vedantsingh1404, notagoodhinttbh, false, 1580060077
20, vedantsingh1404, notagoodhinttbh, false, 1580060077
20, vedantsingh1404, notagoodhinttbh, false, 1580060077
20, vedantsingh1404, notagoodhinttbh, false, 1580060077
20, vedantsingh1404, notagoodhinttbh, false, 1580060077
20, vedantsingh1404, notagoodhinttbh, false, 1580060077
20, vedantsingh1404, notagoodhinttbh, false, 1580060077
20, vedantsingh1404, notagoodhinttbh, false, 1580060078
20, vedantsingh1404, notagoodhinttbh, false, 1580060078
20, vedantsingh1404, notagoodhinttbh, false, 1580060078
20, vedantsingh1404, notagoodhinttbh, false, 1580060078
20, vedantsingh1404, notagoodhinttbh, false, 1580060078
20, vedantsingh1404, notagoodhinttbh, false, 1580060078
20, vedantsingh1404, notagoodhinttbh, false, 1580060079
20, vedantsingh1404, notagoodhinttbh, false, 1580060079
20, vedantsingh1404, notagoodhinttbh, false, 1580060079
20, vedantsingh1404, notagoodhinttbh, false, 1580060079
20, vedantsingh1404, notagoodhinttbh, false, 1580060079
20, vedantsingh1404, notagoodhinttbh, false, 1580060080
20, vedantsingh1404, notagoodhinttbh, false, 1580060080
20, vedantsingh1404, notagoodhinttbh, false, 1580060080
20, vedantsingh1404, notagoodhinttbh, false, 1580060080
20, vedantsingh1404, notagoodhinttbh, false, 1580060080
20, vedantsingh1404, notagoodhinttbh, false, 1580060081
20, vedantsingh1404, notagoodhinttbh, false, 1580060081
20, vedantsingh1404, notagoodhinttbh, false, 1580060081
20, vedantsingh1404, notagoodhinttbh, false, 1580060081
20, vedantsingh1404, notagoodhinttbh, false, 1580060081
20, vedantsingh1404, notagoodhinttbh, false, 1580060081
20, vedantsingh1404, notagoodhinttbh, false, 1580060081
20, vedantsingh1404, notagoodhinttbh, false, 1580060082
20, vedantsingh1404, notagoodhinttbh, false, 1580060082
20, vedantsingh1404, notagoodhinttbh, false, 1580060082
20, vedantsingh1404, notagoodhinttbh, false, 1580060082
20, vedantsingh1404, notagoodhinttbh, false, 1580060082
20, vedantsingh1404, notagoodhinttbh, false, 1580060082
20, vedantsingh1404, notagoodhinttbh, false, 1580060083
20, vedantsingh1404, notagoodhinttbh, false, 1580060083
20, vedantsingh1404, notagoodhinttbh, false, 1580060083
20, vedantsingh1404, notagoodhinttbh, false, 1580060083
20, vedantsingh1404, notagoodhinttbh, false, 1580060084
20, vedantsingh1404, notagoodhinttbh, false, 1580060084
20, vedantsingh1404, notagoodhinttbh, false, 1580060084
20, vedantsingh1404, notagoodhinttbh, false, 1580060084
20, vedantsingh1404, notagoodhinttbh, false, 1580060084
20, vedantsingh1404, notagoodhinttbh, false, 1580060084
20, vedantsingh1404, notagoodhinttbh, false, 1580060084
20, vedantsingh1404, notagoodhinttbh, false, 1580060084
20, vedantsingh1404, notagoodhinttbh, false, 1580060085
20, vedantsingh1404, notagoodhinttbh, false, 1580060085
20, vedantsingh1404, notagoodhinttbh, false, 1580060085
20, vedantsingh1404, notagoodhinttbh, false, 1580060085
20, vedantsingh1404, notagoodhinttbh, false, 1580060085
20, vedantsingh1404, notagoodhinttbh, false, 1580060085
20, vedantsingh1404, notagoodhinttbh, false, 1580060086
20, vedantsingh1404, notagoodhinttbh, false, 1580060086
20, vedantsingh1404, notagoodhinttbh, false, 1580060086
20, vedantsingh1404, notagoodhinttbh, false, 1580060086
20, vedantsingh1404, notagoodhinttbh, false, 1580060086
20, vedantsingh1404, notagoodhinttbh, false, 1580060086
20, vedantsingh1404, notagoodhinttbh, false, 1580060086
20, vedantsingh1404, notagoodhinttbh, false, 1580060087
20, vedantsingh1404, notagoodhinttbh, false, 1580060087
20, vedantsingh1404, notagoodhinttbh, false, 1580060087
20, vedantsingh1404, notagoodhinttbh, false, 1580060087
20, Tanishq2403, Ihaveafeverandacold, false, 1580060087
20, vedantsingh1404, notagoodhinttbh, false, 1580060087
20, Tanishq2403, Ihaveafeverandacold, false, 1580060087
20, vedantsingh1404, notagoodhinttbh, false, 1580060087
20, Tanishq2403, Ihaveafeverandacold, false, 1580060088
20, vedantsingh1404, notagoodhinttbh, false, 1580060088
20, Tanishq2403, Ihaveafeverandacold, false, 1580060088
20, vedantsingh1404, notagoodhinttbh, false, 1580060088
20, Tanishq2403, Ihaveafeverandacold, false, 1580060088
20, vedantsingh1404, notagoodhinttbh, false, 1580060088
20, vedantsingh1404, notagoodhinttbh, false, 1580060088
20, vedantsingh1404, notagoodhinttbh, false, 1580060088
20, vedantsingh1404, notagoodhinttbh, false, 1580060088
20, vedantsingh1404, notagoodhinttbh, false, 1580060089
20, vedantsingh1404, notagoodhinttbh, false, 1580060089
20, vedantsingh1404, notagoodhinttbh, false, 1580060089
20, vedantsingh1404, notagoodhinttbh, false, 1580060089
20, vedantsingh1404, notagoodhinttbh, false, 1580060089
20, vedantsingh1404, notagoodhinttbh, false, 1580060089
20, vedantsingh1404, notagoodhinttbh, false, 1580060090
20, vedantsingh1404, notagoodhinttbh, false, 1580060090
20, vedantsingh1404, notagoodhinttbh, false, 1580060090
20, vedantsingh1404, notagoodhinttbh, false, 1580060090
20, vedantsingh1404, notagoodhinttbh, false, 1580060090
20, vedantsingh1404, notagoodhinttbh, false, 1580060090
20, vedantsingh1404, notagoodhinttbh, false, 1580060091
20, vedantsingh1404, notagoodhinttbh, false, 1580060091
20, vedantsingh1404, notagoodhinttbh, false, 1580060091
20, vedantsingh1404, notagoodhinttbh, false, 1580060091
20, vedantsingh1404, notagoodhinttbh, false, 1580060091
20, vedantsingh1404, notagoodhinttbh, false, 1580060092
20, vedantsingh1404, notagoodhinttbh, false, 1580060092
20, vedantsingh1404, notagoodhinttbh, false, 1580060092
20, vedantsingh1404, notagoodhinttbh, false, 1580060092
20, vedantsingh1404, notagoodhinttbh, false, 1580060092
20, vedantsingh1404, notagoodhinttbh, false, 1580060093
20, vedantsingh1404, notagoodhinttbh, false, 1580060093
20, vedantsingh1404, notagoodhinttbh, false, 1580060093
20, vedantsingh1404, notagoodhinttbh, false, 1580060093
20, vedantsingh1404, notagoodhinttbh, false, 1580060093
20, vedantsingh1404, notagoodhinttbh, false, 1580060094
20, vedantsingh1404, notagoodhinttbh, false, 1580060094
20, vedantsingh1404, notagoodhinttbh, false, 1580060094
20, vedantsingh1404, notagoodhinttbh, false, 1580060094
20, vedantsingh1404, notagoodhinttbh, false, 1580060094
20, vedantsingh1404, notagoodhinttbh, false, 1580060094
20, vedantsingh1404, notagoodhinttbh, false, 1580060095
20, vedantsingh1404, notagoodhinttbh, false, 1580060095
20, vedantsingh1404, notagoodhinttbh, false, 1580060095
20, vedantsingh1404, notagoodhinttbh, false, 1580060095
20, vedantsingh1404, notagoodhinttbh, false, 1580060095
20, vedantsingh1404, notagoodhinttbh, false, 1580060095
20, vedantsingh1404, notagoodhinttbh, false, 1580060096
20, vedantsingh1404, notagoodhinttbh, false, 1580060096
20, vedantsingh1404, notagoodhinttbh, false, 1580060096
20, vedantsingh1404, notagoodhinttbh, false, 1580060097
20, vedantsingh1404, notagoodhinttbh, false, 1580060097
20, vedantsingh1404, notagoodhinttbh, false, 1580060097
20, vedantsingh1404, notagoodhinttbh, false, 1580060097
20, vedantsingh1404, notagoodhinttbh, false, 1580060097
20, vedantsingh1404, notagoodhinttbh, false, 1580060097
20, vedantsingh1404, notagoodhinttbh, false, 1580060098
20, vedantsingh1404, notagoodhinttbh, false, 1580060098
20, LordFaramir, furelise, false, 1580060121
20, GreenEarthEagle, catacendre, false, 1580060126
20, LordFaramir, divenire, false, 1580060127
20, GreenEarthEagle, selvaraj, false, 1580060131
20, LordFaramir, hesapirate, false, 1580060137
20, LordFaramir, odetojoy, false, 1580060142
20, GreenEarthEagle, toffee, false, 1580060230
20, TheDemigod, fortytwo, false, 1580060462
20, TheDemigod, fourtytwo, false, 1580060468
20, vedantsingh1404, svara', false, 1580060532
20, vedantsingh1404, svara, false, 1580060534
20, vedantsingh1404, carnaticmusic, false, 1580060540
20, Tanishq2403, no more hints plz, false, 1580060555
20, Tanishq2403, no more hints plz, false, 1580060555
20, Tanishq2403, no more hints plz, false, 1580060556
20, Tanishq2403, no more hints plz, false, 1580060556
20, Tanishq2403, no more hints plz, false, 1580060556
20, Tanishq2403, no more hints plz, false, 1580060556
20, Tanishq2403, no more hints plz, false, 1580060556
20, Tanishq2403, no more hints plz, false, 1580060556
20, Tanishq2403, no more hints plz, false, 1580060556
20, Tanishq2403, no more hints plz, false, 1580060556
20, Tanishq2403, no more hints plz, false, 1580060556
20, Tanishq2403, no more hints plz, false, 1580060556
20, Tanishq2403, no more hints plz, false, 1580060557
20, pasta4lyf, uknusimsjbansbai, false, 1580060560
20, pasta4lyf, uknusimsjbansbai, false, 1580060578
20, pasta4lyf, uknusimsjbansbai, false, 1580060674
20, Tanishq2403, median, false, 1580060674
20, Tanishq2403, mean, false, 1580060676
20, omaewamoushindeiru, ukndsimssbansbai, false, 1580060879
20, MishuAnubis, facade, false, 1580060889
20, MishuAnubis, badge, false, 1580060893
20, MishuAnubis, decaf, false, 1580060898
20, Tanishq2403, oth, false, 1580060905
20, MishuAnubis, cabbage, false, 1580060907
20, Tanishq2403, cryptichunt, false, 1580060909
20, MishuAnubis, baggage, false, 1580060913
20, Tanishq2403, q, false, 1580060919
20, Tanishq2403, qqq, false, 1580060920
20, Tanishq2403, qqqq, false, 1580060920
20, Tanishq2403, qqq, false, 1580060922
20, Tanishq2403, qq, false, 1580060923
20, MishuAnubis, deface, false, 1580060952
20, MishuAnubis, face, false, 1580060955
20, Tanishq2403, typo, false, 1580061088
20, MishuAnubis, elan, false, 1580061109
20, MishuAnubis, cryptex, false, 1580061115
20, Kamikaze, marijuana, false, 1580061136
20, Kamikaze, medicalmarijuana, false, 1580061140
20, GreenEarthEagle, robinhood, false, 1580061145
20, Kamikaze, high, false, 1580061145
20, Kamikaze, high, false, 1580061145
20, Kamikaze, high, false, 1580061146
20, Kamikaze, high, false, 1580061146
20, Tanishq2403, nomorehintsplz,it'llcomedowntoluckthen, false, 1580061147
20, Tanishq2403, nomorehintsplz,it'llcomedowntoluckthen, false, 1580061148
20, Tanishq2403, nomorehintsplz,it'llcomedowntoluckthen, false, 1580061148
20, Tanishq2403, nomorehintsplz,it'llcomedowntoluckthen, false, 1580061148
20, Tanishq2403, nomorehintsplz,it'llcomedowntoluckthen, false, 1580061148
20, Tanishq2403, nomorehintsplz,it'llcomedowntoluckthen, false, 1580061148
20, Tanishq2403, nomorehintsplz,it'llcomedowntoluckthen, false, 1580061148
20, Tanishq2403, nomorehintsplz,it'llcomedowntoluckthen, false, 1580061148
20, Tanishq2403, nomorehintsplz,it'llcomedowntoluckthen, false, 1580061149
20, Kamikaze, weed, false, 1580061149
20, MishuAnubis, spongify, false, 1580061212
20, MishuAnubis, spectacular, false, 1580061222
20, GreenEarthEagle, special, false, 1580061224
20, ayamrage, spatiotemporally, false, 1580061236
20, ayamrage, spatiotemporal, false, 1580061254
20, MishuAnubis, spectacularity, false, 1580061262
20, GreenEarthEagle, sphygmomanometer, false, 1580061268
20, vedantsingh1404, spicmacay, false, 1580061273
20, Tanishq2403, spicmacay, false, 1580061277
20, flitwick, spectrogram, false, 1580061284
20, GreenEarthEagle, spectroheliogram, false, 1580061301
20, Tabzzzzzzzz, sddsa, false, 1580061306
20, Tabzzzzzzzz, sddsaasdasd, false, 1580061312
20, GreenEarthEagle, spectrobolometer, false, 1580061318
20, Kamikaze, sphygmomanometer, false, 1580061321
20, flitwick, spectroheliogram, false, 1580061325
20, GreenEarthEagle, spectrobolometry, false, 1580061326
20, ayamrage, specialization, false, 1580061327
20, GreenEarthEagle, sphaerocarpaceae, false, 1580061333
20, ayamrage, spermatogenesis, false, 1580061335
20, GreenEarthEagle, sphincteroplasty, false, 1580061341
20, Tanishq2403, spvubhadaailumum, false, 1580061344
20, DefaultHasAnL, sphygmomanometer, false, 1580061345
20, Tanishq2403, spvubhadaailumu, false, 1580061345
20, GreenEarthEagle, spiritualization, false, 1580061347
20, GreenEarthEagle, spiritualisation, false, 1580061353
20, ronnie_36, spectroheliogram, false, 1580061354
20, ronnie_36, spectroheliogram, false, 1580061357
20, GreenEarthEagle, spatiotemporally, false, 1580061412
20, GreenEarthEagle, speechlessness, false, 1580061417
20, GreenEarthEagle, sphygmomanometry, false, 1580061425
20, GreenEarthEagle, spiritlessness, false, 1580061430
20, GreenEarthEagle, sprightfulnesses, false, 1580061438
20, MishuAnubis, spaceman, false, 1580061461
20, MishuAnubis, spaceship, false, 1580061468
20, MishuAnubis, spaceinvaders, false, 1580061474
20, Brokeigma, spanishguitar, false, 1580061526
20, MishuAnubis, spartacus, false, 1580061528
20, MishuAnubis, spain, false, 1580061534
20, MishuAnubis, sportivity, false, 1580061542
20, MishuAnubis, spotify, false, 1580061547
20, Brokeigma, spanishguitarist, false, 1580061555
20, Brokeigma, spanishkeyboard, false, 1580061567
20, Brokeigma, spanishkeyboardist, false, 1580061571
20, GreenEarthEagle, specialization, false, 1580061575
20, GreenEarthEagle, spuriousness, false, 1580061589
20, MishuAnubis, spacewalker, false, 1580061613
20, ayamrage, sponsorship, false, 1580061627
20, MishuAnubis, spicegirls, false, 1580061634
20, MishuAnubis, springsteen, false, 1580061651
20, GreenEarthEagle, getdacced, false, 1580061654
20, DefaultHasAnL, spectroheliogram, false, 1580061676
20, Brokeigma, spanishsaxophone, false, 1580061687
20, Brokeigma, spanishsaxofone, false, 1580061692
20, omaewamoushindeiru, beduabiidduaaems, false, 1580061768
20, pasta4lyf, spanishers, false, 1580061773
20, pasta4lyf, spaghetti, false, 1580061780
20, Tabzzzzzzzz, sddsaasdasd, false, 1580061790
20, Brokeigma, scientificpitch, false, 1580061864
20, Tanishq2403, spsutfqwdpogve, false, 1580061864
20, Tanishq2403, sp c, false, 1580061870
20, pasta4lyf, spnckwuiqf, false, 1580061882
20, pasta4lyf, spnckwuiqfedx, false, 1580061893
20, pasta4lyf, spnckwuiqfedxkgr, false, 1580061916
20, pasta4lyf, spnckwuiqfedxkgr, false, 1580061919
20, aaabattery, specialrelativity, false, 1580061920
20, pasta4lyf, spnckwuiqfedxkgr, false, 1580061920
20, pasta4lyf, spnckwuiqfedxkgr, false, 1580061920
20, modulated_pikachu, SPNCKWUIQFEDSKGR, false, 1580061920
20, pasta4lyf, spnckwuiqfedxkgr, false, 1580061921
20, pasta4lyf, spnckwuiqfedxkgr, false, 1580061921
20, pasta4lyf, spnckwuiqfedxkgr, false, 1580061921
20, pasta4lyf, spnckwuiqfedxkgr, false, 1580061921
20, pasta4lyf, spnckwuiqfedxkgr, false, 1580061922
20, pasta4lyf, spnckwuiqfedxkgr, false, 1580061922
20, pasta4lyf, spnckwuiqfedxkgr, false, 1580061922
20, Kamikaze, SPVUBHADAAILUMUM, false, 1580061948
20, Tanishq2403, gggivingup, false, 1580061967
20, Tanishq2403, gggivingup, false, 1580061967
20, Tanishq2403, gggivingup, false, 1580061968
20, Tanishq2403, gggivingup, false, 1580061968
20, Tanishq2403, gggivingup, false, 1580061968
20, Tanishq2403, gggivingup, false, 1580061968
20, Tanishq2403, gggivingup, false, 1580061968
20, Tanishq2403, gggivingup, false, 1580061968
20, Tanishq2403, gggivingup, false, 1580061968
20, Tanishq2403, gggivingup, false, 1580061968
20, Tanishq2403, gggivingup, false, 1580061968
20, Tanishq2403, gggivingup, false, 1580061968
20, Tanishq2403, gggivingup, false, 1580061969
20, Tanishq2403, gggivingup, false, 1580061969
20, Tanishq2403, gggivingup, false, 1580061969
20, Tanishq2403, gggivingup, false, 1580061969
20, Tanishq2403, gggivingup, false, 1580061969
20, Tanishq2403, gggivingup, false, 1580061969
20, Tanishq2403, gggivingup, false, 1580061969
20, Tanishq2403, gggivingup, false, 1580061969
20, Tanishq2403, gggivingup, false, 1580061969
20, Tanishq2403, gggivingup, false, 1580061969
20, Tanishq2403, gggivingup, false, 1580061969
20, Tanishq2403, gggivingup, false, 1580061970
20, Tanishq2403, gggivingup, false, 1580061970
20, Tanishq2403, gggivingup, false, 1580061970
20, Tanishq2403, gggivingup, false, 1580061970
20, Tanishq2403, gggivingup, false, 1580061970
20, Tanishq2403, gggivingup, false, 1580061970
20, Tanishq2403, gggivingup, false, 1580061970
20, vedantsingh1404, gg, false, 1580061980
20, vedantsingh1404, notdoingitanymore, false, 1580061987
20, vedantsingh1404, notdoingitanymore, false, 1580061987
20, vedantsingh1404, notdoingitanymore, false, 1580061987
20, vedantsingh1404, notdoingitanymore, false, 1580061987
20, vedantsingh1404, notdoingitanymore, false, 1580061988
20, vedantsingh1404, notdoingitanymore, false, 1580061988
20, vedantsingh1404, notdoingitanymore, false, 1580061988
20, vedantsingh1404, notdoingitanymore, false, 1580061988
20, vedantsingh1404, notdoingitanymore, false, 1580061988
20, vedantsingh1404, notdoingitanymore, false, 1580061988
20, vedantsingh1404, notdoingitanymore, false, 1580061988
20, vedantsingh1404, notdoingitanymore, false, 1580061989
20, vedantsingh1404, notdoingitanymore, false, 1580061989
20, vedantsingh1404, notdoingitanymore, false, 1580061989
20, vedantsingh1404, notdoingitanymore, false, 1580061989
20, vedantsingh1404, notdoingitanymore, false, 1580061989
20, vedantsingh1404, notdoingitanymore, false, 1580061989
20, vedantsingh1404, notdoingitanymore, false, 1580061989
20, vedantsingh1404, notdoingitanymore, false, 1580061989
20, vedantsingh1404, notdoingitanymore, false, 1580061990
20, vedantsingh1404, notdoingitanymore, false, 1580061990
20, vedantsingh1404, notdoingitanymore, false, 1580061990
20, vedantsingh1404, notdoingitanymore, false, 1580061990
20, vedantsingh1404, notdoingitanymore, false, 1580061990
20, vedantsingh1404, notdoingitanymore, false, 1580061990
20, vedantsingh1404, notdoingitanymore, false, 1580061991
20, vedantsingh1404, notdoingitanymore, false, 1580061991
20, vedantsingh1404, notdoingitanymore, false, 1580061991
20, vedantsingh1404, notdoingitanymore, false, 1580061991
20, vedantsingh1404, notdoingitanymore, false, 1580061991
20, vedantsingh1404, notdoingitanymore, false, 1580061992
20, vedantsingh1404, notdoingitanymore, false, 1580061992
20, vedantsingh1404, notdoingitanymore, false, 1580061992
20, vedantsingh1404, notdoingitanymore, false, 1580061992
20, vedantsingh1404, notdoingitanymore, false, 1580061992
20, vedantsingh1404, notdoingitanymore, false, 1580061992
20, vedantsingh1404, notdoingitanymore, false, 1580061992
20, vedantsingh1404, notdoingitanymore, false, 1580061993
20, vedantsingh1404, notdoingitanymore, false, 1580061993
20, vedantsingh1404, notdoingitanymore, false, 1580061993
20, vedantsingh1404, notdoingitanymore, false, 1580061993
20, vedantsingh1404, notdoingitanymore, false, 1580061993
20, vedantsingh1404, notdoingitanymore, false, 1580061993
20, vedantsingh1404, notdoingitanymore, false, 1580061993
20, vedantsingh1404, notdoingitanymore, false, 1580061994
20, vedantsingh1404, ggwp, false, 1580061999
20, vedantsingh1404, ggwp, false, 1580061999
20, vedantsingh1404, ggwp, false, 1580061999
20, vedantsingh1404, ggwp, false, 1580061999
20, vedantsingh1404, ggwp, false, 1580062000
20, vedantsingh1404, ggwp, false, 1580062000
20, vedantsingh1404, ggwp, false, 1580062000
20, vedantsingh1404, ggwp, false, 1580062000
20, vedantsingh1404, ggwp, false, 1580062000
20, vedantsingh1404, ggwp, false, 1580062000
20, vedantsingh1404, ggwp, false, 1580062000
20, vedantsingh1404, ggwp, false, 1580062000
20, vedantsingh1404, ggwp, false, 1580062000
20, vedantsingh1404, ggwp, false, 1580062001
20, vedantsingh1404, ggwp, false, 1580062001
20, vedantsingh1404, ggwp, false, 1580062001
20, vedantsingh1404, ggwp, false, 1580062001
20, vedantsingh1404, ggwp, false, 1580062001
20, vedantsingh1404, ggwp, false, 1580062001
20, vedantsingh1404, ggwp, false, 1580062001
20, vedantsingh1404, ggwp, false, 1580062002
20, vedantsingh1404, ggwp, false, 1580062002
20, vedantsingh1404, ggwp, false, 1580062002
20, vedantsingh1404, ggwp, false, 1580062002
20, vedantsingh1404, ggwp, false, 1580062002
20, vedantsingh1404, ggwp, false, 1580062003
20, GreenEarthEagle, sp20202020202020, false, 1580062020
20, pasta4lyf, spnckwuiqfedxagr, false, 1580062119
20, geraltofrivia, spnckwuiqfedxagr, false, 1580062120
20, pasta4lyf, spnckwuiqfedxbgr, false, 1580062121
20, pasta4lyf, spnckwuiqfedxbgr, false, 1580062122
20, pasta4lyf, spnckwuiqfedxcgr, false, 1580062123
20, pasta4lyf, spnckwuiqfedxdgr, false, 1580062124
20, pasta4lyf, spnckwuiqfedxegr, false, 1580062125
20, modulated_pikachu, SPNSPNCKWUIQFEDXZGR, false, 1580062126
20, pasta4lyf, spnckwuiqfedxfgr, false, 1580062126
20, pasta4lyf, spnckwuiqfedxggr, false, 1580062127
20, geraltofrivia, spnckwuiqfedxhgr, false, 1580062127
20, pasta4lyf, spnckwuiqfedxhgr, false, 1580062129
20, modulated_pikachu, SPNSPNCKWUIQFEDXYGR, false, 1580062130
20, pasta4lyf, spnckwuiqfedxigr, false, 1580062130
20, pasta4lyf, spnckwuiqfedxjgr, false, 1580062131
20, modulated_pikachu, SPNSPNCKWUIQFEDXQGR, false, 1580062132
20, pasta4lyf, spnckwuiqfedxkgr, false, 1580062132
20, geraltofrivia, spnckwuiqfedxsgr, false, 1580062133
20, modulated_pikachu, SPNSPNCKWUIQFEDXWGR, false, 1580062133
20, pasta4lyf, spnckwuiqfedxlgr, false, 1580062134
20, modulated_pikachu, SPNSPNCKWUIQFEDXEGR, false, 1580062134
20, modulated_pikachu, SPNSPNCKWUIQFEDXRGR, false, 1580062135
20, pasta4lyf, spnckwuiqfedxmgr, false, 1580062135
20, modulated_pikachu, SPNSPNCKWUIQFEDXTGR, false, 1580062136
20, pasta4lyf, spnckwuiqfedxngr, false, 1580062137
20, geraltofrivia, spnckwuiqfedxugr, false, 1580062137
20, modulated_pikachu, SPNSPNCKWUIQFEDXYGR, false, 1580062137
20, pasta4lyf, spnckwuiqfedxogr, false, 1580062139
20, modulated_pikachu, SPNSPNCKWUIQFEDXGR, false, 1580062139
20, modulated_pikachu, SPNSPNCKWUIQFEDYGR, false, 1580062140
20, pasta4lyf, spnckwuiqfedxpgr, false, 1580062141
20, pasta4lyf, spnckwuiqfedxqgr, false, 1580062143
20, modulated_pikachu, SPNSPNCKWUIQFEDXYGR, false, 1580062143
20, pasta4lyf, spnckwuiqfedxrgr, false, 1580062144
20, modulated_pikachu, SPNSPNCKWUIQFEDXUGR, false, 1580062144
20, pasta4lyf, spnckwuiqfedxsgr, false, 1580062145
20, modulated_pikachu, SPNSPNCKWUIQFEDXIGR, false, 1580062146
20, pasta4lyf, spnckwuiqfedxtgr, false, 1580062146
20, modulated_pikachu, SPNSPNCKWUIQFEDXOGR, false, 1580062147
20, pasta4lyf, spnckwuiqfedxugr, false, 1580062148
20, modulated_pikachu, SPNSPNCKWUIQFEDXPGR, false, 1580062148
20, pasta4lyf, spnckwuiqfedxvgr, false, 1580062149
20, modulated_pikachu, SPNSPNCKWUIQFEDXAGR, false, 1580062149
20, geraltofrivia, spnckwuiqfedxzgr, false, 1580062149
20, modulated_pikachu, SPNSPNCKWUIQFEDXSGR, false, 1580062150
20, pasta4lyf, spnckwuiqfedxwgr, false, 1580062151
20, modulated_pikachu, SPNSPNCKWUIQFEDXDGR, false, 1580062151
20, modulated_pikachu, SPNSPNCKWUIQFEDXFDGR, false, 1580062152
20, pasta4lyf, spnckwuiqfedxxgr, false, 1580062154
20, modulated_pikachu, SPNSPNCKWUIQFEDXFGR, false, 1580062154
20, modulated_pikachu, SPNSPNCKWUIQFEDXGGR, false, 1580062155
20, pasta4lyf, spnckwuiqfedxygr, false, 1580062155
20, modulated_pikachu, SPNSPNCKWUIQFEDXHGR, false, 1580062156
20, pasta4lyf, spnckwuiqfedxzgr, false, 1580062157
20, modulated_pikachu, SPNSPNCKWUIQFEDXJGR, false, 1580062157
20, pasta4lyf, spnckwuiqfedx448gr, false, 1580062159
20, pasta4lyf, spnckwuiqfedxgr, false, 1580062162
20, pasta4lyf, spnckwuiqfedxgr, false, 1580062163
20, pasta4lyf, spnckwuiqfedxgr, false, 1580062163
20, pasta4lyf, spnckwuiqfedxgr, false, 1580062163
20, pasta4lyf, spnckwuiqfedxgr, false, 1580062163
20, pasta4lyf, spnckwuiqfedxgr, false, 1580062163
20, pasta4lyf, spnckwuiqfedxagr, false, 1580062189
20, pasta4lyf, spnckwuiqfedxbgr, false, 1580062190
20, pasta4lyf, spnckwuiqfedxcgr, false, 1580062191
20, pasta4lyf, spnckwuiqfedxdgr, false, 1580062192
20, pasta4lyf, spnckwuiqfedxegr, false, 1580062193
20, pasta4lyf, spnckwuiqfedxfgr, false, 1580062195
20, pasta4lyf, spnckwuiqfedxggr, false, 1580062196
20, pasta4lyf, spnckwuiqfedxhgr, false, 1580062197
20, pasta4lyf, spnckwuiqfedxigr, false, 1580062198
20, pasta4lyf, spnckwuiqfedxjgr, false, 1580062199
20, pasta4lyf, spnckwuiqfedxkgr, false, 1580062200
20, TheDemigod, spaceodyssey, false, 1580062200
20, pasta4lyf, spnckwuiqfedxlgr, false, 1580062202
20, pasta4lyf, spnckwuiqfedxmgr, false, 1580062204
20, pasta4lyf, spnckwuiqfedxngr, false, 1580062205
20, pasta4lyf, spnckwuiqfedxogr, false, 1580062207
20, pasta4lyf, spnckwuiqfedxpgr, false, 1580062208
20, pasta4lyf, spnckwuiqfedxqgr, false, 1580062209
20, pasta4lyf, spnckwuiqfedxrgr, false, 1580062210
20, pasta4lyf, spnckwuiqfedxsgr, false, 1580062211
20, pasta4lyf, spnckwuiqfedxtgr, false, 1580062212
20, pasta4lyf, spnckwuiqfedxugr, false, 1580062214
20, pasta4lyf, spnckwuiqfedxvgr, false, 1580062216
20, pasta4lyf, spnckwuiqfedxwgr, false, 1580062217
20, pasta4lyf, spnckwuiqfedxugr, false, 1580062244
20, pasta4lyf, spnckwuiqfedxvgr, false, 1580062246
20, pasta4lyf, spnckwuiqfedxwgr, false, 1580062248
20, pasta4lyf, spnckwuiqfedxxgr, false, 1580062249
20, pasta4lyf, spnckwuiqfedxygr, false, 1580062250
20, pasta4lyf, spnckwuiqfedxzgr, false, 1580062252
20, geraltofrivia, spnckwuiqfedgr, false, 1580062372
20, CS19BTECH11045@iith.ac.in, octave, false, 1580062375
20, CS19BTECH11045@iith.ac.in, saregama, false, 1580062382
20, CS19BTECH11045@iith.ac.in, doremafa, false, 1580062394
20, Brokeigma, specialnotes, false, 1580062399
20, vedantsingh1404, gg, false, 1580062486
20, Brokeigma, sphygmomanometer, false, 1580062488
20, Brokeigma, spectroheliogram, false, 1580062503
20, ysh_suvarna, spnckwuiqfedx?gr, false, 1580062510
20, modulated_pikachu, spnckwuiqfedxqgr, false, 1580062515
20, modulated_pikachu, spnckwuiqfedxwgr, false, 1580062517
20, modulated_pikachu, spnckwuiqfedxegr, false, 1580062518
20, modulated_pikachu, spnckwuiqfedxrgr, false, 1580062519
20, modulated_pikachu, spnckwuiqfedxtgr, false, 1580062520
20, modulated_pikachu, spnckwuiqfedxygr, false, 1580062521
20, Brokeigma, spnckwuiqfedx?gr, false, 1580062521
20, modulated_pikachu, spnckwuiqfedxugr, false, 1580062522
20, modulated_pikachu, spnckwuiqfedxigr, false, 1580062523
20, modulated_pikachu, spnckwuiqfedxogr, false, 1580062524
20, modulated_pikachu, spnckwuiqfedxpgr, false, 1580062525
20, ysh_suvarna, spnckwuiqfedxbgr, false, 1580062525
20, modulated_pikachu, spnckwuiqfedxagr, true, 1580062526
20, Brokeigma, spnckwuiqfedxagr, true, 1580062529
20, ronnie_36, spnckwuiqfedxagr, true, 1580062538
20, tushartiwariofficial, spnckwuiqfedxzgr, false, 1580062538
20, Tabzzzzzzzz, asd, false, 1580062543
20, tushartiwariofficial, spnckwuiqfedxagr, true, 1580062548
20, Radicalidol, spnckwuiqfedxagr, true, 1580062559
20, Tabzzzzzzzz, sddsaasdasd, false, 1580062560
20, niyati10, spnckwuiqfedxagr, true, 1580062562
20, omaewamoushindeiru, spnckwuiqfedxagr, true, 1580062576
20, ysh_suvarna, spnckwuiqfedxagr, true, 1580062582
20, TheDemigod, spellingbee, false, 1580062614
20, MishuAnubis, adasdasdasdasd, false, 1580062625
20, GreenEarthEagle, x, false, 1580062699
20, Tabzzzzzzzz, SP, false, 1580062731
20, Tabzzzzzzzz, SP, false, 1580062736
20, aaabattery, spnckwuiqfedxagr, true, 1580062759
20, MishuAnubis, spadasdasdasdasd, false, 1580062778
20, Tabzzzzzzzz, SP, false, 1580062786
20, Tabzzzzzzzz, SP, false, 1580062801
20, bhanushali, spnckwuiqfedxagr, true, 1580062860
20, Elephantsfoot, spiesindisguise, false, 1580063030
20, Elephantsfoot, spiesindisguise, false, 1580063034
20, Elephantsfoot, spiesindisguise, false, 1580063034
20, anand._.10, spnckwuiqfedxagr, true, 1580063105
20, architojha2001, spnckwuiqfedxagr, true, 1580063177
20, Tabzzzzzzzz, SP, false, 1580063595
20, Tabzzzzzzzz, SP, false, 1580063609
20, Kamikaze, spnekwuiqfedxr, false, 1580063636
20, Kamikaze, spnekwuiqfedxq, false, 1580063641
20, Kamikaze, spnekwuiqfedxw, false, 1580063642
20, Kamikaze, spnekwuiqfedxr, false, 1580063644
20, Kamikaze, spnekwuiqfedxr, false, 1580063645
20, Kamikaze, spnekwuiqfedxr, false, 1580063645
20, GreenEarthEagle, spnckwuiqfedxagr, true, 1580063656
20, Kamikaze, spnekwuiqfeaxr, false, 1580063661
20, DefaultHasAnL, spnckwuiqfedxagr, true, 1580063672
20, MishuAnubis, spnckwuiqfedxagr, true, 1580063682
20, iBlyatiful, spnckwuiqfedxagr, true, 1580063685
20, Kamikaze, spnckwuiqfedxagr, true, 1580063686
20, Tabzzzzzzzz, spnckwuiqfedxagr, true, 1580063698
20, ayamrage, spnckwuiqfedxagr, true, 1580063701
20, ModiShallNotGiveHints, spnckwuiqfedxagr, true, 1580063945
20, TheDemigod, spnckcuyqfedxagr, false, 1580064101
20, TheDemigod, spnckcuyqfedxbgr, false, 1580064107
20, TheDemigod, spnckcuyqfedxbgr, false, 1580064116
20, TheDemigod, spnckcuyqfedxcgr, false, 1580064118
20, TheDemigod, spnckcuyqfedxdgr, false, 1580064120
20, TheDemigod, spnckcuyqfedxegr, false, 1580064121
20, TheDemigod, spnckcuyqfedxfgr, false, 1580064123
20, TheDemigod, spnckcuyqfedxggr, false, 1580064125
20, TheDemigod, spnckcuyqfedxhgr, false, 1580064127
20, TheDemigod, spnckcuyqfedxigr, false, 1580064130
20, TheDemigod, spnckcuyqfedxjgr, false, 1580064135
20, TheDemigod, spnckcuyqfedxkgr, false, 1580064136
20, TheDemigod, spnckcuyqfedxlgr, false, 1580064139
20, TheDemigod, spnckcuyqfedxmgr, false, 1580064143
20, TheDemigod, spnckcuyqfedxngr, false, 1580064145
20, TheDemigod, spnckcuyqfedxogr, false, 1580064146
20, TheDemigod, spnckcuyqfedxpgr, false, 1580064149
20, TheDemigod, spnckcuyqfedxqgr, false, 1580064150
20, TheDemigod, spnckcuyqfedxrgr, false, 1580064152
20, TheDemigod, spnckcuyqfedxsgr, false, 1580064155
20, TheDemigod, spnckcuyqfedxtgr, false, 1580064157
20, TheDemigod, spnckcuyqfedxugr, false, 1580064158
20, TheDemigod, spnckcuyqfedxvgr, false, 1580064160
20, TheDemigod, spnckcuyqfedxugr, false, 1580064162
20, TheDemigod, spnckcuyqfedxwgr, false, 1580064164
20, TheDemigod, spnckcuyqfedxxgr, false, 1580064166
20, TheDemigod, spnckcuyqfedxygr, false, 1580064168
20, TheDemigod, spnckcuyqfedxzgr, false, 1580064169
20, hazy.......007, spn, false, 1580064565
20, hazy.......007, spn, false, 1580064565
20, hazy.......007, spnckwuiqfedx, false, 1580064600
20, hazy.......007, spnckwuiqfedx?gr, false, 1580064607
20, hazy.......007, spnckwuiqfedxagr, true, 1580064628
20, TheDemigod, spnckwuyqfedxgr, false, 1580064679
20, TheDemigod, spnckwuyqfedxagr, false, 1580064687
20, TheDemigod, spnckwuyqfedxbgr, false, 1580064689
20, TheDemigod, spnckwuyqfedxgr, false, 1580064690
20, TheDemigod, spnckwuyqfedxbgr, false, 1580064695
20, TheDemigod, spnckwuyqfedxcgr, false, 1580064699
20, TheDemigod, spnckwuyqfedxdgr, false, 1580064700
20, TheDemigod, spnckwuyqfedxegr, false, 1580064701
20, TheDemigod, spnckwuyqfedxfgr, false, 1580064703
20, TheDemigod, spnckwuyqfedxggr, false, 1580064704
20, TheDemigod, spnckwuyqfedxhgr, false, 1580064706
20, TheDemigod, spnckwuyqfedxigr, false, 1580064707
20, TheDemigod, spnckwuyqfedxjgr, false, 1580064708
20, TheDemigod, spnckwuyqfedxjkgr, false, 1580064710
20, TheDemigod, spnckwuyqfedxjlgr, false, 1580064711
20, TheDemigod, spnckwuyqfedxjmgr, false, 1580064712
20, TheDemigod, spnckwuyqfedxjngr, false, 1580064713
20, TheDemigod, spnckwuyqfedxjogr, false, 1580064716
20, TheDemigod, spnckwuyqfedxjpgr, false, 1580064717
20, TheDemigod, spnckwuyqfedxjqgr, false, 1580064720
20, TheDemigod, spnckwuyqfedxjqrgr, false, 1580064721
20, TheDemigod, spnckwuyqfedxjqsgr, false, 1580064722
20, TheDemigod, spnckwuyqfedxjqtgr, false, 1580064723
20, TheDemigod, spnckwuyqfedxjqugr, false, 1580064724
20, TheDemigod, spnckwuyqfedxjqvgr, false, 1580064726
20, TheDemigod, spnckwuyqfedxjqwgr, false, 1580064727
20, TheDemigod, spnckwuyqfedxjqxgr, false, 1580064729
20, TheDemigod, spnckwuyqfedxjqygr, false, 1580064731
20, TheDemigod, spnckwuyqfedxjqyzgr, false, 1580064731
20, TheDemigod, spnckwuyqfedxgr, false, 1580064919
20, TheDemigod, spnckwuyqfedx_gr, false, 1580064926
20, flitwick, spnckwuiqfedxagr, true, 1580065144
20, TheDemigod, spnckwuiqfedxagr, true, 1580065153
20, TERABAAP, beatles, false, 1580065330
20, TERABAAP, thebeatles, false, 1580065337
20, TERABAAP, rock, false, 1580065340
20, TERABAAP, po, false, 1580065343
20, TERABAAP, pop, false, 1580065345
20, LordFaramir, spnckwuiqfedxagr, true, 1580065575
20, TERABAAP, temperament, false, 1580065742
20, Elephantsfoot, spnckwuiqfedxagr, true, 1580065800
20, TERABAAP, spectrum, false, 1580065905
20, TERABAAP, spheres, false, 1580065922
20, arthurpendragon, myxspitlik, false, 1580066302
20, arthurpendragon, myxsptlyk, false, 1580066309
20, arthurpendragon, neonmonarchy, false, 1580066333
20, arthurpendragon, spnckwuiqfedxagr, true, 1580066394
20, TERABAAP, spectronichybrid, false, 1580067071
20, TERABAAP, jioh, false, 1580067077
