21, AdminAdmin, masterworks, true, 1579995711
21, AdminAdmin, masterworks, true, 1580045296
21, AdminisGod, masterworks, true, 1580048406
21, pasta4lyf, spnckwuiqfedx?gr, false, 1580062461
21, tushartiwariofficial, spnckwuiqfedxagr, false, 1580062548
21, tushartiwariofficial, spnckwuiqfedxagr, false, 1580062550
21, niyati10, spnckwuiqfedxagr, false, 1580062562
21, niyati10, spnckwuiqfedxagr, false, 1580062566
21, pasta4lyf, spnckwuiqfedxagr, false, 1580062568
21, omaewamoushindeiru, davidbowie, false, 1580062591
21, geraltofrivia, davidbowie, false, 1580062596
21, geraltofrivia, davidbowie, false, 1580062598
21, omaewamoushindeiru, spaceoddity, false, 1580062600
21, modulated_pikachu, spaceoddity, false, 1580062602
21, geraltofrivia, spaceaudity, false, 1580062604
21, modulated_pikachu, davidbowie, false, 1580062606
21, tushartiwariofficial, 43, false, 1580062622
21, ronnie_36, balletflat, false, 1580062632
21, Brokeigma, eleven, false, 1580062643
21, Brokeigma, 911, false, 1580062648
21, ronnie_36, 00, false, 1580062652
21, Brokeigma, nineeleven, false, 1580062654
21, ronnie_36, 13, false, 1580062658
21, Brokeigma, nineleven, false, 1580062659
21, ronnie_36, 57, false, 1580062664
21, Brokeigma, elevenine, false, 1580062666
21, ronnie_36, 11, false, 1580062668
21, Brokeigma, elevennine, false, 1580062671
21, ronnie_36, 10, false, 1580062672
21, ronnie_36, 09, false, 1580062676
21, ronnie_36, 08, false, 1580062682
21, ronnie_36, 07, false, 1580062687
21, ronnie_36, 06, false, 1580062691
21, ronnie_36, 05, false, 1580062693
21, ronnie_36, 04, false, 1580062695
21, ronnie_36, 44, false, 1580062700
21, ronnie_36, 42, false, 1580062703
21, ronnie_36, 46, false, 1580062705
21, ronnie_36, 48, false, 1580062708
21, Brokeigma, nineoneone, false, 1580062711
21, ronnie_36, 50, false, 1580062711
21, Brokeigma, 911, false, 1580062717
21, Brokeigma, sixtynine, false, 1580062777
21, Brokeigma, 69, false, 1580062782
21, Brokeigma, nineteenninetysix, false, 1580062811
21, Brokeigma, 1996, false, 1580062818
21, ysh_suvarna, ltor, false, 1580062850
21, niyati10, fashfret, false, 1580062873
21, niyati10, tssfashfret, false, 1580062886
21, Brokeigma, weej, false, 1580062889
21, pasta4lyf, showmustgoon, false, 1580062893
21, pasta4lyf, queen, false, 1580062895
21, pasta4lyf, freddiemercury, false, 1580062899
21, pasta4lyf, binary, false, 1580062993
21, Brokeigma, newyorkrockersinterpol, false, 1580063010
21, Brokeigma, newyorkrockers, false, 1580063017
21, omaewamoushindeiru, elan, false, 1580063022
21, pasta4lyf, elan, false, 1580063024
21, omaewamoushindeiru, elanandnvision, false, 1580063027
21, pasta4lyf, divine, false, 1580063029
21, omaewamoushindeiru, divine, false, 1580063030
21, pasta4lyf, abhishekupmanyu, false, 1580063038
21, Brokeigma, turnonthebrightlights, false, 1580063055
21, tushartiwariofficial, 63, false, 1580063081
21, ronnie_36, 63, false, 1580063082
21, tushartiwariofficial, 36, false, 1580063091
21, ysh_suvarna, six, false, 1580063091
21, pasta4lyf, perfect number, false, 1580063095
21, aaabattery, six, false, 1580063098
21, pasta4lyf, perfectnumber, false, 1580063098
21, ysh_suvarna, perfectnumber, false, 1580063100
21, niyati10, crisscross, false, 1580063103
21, niyati10, barlacing, false, 1580063112
21, bhanushali, sixtythree, false, 1580063113
21, ysh_suvarna, xis, false, 1580063125
21, niyati10, barlace, false, 1580063149
21, aaabattery, sixtyone, false, 1580063160
21, aaabattery, sixtytwo, false, 1580063163
21, aaabattery, sixtythree, false, 1580063167
21, aaabattery, sixtyfour, false, 1580063171
21, aaabattery, sixtyfive, false, 1580063173
21, aaabattery, sixtysix, false, 1580063178
21, aaabattery, sixtyseven, false, 1580063180
21, aaabattery, sixtyeight, false, 1580063183
21, aaabattery, sixtynine, false, 1580063187
21, ronnie_36, derby, false, 1580063229
21, pasta4lyf, sixtynine, false, 1580063240
21, omaewamoushindeiru, sixtynine, false, 1580063241
21, ronnie_36, thirtysix, false, 1580063241
21, modulated_pikachu, sixtynine, false, 1580063245
21, ronnie_36, sixtythree, false, 1580063249
21, modulated_pikachu, threesixtynine, false, 1580063251
21, tushartiwariofficial, sixetythree, false, 1580063254
21, aaabattery, sixteen, false, 1580063255
21, omaewamoushindeiru, groupsixtynine, false, 1580063256
21, ronnie_36, fortyfour, false, 1580063262
21, aaabattery, twentysix, false, 1580063264
21, omaewamoushindeiru, sixtyninegroup, false, 1580063265
21, ronnie_36, fortynine, false, 1580063267
21, aaabattery, thirtysix, false, 1580063271
21, tushartiwariofficial, eleven, false, 1580063272
21, ronnie_36, sixtynine, false, 1580063273
21, aaabattery, fourtysix, false, 1580063276
21, aaabattery, fiftysix, false, 1580063280
21, ronnie_36, ninetynine, false, 1580063281
21, aaabattery, seventysix, false, 1580063283
21, aaabattery, eightsix, false, 1580063286
21, aaabattery, eightysix, false, 1580063289
21, ronnie_36, eightythree, false, 1580063290
21, tushartiwariofficial, ninetysix, false, 1580063293
21, aaabattery, ninetysix, false, 1580063294
21, Brokeigma, 529, false, 1580063296
21, Brokeigma, fivetwentynine, false, 1580063307
21, Brokeigma, fivehundredtwentynine, false, 1580063317
21, Brokeigma, 21pilots, false, 1580063328
21, Brokeigma, twentyonepilots, false, 1580063337
21, niyati10, google, false, 1580063380
21, niyati10, googleshoelace, false, 1580063386
21, niyati10, shoelace, false, 1580063393
21, niyati10, aglet, false, 1580063397
21, niyati10, phineasandferb, false, 1580063403
21, anand._.10, twoband, false, 1580063418
21, niyati10, loops, false, 1580063429
21, Radicalidol, highwaytohell, false, 1580063445
21, Radicalidol, ledzeppelin, false, 1580063450
21, ronnie_36, sixtyeight, false, 1580063454
21, Radicalidol, highwaytoheaven, false, 1580063456
21, ronnie_36, thirtyfour, false, 1580063471
21, modulated_pikachu, greatestshowman, false, 1580063503
21, niyati10, johnson, false, 1580063559
21, niyati10, johnsoncitypress, false, 1580063565
21, niyati10, johnsoncitypress, false, 1580063573
21, ronnie_36, thirtyfour, false, 1580063615
21, tushartiwariofficial, sixetyone, false, 1580063636
21, Brokeigma, sixtythree, false, 1580063640
21, tushartiwariofficial, sixetytwo, false, 1580063643
21, tushartiwariofficial, sixetytwo, false, 1580063645
21, Brokeigma, thirtysix, false, 1580063647
21, Brokeigma, 63, false, 1580063650
21, tushartiwariofficial, sixetythree, false, 1580063652
21, Brokeigma, 36, false, 1580063654
21, tushartiwariofficial, sixetyfour, false, 1580063659
21, tushartiwariofficial, sixetyfive, false, 1580063667
21, tushartiwariofficial, sixetysix, false, 1580063673
21, ysh_suvarna, sixtynine, false, 1580063674
21, niyati10, sixtynine, false, 1580063677
21, ysh_suvarna, 69, false, 1580063677
21, ysh_suvarna, 96, false, 1580063680
21, niyati10, sixtynine, false, 1580063681
21, ronnie_36, sixtynine, false, 1580063682
21, tushartiwariofficial, sixetyseven, false, 1580063684
21, niyati10, sixtynine, false, 1580063684
21, tushartiwariofficial, sixetyseven, false, 1580063685
21, ronnie_36, sixtythree, false, 1580063692
21, ysh_suvarna, sixmembersandthreemembers, false, 1580063694
21, tushartiwariofficial, sixetyeight, false, 1580063694
21, tushartiwariofficial, sixetynine, false, 1580063704
21, pasta4lyf, zero, false, 1580063706
21, tushartiwariofficial, sixety, false, 1580063710
21, ysh_suvarna, nine, false, 1580063714
21, tushartiwariofficial, sixety, false, 1580063717
21, ysh_suvarna, one, false, 1580063719
21, ysh_suvarna, two, false, 1580063722
21, ysh_suvarna, three, false, 1580063725
21, ysh_suvarna, four, false, 1580063727
21, ysh_suvarna, five, false, 1580063729
21, ysh_suvarna, six, false, 1580063731
21, ysh_suvarna, seven, false, 1580063734
21, ysh_suvarna, eight, false, 1580063740
21, ysh_suvarna, eight, false, 1580063740
21, niyati10, sixmembers, false, 1580063742
21, pasta4lyf, niravana, false, 1580063742
21, ysh_suvarna, nine, false, 1580063743
21, pasta4lyf, pearljam, false, 1580063744
21, ysh_suvarna, ten, false, 1580063745
21, niyati10, threemembers, false, 1580063747
21, ysh_suvarna, eleven, false, 1580063749
21, ayamrage, adidas, false, 1580063752
21, pasta4lyf, mozart, false, 1580063752
21, niyati10, 6members, false, 1580063754
21, pasta4lyf, salieri, false, 1580063755
21, ayamrage, adidasvsnike, false, 1580063756
21, ronnie_36, meerasamadhiya, false, 1580063757
21, ysh_suvarna, twevle, false, 1580063759
21, niyati10, 3members, false, 1580063759
21, ayamrage, adidasvspuma, false, 1580063760
21, ysh_suvarna, thriteen, false, 1580063763
21, ysh_suvarna, fourteen, false, 1580063767
21, GreenEarthEagle, joker, false, 1580063769
21, niyati10, sixandthreemembers, false, 1580063769
21, ysh_suvarna, yahs, false, 1580063769
21, ysh_suvarna, derby, false, 1580063775
21, pasta4lyf, pearljam, false, 1580063777
21, pasta4lyf, oasis, false, 1580063779
21, pasta4lyf, blur, false, 1580063785
21, ayamrage, adidasvpuma, false, 1580063788
21, ayamrage, adidaspuma, false, 1580063789
21, ayamrage, Herzogenaurach, false, 1580063791
21, GreenEarthEagle, theprestige, false, 1580063793
21, ayamrage, herzogenaurach, false, 1580063794
21, GreenEarthEagle, prestige, false, 1580063795
21, GreenEarthEagle, thepressurecooker, false, 1580063799
21, GreenEarthEagle, pressurecooker, false, 1580063801
21, ayamrage, thetownofbentnecks, false, 1580063810
21, ayamrage, townofbentnecks, false, 1580063813
21, pasta4lyf, tupac, false, 1580063826
21, pasta4lyf, biggie, false, 1580063828
21, anand._.10, sex, false, 1580063847
21, Brokeigma, benjaminboone, false, 1580063848
21, anand._.10, ex, false, 1580063849
21, Brokeigma, benjaminboone, false, 1580063862
21, Brokeigma, boonebenjamin, false, 1580063869
21, ronnie_36, meerasamadhiya, false, 1580063883
21, ronnie_36, 185000, false, 1580063889
21, GreenEarthEagle, selvaraj, false, 1580063889
21, tushartiwariofficial, thirteen, false, 1580063897
21, ronnie_36, unchipped, false, 1580063918
21, pasta4lyf, birdman, false, 1580063923
21, omaewamoushindeiru, birdman, false, 1580063925
21, ronnie_36, weeddemon, false, 1580063926
21, tushartiwariofficial, sixfiftyseven, false, 1580063927
21, pasta4lyf, lalaland, false, 1580063929
21, pasta4lyf, openingnight, false, 1580063961
21, MishuAnubis, 42, false, 1580063978
21, MishuAnubis, nokia, false, 1580063982
21, MishuAnubis, answer, false, 1580063986
21, ayamrage, onedirection, false, 1580063990
21, MishuAnubis, gameofthrones, false, 1580063993
21, ronnie_36, columbusgnarbeque, false, 1580063995
21, MishuAnubis, sherlockholmes, false, 1580063999
21, MishuAnubis, cryptex, false, 1580064004
21, ayamrage, okoyono, false, 1580064020
21, MishuAnubis, , false, 1580064047
21, Brokeigma, davidfoster, false, 1580064110
21, Brokeigma, davidfoster, false, 1580064113
21, pasta4lyf, aglet, false, 1580064129
21, pasta4lyf, phineasandferb, false, 1580064133
21, tushartiwariofficial, imaginedragons, false, 1580064151
21, modulated_pikachu, imaginedragons, false, 1580064153
21, ronnie_36, imaginedragon, false, 1580064153
21, niyati10, imaginedragons, false, 1580064155
21, ronnie_36, imaginedragons, false, 1580064155
21, modulated_pikachu, billboardrock, false, 1580064159
21, ysh_suvarna, imaginedragons, false, 1580064160
21, modulated_pikachu, rocktop100, false, 1580064162
21, pasta4lyf, imaginedragons, false, 1580064164
21, pasta4lyf, radioactive, false, 1580064167
21, modulated_pikachu, believer, false, 1580064167
21, modulated_pikachu, thunder, false, 1580064170
21, pasta4lyf, itstime, false, 1580064170
21, pasta4lyf, demons, false, 1580064172
21, Brokeigma, imaginedragons, false, 1580064174
21, bhanushali, imaginedragons, false, 1580064201
21, Brokeigma, 143records, false, 1580064240
21, modulated_pikachu, batman, false, 1580064248
21, modulated_pikachu, batmanhush, false, 1580064250
21, Brokeigma, onehundredfortythreerecords, false, 1580064255
21, modulated_pikachu, joker, false, 1580064261
21, modulated_pikachu, earth616, false, 1580064276
21, modulated_pikachu, earth616, false, 1580064282
21, bhanushali, lorde, false, 1580064326
21, ronnie_36, visualarts, false, 1580064328
21, GreenEarthEagle, one, false, 1580064330
21, DefaultHasAnL, 0, false, 1580064332
21, GreenEarthEagle, two, false, 1580064332
21, DefaultHasAnL, 1, false, 1580064333
21, ronnie_36, visualart, false, 1580064333
21, modulated_pikachu, scottpilgrimvstheworld, false, 1580064333
21, DefaultHasAnL, 2, false, 1580064333
21, GreenEarthEagle, three, false, 1580064333
21, DefaultHasAnL, one, false, 1580064335
21, GreenEarthEagle, four, false, 1580064335
21, modulated_pikachu, scottpilgrim, false, 1580064336
21, DefaultHasAnL, two, false, 1580064336
21, GreenEarthEagle, five, false, 1580064338
21, DefaultHasAnL, zero, false, 1580064338
21, modulated_pikachu, queen, false, 1580064339
21, GreenEarthEagle, six, false, 1580064339
21, DefaultHasAnL, three, false, 1580064340
21, bhanushali, melodrama, false, 1580064341
21, DefaultHasAnL, four, false, 1580064342
21, GreenEarthEagle, seven, false, 1580064342
21, ronnie_36, microsoft, false, 1580064343
21, DefaultHasAnL, five, false, 1580064343
21, DefaultHasAnL, six, false, 1580064345
21, GreenEarthEagle, eight, false, 1580064345
21, DefaultHasAnL, seven, false, 1580064346
21, GreenEarthEagle, nine, false, 1580064347
21, bhanushali, melodramaworldtour, false, 1580064348
21, DefaultHasAnL, eight, false, 1580064348
21, DefaultHasAnL, nine, false, 1580064349
21, GreenEarthEagle, zero, false, 1580064350
21, modulated_pikachu, rhapsody, false, 1580064354
21, DefaultHasAnL, ten, false, 1580064354
21, tushartiwariofficial, thirtysix, false, 1580064360
21, tushartiwariofficial, thirtysixmafia, false, 1580064364
21, pasta4lyf, jarule, false, 1580064376
21, modulated_pikachu, jarule, false, 1580064376
21, modulated_pikachu, joemom, false, 1580064378
21, pasta4lyf, eminem, false, 1580064378
21, modulated_pikachu, eminem, false, 1580064381
21, modulated_pikachu, opposite, false, 1580064385
21, ayamrage, fifthavenue, false, 1580064399
21, tushartiwariofficial, fortyone, false, 1580064411
21, aaabattery, edsheeran, false, 1580064494
21, GreenEarthEagle, p=np, false, 1580064502
21, GreenEarthEagle, =, false, 1580064504
21, GreenEarthEagle, tarantino, false, 1580064566
21, pasta4lyf, porcupinetree, false, 1580064591
21, pasta4lyf, trains, false, 1580064594
21, pasta4lyf, opeth, false, 1580064596
21, pasta4lyf, reveries, false, 1580064600
21, pasta4lyf, ghostreveries, false, 1580064604
21, ysh_suvarna, sneakers, false, 1580064618
21, ysh_suvarna, shoes, false, 1580064632
21, ysh_suvarna, shoe, false, 1580064633
21, omaewamoushindeiru, sixtysix, false, 1580064636
21, GreenEarthEagle, 8110, false, 1580064655
21, ysh_suvarna, beliver, false, 1580064658
21, tushartiwariofficial, nikkisixx, false, 1580064666
21, ysh_suvarna, believer, false, 1580064683
21, ysh_suvarna, intheend, false, 1580064696
21, GreenEarthEagle, sixsix, false, 1580064741
21, GreenEarthEagle, sixstyix, false, 1580064744
21, GreenEarthEagle, sixtyix, false, 1580064745
21, GreenEarthEagle, sixtysix, false, 1580064747
21, modulated_pikachu, sixtythree, false, 1580064838
21, modulated_pikachu, threesix, false, 1580064842
21, modulated_pikachu, thirtysix, false, 1580064845
21, GreenEarthEagle, dropbox, false, 1580064847
21, GreenEarthEagle, dropbox, false, 1580064848
21, anand._.10, kl, false, 1580064860
21, anand._.10, kl, false, 1580064861
21, anand._.10, 1112, false, 1580064865
21, Brokeigma, six, false, 1580064867
21, GreenEarthEagle, companyofthieves, false, 1580064872
21, Brokeigma, 6, false, 1580064878
21, Brokeigma, nine, false, 1580064881
21, Brokeigma, ninetysix, false, 1580064888
21, Brokeigma, nineeleven, false, 1580064896
21, anand._.10, 110, false, 1580064898
21, anand._.10, 110, false, 1580064899
21, ayamrage, apple, false, 1580064900
21, Brokeigma, nineleven, false, 1580064901
21, anand._.10, 10, false, 1580064902
21, bhanushali, pride, false, 1580064904
21, Brokeigma, nine, false, 1580064905
21, anand._.10, eleven, false, 1580064907
21, bhanushali, gay, false, 1580064910
21, Brokeigma, eleven, false, 1580064911
21, anand._.10, oneeleven, false, 1580064913
21, anand._.10, oneten, false, 1580064917
21, tushartiwariofficial, sixone, false, 1580064933
21, GreenEarthEagle, thirtynine, false, 1580064935
21, tushartiwariofficial, sixtwo, false, 1580064936
21, anand._.10, six, false, 1580064938
21, tushartiwariofficial, sixthree, false, 1580064939
21, tushartiwariofficial, sixfour, false, 1580064944
21, tushartiwariofficial, sixfive, false, 1580064947
21, ysh_suvarna, sixetysix, false, 1580064949
21, ronnie_36, threesix, false, 1580064950
21, tushartiwariofficial, sixsix, false, 1580064952
21, tushartiwariofficial, sixseven, false, 1580064954
21, ysh_suvarna, sixs, false, 1580064957
21, tushartiwariofficial, sixeight, false, 1580064959
21, ysh_suvarna, sxi, false, 1580064960
21, ysh_suvarna, ixs, false, 1580064962
21, tushartiwariofficial, sixnine, false, 1580064963
21, ysh_suvarna, xis, false, 1580064964
21, tushartiwariofficial, sixzero', false, 1580064967
21, tushartiwariofficial, sixzero, false, 1580064969
21, ayamrage, ramalayam, false, 1580064974
21, Brokeigma, pervert, false, 1580064974
21, Brokeigma, gay, false, 1580064979
21, Brokeigma, lesbian, false, 1580064983
21, Brokeigma, homo, false, 1580064987
21, tushartiwariofficial, sixthirteen, false, 1580064990
21, Brokeigma, homosexual, false, 1580064991
21, ayamrage, sobhanbabu, false, 1580064992
21, ayamrage, kbaburao, false, 1580065003
21, ysh_suvarna, xissix, false, 1580065004
21, Brokeigma, sexy, false, 1580065006
21, ysh_suvarna, xisix, false, 1580065007
21, Brokeigma, sixthsense, false, 1580065013
21, Brokeigma, sixth, false, 1580065017
21, tushartiwariofficial, evesix, false, 1580065019
21, Kamikaze, 9864120753, false, 1580065024
21, tushartiwariofficial, eve6, false, 1580065024
21, tushartiwariofficial, eve-6, false, 1580065027
21, Brokeigma, 6ixth, false, 1580065056
21, Brokeigma, 6ixthsense, false, 1580065060
21, Brokeigma, 6ixthsenseband, false, 1580065062
21, Brokeigma, 6ix, false, 1580065066
21, tushartiwariofficial, thirtysix, false, 1580065068
21, tushartiwariofficial, thirtysixmafia, false, 1580065070
21, Brokeigma, 6iv, false, 1580065072
21, Brokeigma, 6vi, false, 1580065076
21, Brokeigma, vi6, false, 1580065079
21, Brokeigma, vix, false, 1580065082
21, ayamrage, battleofthebands, false, 1580065091
21, GreenEarthEagle, 6293906064, false, 1580065092
21, MishuAnubis, 9864120753, false, 1580065093
21, GreenEarthEagle, 9864120753, false, 1580065099
21, GreenEarthEagle, 3570214689, false, 1580065104
21, tushartiwariofficial, sixdragons, false, 1580065106
21, Brokeigma, sixtyfour, false, 1580065131
21, ronnie_36, sixteen, false, 1580065137
21, ayamrage, fightclub, false, 1580065141
21, Brokeigma, fortysix, false, 1580065149
21, Brokeigma, 64, false, 1580065152
21, Brokeigma, 46, false, 1580065156
21, anand._.10, seven, false, 1580065166
21, GreenEarthEagle, 329, false, 1580065168
21, Brokeigma, 6ix, false, 1580065168
21, anand._.10, one, false, 1580065171
21, Brokeigma, ix6, false, 1580065172
21, GreenEarthEagle, threehundredtwentynine, false, 1580065173
21, anand._.10, two, false, 1580065174
21, GreenEarthEagle, threehundredandtwentynine, false, 1580065176
21, Brokeigma, 6ix9, false, 1580065177
21, anand._.10, three, false, 1580065178
21, Brokeigma, 6ix9ine, false, 1580065180
21, anand._.10, four, false, 1580065180
21, anand._.10, five, false, 1580065183
21, anand._.10, seven, false, 1580065187
21, anand._.10, eight, false, 1580065190
21, anand._.10, eight, false, 1580065192
21, anand._.10, nine, false, 1580065196
21, anand._.10, ten, false, 1580065198
21, MishuAnubis, 13434335442, false, 1580065210
21, aaabattery, dice, false, 1580065212
21, Brokeigma, shokran, false, 1580065216
21, anand._.10, seventy, false, 1580065264
21, anand._.10, answer, false, 1580065271
21, anand._.10, , false, 1580065273
21, tushartiwariofficial, sixone, false, 1580065286
21, tushartiwariofficial, sixtyone, false, 1580065289
21, ysh_suvarna, sixteyone, false, 1580065291
21, modulated_pikachu, dungeonsanddragons, false, 1580065293
21, tushartiwariofficial, onesix, false, 1580065294
21, ysh_suvarna, sixteen, false, 1580065296
21, tushartiwariofficial, sixteen, false, 1580065299
21, ysh_suvarna, 61, false, 1580065299
21, ysh_suvarna, 16, false, 1580065301
21, ysh_suvarna, die, false, 1580065323
21, ysh_suvarna, ddice, false, 1580065326
21, Brokeigma, sixteen, false, 1580065328
21, ysh_suvarna, dice, false, 1580065328
21, ysh_suvarna, die, false, 1580065330
21, Brokeigma, sixtyone, false, 1580065334
21, ronnie_36, sixtyone, false, 1580065335
21, ysh_suvarna, roll, false, 1580065335
21, Brokeigma, onesix, false, 1580065338
21, Brokeigma, sixone, false, 1580065342
21, ysh_suvarna, d6, false, 1580065343
21, Brokeigma, 16], false, 1580065344
21, Brokeigma, 16, false, 1580065346
21, Brokeigma, 61, false, 1580065348
21, GreenEarthEagle, sixtyseven, false, 1580065369
21, GreenEarthEagle, seventysix, false, 1580065371
21, TheDemigod, fortytwo, false, 1580065415
21, TheDemigod, fourtytwo, false, 1580065419
21, omaewamoushindeiru, sixeone, false, 1580065422
21, omaewamoushindeiru, sixethree, false, 1580065431
21, ysh_suvarna, thirtysix, false, 1580065434
21, TheDemigod, twentyfour, false, 1580065434
21, omaewamoushindeiru, sixetythree, false, 1580065436
21, Brokeigma, paperlace, false, 1580065437
21, ysh_suvarna, sixthree, false, 1580065439
21, omaewamoushindeiru, thirtysix, false, 1580065440
21, ysh_suvarna, 36, false, 1580065441
21, tushartiwariofficial, threesix, false, 1580065442
21, Brokeigma, lacepaper, false, 1580065443
21, ysh_suvarna, 63, false, 1580065443
21, tushartiwariofficial, thirtysix, false, 1580065446
21, Brokeigma, paperlace, false, 1580065448
21, tushartiwariofficial, sixtythree, false, 1580065452
21, tushartiwariofficial, sixthree, false, 1580065456
21, ronnie_36, sixtyfive, false, 1580065458
21, flitwick, 0135879246, false, 1580065460
21, ronnie_36, sixtyseven, false, 1580065467
21, ronnie_36, 65, false, 1580065473
21, omaewamoushindeiru, thirtysix, false, 1580065478
21, ronnie_36, 67, false, 1580065479
21, omaewamoushindeiru, 36, false, 1580065481
21, flitwick, 6429785310, false, 1580065490
21, omaewamoushindeiru, sixtynine, false, 1580065492
21, modulated_pikachu, sixtynine, false, 1580065494
21, omaewamoushindeiru, ninetysix, false, 1580065496
21, geraltofrivia, sixtynine, false, 1580065496
21, modulated_pikachu, ninetysix, false, 1580065498
21, omaewamoushindeiru, fifteen, false, 1580065500
21, geraltofrivia, ninetysix, false, 1580065501
21, bhanushali, sixtythree, false, 1580065503
21, modulated_pikachu, six, false, 1580065507
21, anand._.10, sxitynine, false, 1580065515
21, bhanushali, thirtysix, false, 1580065517
21, ronnie_36, fortyfive, false, 1580065517
21, omaewamoushindeiru, summerofsixetynine, false, 1580065519
21, pasta4lyf, summerof69, false, 1580065520
21, modulated_pikachu, summerofsixtynine, false, 1580065520
21, pasta4lyf, summerofsixtynine, false, 1580065522
21, geraltofrivia, summerofsixtynine, false, 1580065522
21, anand._.10, nintysix, false, 1580065523
21, modulated_pikachu, bryanadams, false, 1580065524
21, geraltofrivia, summerof69, false, 1580065525
21, TheDemigod, sixtynine, false, 1580065538
21, ronnie_36, thirtysix, false, 1580065539
21, geraltofrivia, studio69, false, 1580065541
21, modulated_pikachu, studiosixtynine, false, 1580065544
21, omaewamoushindeiru, studio60, false, 1580065544
21, TheDemigod, ninetysix, false, 1580065545
21, omaewamoushindeiru, summer69, false, 1580065548
21, modulated_pikachu, cryptexsixtynine, false, 1580065550
21, ronnie_36, twentyseven, false, 1580065556
21, modulated_pikachu, cryptexsixtynine, false, 1580065557
21, geraltofrivia, star69, false, 1580065560
21, flitwick, 9012534876, false, 1580065562
21, ronnie_36, ninetysix, false, 1580065574
21, iBlyatiful, 45823146709, false, 1580065580
21, flitwick, 6784352109, false, 1580065584
21, pasta4lyf, sixtynineeyes, false, 1580065584
21, omaewamoushindeiru, sham69, false, 1580065584
21, pasta4lyf, thesixtynineeyes, false, 1580065586
21, modulated_pikachu, sixtynineeyes, false, 1580065589
21, omaewamoushindeiru, shamsixetynine, false, 1580065590
21, iBlyatiful, 90764132854, false, 1580065591
21, anand._.10, thirtyone, false, 1580065595
21, anand._.10, thirtyone, false, 1580065595
21, anand._.10, thirtyone, false, 1580065596
21, omaewamoushindeiru, startsixetynine', false, 1580065596
21, omaewamoushindeiru, startsixetynine, false, 1580065599
21, omaewamoushindeiru, beatles, false, 1580065602
21, pasta4lyf, beatlesrollingstones, false, 1580065604
21, pasta4lyf, beatles, false, 1580065606
21, omaewamoushindeiru, rollingstones, false, 1580065606
21, geraltofrivia, beatlesrollingstone, false, 1580065607
21, pasta4lyf, thebeatles, false, 1580065607
21, Brokeigma, ltor, false, 1580065608
21, anand._.10, thirteen, false, 1580065608
21, pasta4lyf, therollingstones, false, 1580065611
21, geraltofrivia, rollingstonebeatles, false, 1580065613
21, Brokeigma, l2r, false, 1580065613
21, pasta4lyf, thewho, false, 1580065613
21, GreenEarthEagle, 9012534876, false, 1580065614
21, omaewamoushindeiru, rootstalk, false, 1580065615
21, pasta4lyf, woodstock, false, 1580065617
21, modulated_pikachu, woodstock, false, 1580065618
21, MishuAnubis, 9012534876, false, 1580065618
21, tushartiwariofficial, thirty, false, 1580065618
21, omaewamoushindeiru, woodstalk, false, 1580065618
21, ysh_suvarna, 15, false, 1580065620
21, Brokeigma, 6to9, false, 1580065621
21, geraltofrivia, woodstock, false, 1580065622
21, GreenEarthEagle, 6784352109, false, 1580065623
21, tushartiwariofficial, threezero, false, 1580065623
21, geraltofrivia, woodstockfestival, false, 1580065625
21, Brokeigma, 9to6, false, 1580065625
21, modulated_pikachu, ravishankar, false, 1580065628
21, tushartiwariofficial, zerothree, false, 1580065628
21, iBlyatiful, 9012534876, false, 1580065628
21, geraltofrivia, ravishankar, false, 1580065628
21, omaewamoushindeiru, ravishankar, false, 1580065629
21, pasta4lyf, creedenceclearwater, false, 1580065629
21, Brokeigma, 629, false, 1580065629
21, tushartiwariofficial, three, false, 1580065631
21, geraltofrivia, ravishankar, false, 1580065632
21, pasta4lyf, creedenceclearwaterrevival, false, 1580065632
21, Brokeigma, 926, false, 1580065633
21, omaewamoushindeiru, queen, false, 1580065639
21, tushartiwariofficial, sixty, false, 1580065639
21, geraltofrivia, jimmyhendrix, false, 1580065641
21, omaewamoushindeiru, jimihendrix, false, 1580065642
21, modulated_pikachu, jimihendrix, false, 1580065642
21, pasta4lyf, jimihendrix, false, 1580065643
21, geraltofrivia, jimmyhendricks, false, 1580065644
21, bhanushali, sixtynine, false, 1580065645
21, bhanushali, ninetysix, false, 1580065651
21, ronnie_36, landsat, false, 1580065660
21, omaewamoushindeiru, the69ers, false, 1580065675
21, omaewamoushindeiru, evievan, false, 1580065697
21, ysh_suvarna, sham, false, 1580065701
21, omaewamoushindeiru, ledzeppelin, false, 1580065701
21, pasta4lyf, sriswamistchidananda, false, 1580065704
21, ysh_suvarna, sham69, false, 1580065705
21, Brokeigma, twentysix, false, 1580065707
21, Brokeigma, sixtytwo, false, 1580065712
21, omaewamoushindeiru, heartofmarkness, false, 1580065718
21, Brokeigma, twosixteen, false, 1580065718
21, pasta4lyf, gratefuldead, false, 1580065722
21, Brokeigma, twohundredsixteen, false, 1580065725
21, Brokeigma, sixhundredtwenty, false, 1580065736
21, flitwick, edsheeran, false, 1580065737
21, pasta4lyf, sweetwater, false, 1580065737
21, flitwick, jamesblunt, false, 1580065739
21, omaewamoushindeiru, indiankanoon, false, 1580065746
21, modulated_pikachu, rollingstones, false, 1580065753
21, pasta4lyf, swamisatchidananda, false, 1580065754
21, modulated_pikachu, rollingstone, false, 1580065754
21, modulated_pikachu, therollingstone, false, 1580065757
21, modulated_pikachu, therollingstones, false, 1580065758
21, TheDemigod, 6780152349, false, 1580065775
21, geraltofrivia, dreamtheater, false, 1580065790
21, ysh_suvarna, led, false, 1580065794
21, ysh_suvarna, ledzeppelin, false, 1580065800
21, anand._.10, plaza, false, 1580065808
21, anand._.10, binary, false, 1580065814
21, anand._.10, binary, false, 1580065814
21, anand._.10, binary, false, 1580065814
21, anand._.10, binary, false, 1580065815
21, bhanushali, ninetysix, false, 1580065817
21, ayamrage, zakirmadala, false, 1580065840
21, pasta4lyf, jamesbond, false, 1580065843
21, GreenEarthEagle, bucklemyshoe, false, 1580065844
21, modulated_pikachu, trump, false, 1580065845
21, pasta4lyf, sergioleone, false, 1580065847
21, modulated_pikachu, endgame, false, 1580065849
21, GreenEarthEagle, onetwobucklemyshoe, false, 1580065849
21, modulated_pikachu, ravishankar, false, 1580065862
21, geraltofrivia, ravishankar, false, 1580065864
21, omaewamoushindeiru, renssallaer, false, 1580065865
21, pasta4lyf, quill, false, 1580065865
21, modulated_pikachu, quill, false, 1580065866
21, modulated_pikachu, twobands, false, 1580065871
21, pasta4lyf, santana, false, 1580065871
21, modulated_pikachu, linkinpark, false, 1580065875
21, tushartiwariofficial, threedognight, false, 1580065879
21, flitwick, apple, false, 1580065880
21, pasta4lyf, pinkfloyd, false, 1580065882
21, modulated_pikachu, pinkfloyd, false, 1580065882
21, flitwick, applerecords, false, 1580065882
21, modulated_pikachu, pink, false, 1580065884
21, geraltofrivia, pinkfloyd, false, 1580065885
21, TheDemigod, 674352109, false, 1580065885
21, modulated_pikachu, floyd, false, 1580065885
21, modulated_pikachu, floydmayweather, false, 1580065889
21, tushartiwariofficial, threedaysgrace, false, 1580065893
21, pasta4lyf, janisjoplin, false, 1580065893
21, pasta4lyf, thewho, false, 1580065901
21, modulated_pikachu, floydmayweather, false, 1580065902
21, modulated_pikachu, eminem, false, 1580065909
21, tushartiwariofficial, funboythree, false, 1580065910
21, omaewamoushindeiru, jeffbeck, false, 1580065913
21, omaewamoushindeiru, jeffbeckgroup, false, 1580065915
21, tushartiwariofficial, thethreedegrees, false, 1580065916
21, TheDemigod, peonies, false, 1580065951
21, omaewamoushindeiru, vanillafudge, false, 1580065952
21, omaewamoushindeiru, ironbutterly, false, 1580065965
21, omaewamoushindeiru, ironbutterfly, false, 1580065967
21, omaewamoushindeiru, atlanticrecords, false, 1580065974
21, flitwick, yes, false, 1580065974
21, flitwick, 90125, false, 1580065977
21, flitwick, yestheory, false, 1580065981
21, modulated_pikachu, nirvana, false, 1580065989
21, GreenEarthEagle, velvet, false, 1580065990
21, DefaultHasAnL, bootstrap, false, 1580065995
21, pasta4lyf, deerhunter, false, 1580065999
21, Brokeigma, ljhamlin, false, 1580066001
21, pasta4lyf, death, false, 1580066002
21, pasta4lyf, thedinosaurs, false, 1580066006
21, pasta4lyf, galaxyfinder, false, 1580066015
21, Brokeigma, blacklace, false, 1580066017
21, Brokeigma, blacklace, false, 1580066019
21, Brokeigma, blacklaces, false, 1580066021
21, TheDemigod, ninetysix, false, 1580066023
21, omaewamoushindeiru, rollingstones, false, 1580066028
21, omaewamoushindeiru, rollingstones, false, 1580066028
21, GreenEarthEagle, giveup, false, 1580066045
21, omaewamoushindeiru, vanillafudge, false, 1580066046
21, pasta4lyf, fifteen, false, 1580066048
21, GreenEarthEagle, swordfish, false, 1580066050
21, Brokeigma, cherrylee, false, 1580066052
21, GreenEarthEagle, fortytwo, false, 1580066053
21, GreenEarthEagle, e, false, 1580066056
21, ronnie_36, ninety6, false, 1580066065
21, flitwick, edison, false, 1580066066
21, flitwick, edisonelectric, false, 1580066068
21, GreenEarthEagle, taco, false, 1580066068
21, omaewamoushindeiru, countryjoe, false, 1580066069
21, flitwick, edisonelectricappliance, false, 1580066070
21, ronnie_36, 69, false, 1580066071
21, GreenEarthEagle, coat, false, 1580066071
21, omaewamoushindeiru, countryjoeandfish, false, 1580066072
21, ronnie_36, sixnine, false, 1580066078
21, flitwick, mtv, false, 1580066080
21, omaewamoushindeiru, ledzeppelin, false, 1580066100
21, modulated_pikachu, zepplin, false, 1580066109
21, modulated_pikachu, ledzepplin, false, 1580066111
21, flitwick, warnermusic, false, 1580066111
21, flitwick, atlanticvideo, false, 1580066115
21, ronnie_36, 6ix9ine, false, 1580066116
21, flitwick, atlanticrecordingcorporation, false, 1580066125
21, omaewamoushindeiru, vanillafudgeironbutterfly, false, 1580066128
21, modulated_pikachu, masterofpuppets, false, 1580066129
21, GreenEarthEagle, greenday, false, 1580066131
21, omaewamoushindeiru, vanillairon, false, 1580066133
21, omaewamoushindeiru, vanillafudge, false, 1580066136
21, ronnie_36, tekashi69, false, 1580066139
21, omaewamoushindeiru, fudgebutterfly, false, 1580066141
21, GreenEarthEagle, sporcle, false, 1580066148
21, Brokeigma, zeronine, false, 1580066151
21, pasta4lyf, ericclapton, false, 1580066153
21, ronnie_36, bebe, false, 1580066154
21, Brokeigma, zeronine, false, 1580066156
21, modulated_pikachu, ericclapton, false, 1580066156
21, Brokeigma, ninezero, false, 1580066160
21, MishuAnubis, yes, false, 1580066161
21, ronnie_36, kooda, false, 1580066161
21, MishuAnubis, no, false, 1580066166
21, Brokeigma, oneeight, false, 1580066168
21, MishuAnubis, yesno, false, 1580066171
21, Brokeigma, eightone, false, 1580066172
21, ronnie_36, 9ine6ix, false, 1580066172
21, Brokeigma, seventwo, false, 1580066178
21, flitwick, donovan, false, 1580066179
21, Brokeigma, sevento, false, 1580066180
21, Brokeigma, twoseven, false, 1580066185
21, ayamrage, B605EE709B996609739ECF5C16D50091, false, 1580066187
21, ronnie_36, tekashi6ix9ine, false, 1580066191
21, Brokeigma, threesix, false, 1580066193
21, Brokeigma, sixthree, false, 1580066197
21, omaewamoushindeiru, petergrant, false, 1580066201
21, Brokeigma, fivefour, false, 1580066202
21, flitwick, salterstreetfilms, false, 1580066206
21, Brokeigma, fourfive, false, 1580066206
21, flitwick, salterstreet, false, 1580066207
21, GreenEarthEagle, thisisfine, false, 1580066211
21, modulated_pikachu, you, false, 1580066223
21, modulated_pikachu, oscars, false, 1580066226
21, modulated_pikachu, areyoureadingthese, false, 1580066230
21, modulated_pikachu, ithinkyouare, false, 1580066232
21, modulated_pikachu, havefunadmin, false, 1580066234
21, ronnie_36, scumlife, false, 1580066239
21, modulated_pikachu, thelocaltrain, false, 1580066240
21, pasta4lyf, einstein, false, 1580066259
21, pasta4lyf, ymca, false, 1580066268
21, ronnie_36, hansson, false, 1580066279
21, flitwick, epic, false, 1580066286
21, flitwick, epicrecords, false, 1580066287
21, ronnie_36, karlsson, false, 1580066296
21, anand._.10, twentytwo, false, 1580066296
21, anand._.10, marshal, false, 1580066300
21, pasta4lyf, cassiusclay, false, 1580066308
21, MishuAnubis, yesorno, false, 1580066314
21, bhanushali, sixpackband, false, 1580066319
21, MishuAnubis, yesandno, false, 1580066321
21, modulated_pikachu, twocellos, false, 1580066348
21, pasta4lyf, altamont, false, 1580066350
21, geraltofrivia, altamonte, false, 1580066351
21, modulated_pikachu, abba, false, 1580066355
21, flitwick, jio, false, 1580066356
21, flitwick, reliance, false, 1580066358
21, modulated_pikachu, arcticmonkeys, false, 1580066363
21, modulated_pikachu, beatles, false, 1580066386
21, modulated_pikachu, lennon, false, 1580066388
21, geraltofrivia, beatles, false, 1580066389
21, geraltofrivia, beatle, false, 1580066390
21, modulated_pikachu, brianjones, false, 1580066401
21, arthurpendragon, beatles, false, 1580066403
21, modulated_pikachu, elvis, false, 1580066404
21, modulated_pikachu, elvispresley, false, 1580066407
21, arthurpendragon, elvis[presley, false, 1580066408
21, modulated_pikachu, simonandgarfunkel, false, 1580066414
21, arthurpendragon, simonandgarfuncle, false, 1580066414
21, tushartiwariofficial, rollingstones, false, 1580066415
21, pasta4lyf, simonandgarfunkel, false, 1580066415
21, modulated_pikachu, simongarfunkel, false, 1580066418
21, geraltofrivia, garfield, false, 1580066419
21, modulated_pikachu, simongarfunkel, false, 1580066425
21, modulated_pikachu, garfunkelsimon, false, 1580066434
21, geraltofrivia, enewetakatoll, false, 1580066435
21, arthurpendragon, animals', false, 1580066436
21, modulated_pikachu, animals, false, 1580066436
21, arthurpendragon, animals, false, 1580066436
21, pasta4lyf, animals, false, 1580066438
21, modulated_pikachu, jeffbeck, false, 1580066439
21, arthurpendragon, jeffbeck, false, 1580066440
21, geraltofrivia, enewetakatoll, false, 1580066452
21, pasta4lyf, kashmir, false, 1580066460
21, arthurpendragon, kashmir, false, 1580066460
21, aaabattery, cloudnine, false, 1580066462
21, arthurpendragon, ledzeppelin, false, 1580066464
21, aaabattery, gunsnroses, false, 1580066481
21, aaabattery, adc, false, 1580066488
21, ronnie_36, welovecryptex67435, false, 1580066489
21, MishuAnubis, yeschildren, false, 1580066490
21, tushartiwariofficial, sixtyrocks, false, 1580066509
21, GreenEarthEagle, yes, false, 1580066514
21, GreenEarthEagle, no, false, 1580066516
21, ayamrage, yes, false, 1580066533
21, ayamrage, atcorecords, false, 1580066558
21, arthurpendragon, woodstock, false, 1580066564
21, pasta4lyf, jimihendrixchord, false, 1580066568
21, pasta4lyf, hendrixchord, false, 1580066570
21, anand._.10, 90125, false, 1580066571
21, ayamrage, chrissquire, false, 1580066576
21, anand._.10, 9012534876, false, 1580066578
21, ayamrage, yesbank, false, 1580066578
21, arthurpendragon, sweetwater, false, 1580066583
21, arthurpendragon, bertsommer, false, 1580066597
21, tushartiwariofficial, threeeight, false, 1580066597
21, aaabattery, appetitefordestruction, false, 1580066604
21, arthurpendragon, timhardin, false, 1580066604
21, tushartiwariofficial, eightthree, false, 1580066605
21, tushartiwariofficial, eightthree, false, 1580066607
21, GreenEarthEagle, donovan, false, 1580066608
21, aaabattery, pinkfloyd, false, 1580066610
21, arthurpendragon, arlogutherie, false, 1580066615
21, ayamrage, yesmary, false, 1580066616
21, anand._.10, 6784352109, false, 1580066619
21, geraltofrivia, gunsandroses, false, 1580066630
21, modulated_pikachu, gunsandroses, false, 1580066630
21, arthurpendragon, gunsandroses, false, 1580066631
21, arthurpendragon, pinkfloyd, false, 1580066635
21, anand._.10, 6784352109, false, 1580066636
21, modulated_pikachu, guns, false, 1580066637
21, ysh_suvarna, pinkflyod, false, 1580066638
21, Brokeigma, gunsandroses, false, 1580066641
21, modulated_pikachu, matheran, false, 1580066641
21, flitwick, atco, false, 1580066643
21, ayamrage, rushandyes, false, 1580066644
21, flitwick, atcorecords, false, 1580066644
21, ysh_suvarna, pinkfloyd, false, 1580066644
21, ayamrage, yesrush, false, 1580066648
21, modulated_pikachu, yes, false, 1580066649
21, arthurpendragon, yes, false, 1580066649
21, pasta4lyf, yes, false, 1580066650
21, ysh_suvarna, gunsandroses, false, 1580066650
21, geraltofrivia, kansas90125, false, 1580066650
21, ayamrage, rushyes, false, 1580066652
21, arthurpendragon, 90125, false, 1580066652
21, anand._.10, 90125, false, 1580066654
21, geraltofrivia, kansasyes, false, 1580066654
21, Radicalidol, pinkfloyd, false, 1580066654
21, Radicalidol, gunsnroses, false, 1580066659
21, geraltofrivia, yeskansas, false, 1580066660
21, iBlyatiful, barbaramandrell, false, 1580066661
21, geraltofrivia, yes, false, 1580066662
21, geraltofrivia, yeskansas, false, 1580066665
21, pasta4lyf, 90125yes, false, 1580066665
21, anand._.10, byyes, false, 1580066667
21, anand._.10, byyes, false, 1580066667
21, anand._.10, byyes, false, 1580066667
21, anand._.10, byyes, false, 1580066667
21, pasta4lyf, yes90125, false, 1580066670
21, Radicalidol, pinkguns, false, 1580066674
21, bhanushali, slash, false, 1580066677
21, Brokeigma, pinkfloyd, false, 1580066679
21, ayamrage, geddylee, false, 1580066681
21, Radicalidol, acdc, false, 1580066688
21, GreenEarthEagle, iwannasayyes, false, 1580066689
21, ayamrage, alexlifeson, false, 1580066693
21, GreenEarthEagle, louisemandrell, false, 1580066693
21, Radicalidol, ac/dc, false, 1580066693
21, aaabattery, time, false, 1580066696
21, Brokeigma, pinkfloydgunsandroces, false, 1580066696
21, arthurpendragon, yesitcanhappen, false, 1580066699
21, modulated_pikachu, yesholdon, false, 1580066700
21, pasta4lyf, yesholdon, false, 1580066701
21, Brokeigma, pinkfloydgunsandroses, false, 1580066701
21, geraltofrivia, yesholdon, false, 1580066703
21, arthurpendragon, yesholdon, false, 1580066703
21, modulated_pikachu, yesitcanhappen, false, 1580066704
21, tushartiwariofficial, tangekanic, false, 1580066705
21, modulated_pikachu, yesadmin, false, 1580066706
21, geraltofrivia, yesitcanhappen, false, 1580066706
21, modulated_pikachu, yesno, false, 1580066708
21, modulated_pikachu, yescryptex, false, 1580066710
21, modulated_pikachu, yeselan, false, 1580066711
21, geraltofrivia, yesownerofalonelyheart, false, 1580066713
21, arthurpendragon, yesownerofalonelyheart, false, 1580066713
21, pasta4lyf, yeschanges, false, 1580066713
21, pasta4lyf, yeschanges, false, 1580066714
21, modulated_pikachu, yeselancryptex, false, 1580066715
21, anand._.10, yescinema, false, 1580066715
21, ronnie_36, zeerach, false, 1580066717
21, geraltofrivia, yeschanges, false, 1580066717
21, arthurpendragon, yeshearts, false, 1580066720
21, geraltofrivia, yeskansas, false, 1580066721
21, ysh_suvarna, neilyoung, false, 1580066722
21, modulated_pikachu, yescityoflove, false, 1580066724
21, arthurpendragon, yescityoflove, false, 1580066726
21, modulated_pikachu, yesyesyes, false, 1580066726
21, anand._.10, yescityoflove, false, 1580066729
21, arthurpendragon, yesoursong, false, 1580066730
21, Brokeigma, planck, false, 1580066732
21, ayamrage, yesworld, false, 1580066734
21, Brokeigma, plank, false, 1580066735
21, tushartiwariofficial, six three, false, 1580066736
21, tushartiwariofficial, three eight, false, 1580066741
21, tushartiwariofficial, three eight, false, 1580066743
21, ayamrage, weareyes, false, 1580066743
21, tushartiwariofficial, eight three, false, 1580066749
21, tushartiwariofficial, eight three, false, 1580066750
21, ysh_suvarna, blindfaith, false, 1580066762
21, GreenEarthEagle, sayno, false, 1580066764
21, DefaultHasAnL, cocacola, false, 1580066766
21, GreenEarthEagle, metoo, false, 1580066766
21, ysh_suvarna, humblepie, false, 1580066769
21, DefaultHasAnL, redbull, false, 1580066770
21, ayamrage, mabelgreerstoyshop, false, 1580066773
21, ayamrage, peterbanks, false, 1580066776
21, aaabattery, lagunsandhollywoodrose, false, 1580066779
21, ysh_suvarna, cactus, false, 1580066780
21, ysh_suvarna, honeycone, false, 1580066785
21, ronnie_36, leftright, false, 1580066786
21, ayamrage, world, false, 1580066788
21, modulated_pikachu, yeskansas, false, 1580066802
21, arthurpendragon, yeskansas, false, 1580066802
21, TheDemigod, yesno, false, 1580066804
21, modulated_pikachu, dorothy, false, 1580066804
21, modulated_pikachu, wizardofoz, false, 1580066807
21, pasta4lyf, kansasyes, false, 1580066807
21, modulated_pikachu, yeswizrd, false, 1580066810
21, arthurpendragon, kfcyes, false, 1580066810
21, anand._.10, kansas, false, 1580066811
21, modulated_pikachu, yeswizard, false, 1580066812
21, arthurpendragon, kansasyes, false, 1580066815
21, modulated_pikachu, yesjoemomma, false, 1580066816
21, ronnie_36, googlemusic, false, 1580066816
21, arthurpendragon, london, false, 1580066823
21, anand._.10, london, false, 1580066824
21, modulated_pikachu, yeslondon, false, 1580066825
21, arthurpendragon, londonyes, false, 1580066825
21, arthurpendragon, beatles, false, 1580066828
21, aaabattery, floyd, false, 1580066829
21, ayamrage, openyoureyes, false, 1580066830
21, aaabattery, floydroses, false, 1580066833
21, aaabattery, rosesfloyd, false, 1580066839
21, modulated_pikachu, england, false, 1580066841
21, ayamrage, yesmeetyes, false, 1580066847
21, aaabattery, pinkguns, false, 1580066847
21, arthurpendragon, joemcdonald, false, 1580066857
21, ayamrage, yes50, false, 1580066860
21, Radicalidol, ledzeppelin, false, 1580066861
21, arthurpendragon, yesgoogle, false, 1580066861
21, modulated_pikachu, yesgoogle, false, 1580066861
21, ModiShallNotGiveHints, arkansas, false, 1580066862
21, ModiShallNotGiveHints, arkansas, false, 1580066863
21, ModiShallNotGiveHints, arkansas, false, 1580066863
21, ModiShallNotGiveHints, arkansas, false, 1580066863
21, ModiShallNotGiveHints, arkansas, false, 1580066863
21, ayamrage, yesfifty, false, 1580066863
21, ModiShallNotGiveHints, arkansas, false, 1580066863
21, tushartiwariofficial, threethree, false, 1580066864
21, modulated_pikachu, isitevenyes, false, 1580066864
21, ronnie_36, googlemusic, false, 1580066865
21, arthurpendragon, googleyes, false, 1580066865
21, pasta4lyf, yesbands, false, 1580066865
21, GreenEarthEagle, rcbannon, false, 1580066866
21, modulated_pikachu, jlk sdjlk, false, 1580066867
21, Kamikaze, barbaramandrellyes, false, 1580066867
21, tushartiwariofficial, eighteight, false, 1580066869
21, ModiShallNotGiveHints, arkansas no, false, 1580066870
21, ModiShallNotGiveHints, arkansas no, false, 1580066871
21, ModiShallNotGiveHints, arkansas no, false, 1580066871
21, Kamikaze, yesbarbaramandrell, false, 1580066871
21, ModiShallNotGiveHints, arkansas no, false, 1580066871
21, ModiShallNotGiveHints, arkansas no, false, 1580066871
21, ModiShallNotGiveHints, arkansas no, false, 1580066871
21, ModiShallNotGiveHints, arkansas no, false, 1580066871
21, tushartiwariofficial, thirtythree, false, 1580066874
21, pasta4lyf, bobdylan, false, 1580066874
21, modulated_pikachu, bandyes, false, 1580066874
21, tushartiwariofficial, eightyeight, false, 1580066879
21, Kamikaze, iwannasayyes, false, 1580066880
21, modulated_pikachu, 6 7 8 4 3, false, 1580066884
21, ronnie_36, googleplaymusic, false, 1580066886
21, ysh_suvarna, ummagumma, false, 1580066888
21, arthurpendragon, yesprime, false, 1580066890
21, ayamrage, yesandyes, false, 1580066893
21, flitwick, hyperion, false, 1580066893
21, arthurpendragon, primeyes, false, 1580066894
21, ysh_suvarna, meddle, false, 1580066898
21, iBlyatiful, yes, false, 1580066899
21, arthurpendragon, yesshecan, false, 1580066901
21, pasta4lyf, yeshsecan, false, 1580066901
21, arthurpendragon, yesqueen, false, 1580066908
21, ysh_suvarna, ummagumma, false, 1580066908
21, modulated_pikachu, yes, false, 1580066909
21, GreenEarthEagle, iwannasayyes, false, 1580066909
21, pasta4lyf, yesqueen, false, 1580066911
21, ModiShallNotGiveHints, halp me plis, false, 1580066920
21, ModiShallNotGiveHints, halp me plis, false, 1580066923
21, ModiShallNotGiveHints, halp me plis, false, 1580066923
21, ModiShallNotGiveHints, halp me plis, false, 1580066923
21, ayamrage, frankzappa, false, 1580066924
21, ysh_suvarna, more, false, 1580066927
21, GreenEarthEagle, reunited, false, 1580066929
21, ModiShallNotGiveHints, halp me plis sorev, false, 1580066932
21, ModiShallNotGiveHints, halp me plis sorev, false, 1580066932
21, ModiShallNotGiveHints, halp me plis sorev, false, 1580066933
21, ModiShallNotGiveHints, halp me plis sorev, false, 1580066933
21, ModiShallNotGiveHints, halp me plis sorev, false, 1580066933
21, ModiShallNotGiveHints, halp me plis sorev, false, 1580066933
21, ysh_suvarna, moonhead, false, 1580066938
21, LordFaramir, wiazrdofoz, false, 1580066941
21, pasta4lyf, 90125, false, 1580066942
21, ayamrage, quintessentialyes, false, 1580066942
21, TheDemigod, closetotheedge, false, 1580066943
21, arthurpendragon, 34876, false, 1580066943
21, MishuAnubis, yesyes, false, 1580066943
21, TheDemigod, closetotheedge, false, 1580066943
21, arthurpendragon, 3487690125, false, 1580066946
21, LordFaramir, wizardofoz, false, 1580066949
21, Tabzzzzzzzz, format please, false, 1580066950
21, ayamrage, 27club, false, 1580066950
21, Tabzzzzzzzz, format please, false, 1580066951
21, Tabzzzzzzzz, format please, false, 1580066952
21, arthurpendragon, 9012534876, false, 1580066952
21, Tabzzzzzzzz, format please, false, 1580066952
21, LordFaramir, thewizardofoz, false, 1580066952
21, Tabzzzzzzzz, format please, false, 1580066953
21, Tabzzzzzzzz, format please, false, 1580066953
21, Tabzzzzzzzz, format please, false, 1580066953
21, Tabzzzzzzzz, format please, false, 1580066953
21, Tabzzzzzzzz, format please, false, 1580066953
21, GreenEarthEagle, whitneyhouston, false, 1580066953
21, Tabzzzzzzzz, format please, false, 1580066954
21, Tabzzzzzzzz, format please, false, 1580066954
21, Tabzzzzzzzz, format please, false, 1580066954
21, Tabzzzzzzzz, format please, false, 1580066954
21, Tabzzzzzzzz, format please, false, 1580066954
21, Tabzzzzzzzz, format please, false, 1580066955
21, Kamikaze, 1983, false, 1580066955
21, Tabzzzzzzzz, format please, false, 1580066955
21, Tabzzzzzzzz, format please, false, 1580066955
21, Tabzzzzzzzz, format please, false, 1580066955
21, Tabzzzzzzzz, format please, false, 1580066955
21, Tabzzzzzzzz, format please, false, 1580066956
21, Tabzzzzzzzz, format please, false, 1580066956
21, Tabzzzzzzzz, format please, false, 1580066956
21, Tabzzzzzzzz, format please, false, 1580066956
21, Tabzzzzzzzz, format please, false, 1580066956
21, Tabzzzzzzzz, format please, false, 1580066957
21, GreenEarthEagle, , false, 1580066957
21, Tabzzzzzzzz, format please, false, 1580066957
21, Tabzzzzzzzz, format please, false, 1580066957
21, ronnie_36, aquarius, false, 1580066965
21, ayamrage, yesunion, false, 1580066970
21, ModiShallNotGiveHints, fuck segreta, false, 1580066973
21, ModiShallNotGiveHints, fuck segreta, false, 1580066974
21, ronnie_36, happybirthday, false, 1580066975
21, ModiShallNotGiveHints, fuck segreta, false, 1580066976
21, arthurpendragon, omaewamoushindeiru, false, 1580066976
21, GreenEarthEagle, thewho, false, 1580066979
21, ayamrage, yes5, false, 1580066981
21, GreenEarthEagle, doctorwho, false, 1580066981
21, Kamikaze, no, false, 1580066981
21, TheDemigod, yeskansas, false, 1580066984
21, GreenEarthEagle, sonsofadmirals, false, 1580066985
21, arthurpendragon, hendrixchord, false, 1580066985
21, GreenEarthEagle, navy, false, 1580066987
21, TheDemigod, kansasyes, false, 1580066988
21, ayamrage, yesblues, false, 1580066989
21, pasta4lyf, E7, false, 1580066989
21, arthurpendragon, e79sharp, false, 1580066990
21, pasta4lyf, E7, false, 1580066991
21, Elephantsfoot, yes, false, 1580066991
21, GreenEarthEagle, charlieissocoollike, false, 1580066991
21, ronnie_36, lord, false, 1580066994
21, ronnie_36, lordreborn, false, 1580066997
21, GreenEarthEagle, toffee, false, 1580066997
21, Elephantsfoot, kubernetes, false, 1580066999
21, MishuAnubis, , false, 1580066999
21, ayamrage, 1971, false, 1580067000
21, ayamrage, 1971, false, 1580067004
21, Kamikaze, Donovan, false, 1580067012
21, iBlyatiful, , false, 1580067013
21, GreenEarthEagle, downdown, false, 1580067016
21, MishuAnubis, , false, 1580067035
21, modulated_pikachu, , false, 1580067044
21, ronnie_36, offfestival, false, 1580067045
21, modulated_pikachu, sdlkjflksd, false, 1580067046
21, Elephantsfoot, yesno, false, 1580067048
21, modulated_pikachu, thanksggwp, false, 1580067049
21, TheDemigod, municipalauditorium, false, 1580067050
21, arthurpendragon, khbjzdv, false, 1580067051
21, arthurpendragon, khbjzdv, false, 1580067054
21, ysh_suvarna, l, false, 1580067054
21, ysh_suvarna, l, false, 1580067056
21, arthurpendragon, whatisthis, false, 1580067060
21, MishuAnubis, answer, false, 1580067061
21, Kamikaze, Donovan, false, 1580067109
21, ronnie_36, birdsoftokyo, false, 1580067113
21, MishuAnubis, cryptex, false, 1580067222
21, MishuAnubis, jfk, false, 1580067283
21, ysh_suvarna, ljbsdf, false, 1580067318
21, TheDemigod, yesfortdodge, false, 1580067396
