5, vedantsingh1404, rolex, false, 1579885920
5, vedantsingh1404, hungergames, false, 1579885927
5, Tanishq2403, merylstreep, false, 1579885972
5, vedantsingh1404, darkphoenix, false, 1579886005
5, Tanishq2403, peppapig, false, 1579886126
5, vedantsingh1404, peppapig, false, 1579886128
5, vedantsingh1404, pig, false, 1579886132
5, vedantsingh1404, suwar, false, 1579886136
5, vedantsingh1404, cuy, false, 1579886169
5, vedantsingh1404, jennifferlawrence, false, 1579886196
5, vedantsingh1404, papuanewguinea, false, 1579886250
5, vedantsingh1404, guineapig, false, 1579886267
5, vedantsingh1404, katniss, false, 1579886293
5, vedantsingh1404, gamemaker, false, 1579886297
5, vedantsingh1404, pumba, false, 1579886325
5, vedantsingh1404, timon, false, 1579886328
5, vedantsingh1404, hakunamatata, false, 1579886334
5, vedantsingh1404, lionking, false, 1579886374
5, vedantsingh1404, lionking, false, 1579886382
5, Tanishq2403, timotheechalamet, false, 1579886447
5, vedantsingh1404, baconnumber, false, 1579886557
5, vedantsingh1404, erdos, false, 1579886561
5, vedantsingh1404, bacon, false, 1579886565
5, vedantsingh1404, 3111, false, 1579886678
5, vedantsingh1404, 3121, false, 1579886681
5, vedantsingh1404, 3131, false, 1579886685
5, vedantsingh1404, 3141, false, 1579886692
5, vedantsingh1404, 3151, false, 1579886696
5, Tanishq2403, kevinbacon, false, 1579886701
5, vedantsingh1404, 3161, false, 1579886703
5, vedantsingh1404, 3171, false, 1579886707
5, vedantsingh1404, 3171, false, 1579886719
5, Tanishq2403, 3191, false, 1579886719
5, vedantsingh1404, 3181, false, 1579886721
5, Tanishq2403, 3191, false, 1579886722
5, Tanishq2403, 3171, false, 1579886726
5, Tanishq2403, 31421, false, 1579886733
5, Tanishq2403, 31421, false, 1579886736
5, Tanishq2403, 31691, false, 1579886743
5, Tanishq2403, 31721, false, 1579886747
5, Tanishq2403, 31581, false, 1579886773
5, Tanishq2403, sixdegreesofkevinbacon, false, 1579886814
5, Tanishq2403, sixdegrees, false, 1579886822
5, Tanishq2403, 3101, false, 1579886867
5, Tanishq2403, 3111, false, 1579886869
5, Tanishq2403, 3121, false, 1579886872
5, Tanishq2403, 3131, false, 1579886876
5, Tanishq2403, 3141, false, 1579886879
5, Tanishq2403, 3151, false, 1579886883
5, Tanishq2403, 3161, false, 1579886887
5, Tanishq2403, 31101, false, 1579886891
5, Tanishq2403, 31111, false, 1579886895
5, Tanishq2403, southoftheborder, false, 1579887053
5, Tanishq2403, don, false, 1579887201
5, vedantsingh1404, 3141, false, 1579887289
5, Tanishq2403, 3141, false, 1579887295
5, vedantsingh1404, threeonefourone, false, 1579887304
5, vedantsingh1404, threeonefourone, false, 1579887305
5, vedantsingh1404, threeonefourone, false, 1579887306
5, vedantsingh1404, 1143, false, 1579887380
5, Tanishq2403, rioferdinand, false, 1579887384
5, vedantsingh1404, 3141, false, 1579887385
5, vedantsingh1404, 4131, false, 1579887391
5, vedantsingh1404, 3141, false, 1579887400
5, vedantsingh1404, threeonefourone, false, 1579887416
5, Tanishq2403, threeonethreeone, false, 1579887421
5, vedantsingh1404, 1413, false, 1579887442
5, vedantsingh1404, pie, false, 1579887449
5, vedantsingh1404, pi, true, 1579887451
5, Tanishq2403, pi, true, 1579887470
5, FreezeV2, mulan, false, 1579887801
5, gupta_anj, chicken, false, 1579887830
5, ronnie_36, andywarhol, false, 1579887850
5, ronnie_36, andywarhol, false, 1579887853
5, ronnie_36, andywarhol, false, 1579887872
5, gupta_anj, marcosperezjimemez, false, 1579888001
5, gupta_anj, marcosperezjimemez, false, 1579888009
5, gupta_anj, marcosperez, false, 1579888015
5, ronnie_36, masterchef, false, 1579888018
5, gupta_anj, marcos, false, 1579888019
5, bhanushali, merylstreep, false, 1579888068
5, bhanushali, mutant, false, 1579888087
5, anand._.10, samsung, false, 1579888135
5, aakshata, former, false, 1579888151
5, aakshata, yep, false, 1579888171
5, aakshata, Yep, false, 1579888186
5, anand._.10, bacon, false, 1579888215
5, FreezeV2, march8, false, 1579888231
5, FreezeV2, marcheighth, false, 1579888239
5, FreezeV2, marcheight, false, 1579888247
5, anand._.10, marimba, false, 1579888273
5, anand._.10, marimba, false, 1579888318
5, bhanushali, mutant, false, 1579888341
5, bhanushali, bacon, false, 1579888346
5, FreezeV2, shame, false, 1579888399
5, FreezeV2, womensday, false, 1579888406
5, anand._.10, bacon, false, 1579888433
5, pasta4lyf, 2013, false, 1579888481
5, FreezeV2, internationalwomensday, false, 1579888498
5, aakshata, kitchen, false, 1579888508
5, anand._.10, kevinbacon, false, 1579888513
5, pasta4lyf, kevinbacon, false, 1579888514
5, pasta4lyf, kevinbacon, false, 1579888516
5, Radicalidol, kevinbacon, false, 1579888517
5, ronnie_36, kevinbacon, false, 1579888520
5, ysh_suvarna, kevinbacon, false, 1579888522
5, ronnie_36, kevinbacon, false, 1579888524
5, Radicalidol, panama, false, 1579888524
5, ronnie_36, kevinbacon, false, 1579888526
5, ronnie_36, kevinbacon, false, 1579888527
5, ronnie_36, kevinbacon, false, 1579888530
5, ronnie_36, kevinbacon, false, 1579888531
5, ronnie_36, kevinbacon, false, 1579888541
5, ronnie_36, kevinbacon, false, 1579888544
5, aakshata, no, false, 1579888553
5, ronnie_36, kevinbacon, false, 1579888567
5, FreezeV2, merylstreep, false, 1579888591
5, FreezeV2, march, false, 1579888678
5, FreezeV2, march8, false, 1579888686
5, FreezeV2, march82013, false, 1579888689
5, anand._.10, crack, false, 1579888706
5, anand._.10, crack, false, 1579888739
5, anand._.10, crack, false, 1579888748
5, anand._.10, crack, false, 1579888752
5, pasta4lyf, 2013, false, 1579888773
5, FreezeV2, baconnumber, false, 1579888864
5, FreezeV2, kevinbacon, false, 1579888869
5, anand._.10, sancocho, false, 1579888946
5, aakshata, venezuela, false, 1579888952
5, FreezeV2, pi, true, 1579888962
5, anand._.10, boliverian, false, 1579888969
5, bhanushali, caracas, false, 1579888975
5, ysh_suvarna, pi, true, 1579888980
5, Radicalidol, pi, true, 1579888983
5, bhanushali, pi, true, 1579888985
5, anand._.10, pi, true, 1579888989
5, aakshata, pi, true, 1579888996
5, pasta4lyf, pi, true, 1579889028
5, vivekbhushan, pi, true, 1579889062
5, XxxxxxxX, pi, true, 1579889143
5, ronnie_36, pi, true, 1579889219
5, architojha2001, pi, true, 1579889251
5, modulated_pikachu, pi, true, 1579889460
5, tushartiwariofficial, , false, 1579889682
5, tushartiwariofficial, pi, true, 1579889686
5, sss306969, joker, false, 1579889703
5, Just_Another_Stranger, merylstreep, false, 1579889760
5, niyati10, mywife, false, 1579890072
5, niyati10, pi, true, 1579890091
5, Just_Another_Stranger, freemasonry, false, 1579890134
5, Just_Another_Stranger, muslims, false, 1579890138
5, geraltofrivia, pi, true, 1579890416
5, punisher432, Pi, false, 1579890637
5, punisher432, pi, true, 1579890644
5, Just_Another_Stranger, worldwar3, false, 1579890668
5, aaabattery, pi, true, 1579890862
5, Just_Another_Stranger, xmen, false, 1579891029
5, Just_Another_Stranger, xmen, false, 1579891030
5, Just_Another_Stranger, kevinbacon, false, 1579891069
5, Just_Another_Stranger, xmenfirstclass, false, 1579891127
5, brown_bottle, jessehelms, false, 1579891251
5, Just_Another_Stranger, kevinbacon, false, 1579891308
5, Just_Another_Stranger, oliverstone, false, 1579891314
5, sss306969, conan, false, 1579891361
5, sss306969, conanobrian, false, 1579891367
5, Just_Another_Stranger, maradona, false, 1579891380
5, Just_Another_Stranger, diegomaradona, false, 1579891385
5, sss306969, conanobrien, false, 1579891386
5, Brokeigma, pi, true, 1579891388
5, sss306969, conan, false, 1579891391
5, sss306969, 3141, false, 1579891465
5, sss306969, pi, true, 1579891470
5, Just_Another_Stranger, pi, true, 1579891474
5, brown_bottle, pi, true, 1579891487
5, E_power_i_pi, koffeewithkaran, false, 1579895213
5, E_power_i_pi, jeffbezoz, false, 1579895224
5, mojo_jojo, xmenapocalypse, false, 1579895356
5, E_power_i_pi, amazon, false, 1579895358
5, E_power_i_pi, brasil, false, 1579895364
5, E_power_i_pi, brazil, false, 1579895369
5, mojo_jojo, fan, false, 1579895382
5, E_power_i_pi, samsung, false, 1579895462
5, E_power_i_pi, xmen, false, 1579895470
5, E_power_i_pi, firstclass, false, 1579895476
5, E_power_i_pi, decor, false, 1579895487
5, E_power_i_pi, grammy, false, 1579895592
5, E_power_i_pi, newjersey, false, 1579895610
5, E_power_i_pi, veuveclicquotpoloclassic, false, 1579895637
5, E_power_i_pi, friends, false, 1579895662
5, E_power_i_pi, venenzuela, false, 1579895694
5, E_power_i_pi, spartan, false, 1579895756
5, mojo_jojo, bacon, false, 1579895871
5, mojo_jojo, baconnumber, false, 1579895881
5, mojo_jojo, sixdegreesofkevinbacon, false, 1579895896
5, E_power_i_pi, chickennuggets, false, 1579895907
5, E_power_i_pi, f.r.i.e.n.d.s, false, 1579895928
5, mojo_jojo, kevinbacon, false, 1579895940
5, E_power_i_pi, gangbang, false, 1579895940
5, E_power_i_pi, awardshow, false, 1579895953
5, E_power_i_pi, grammy, false, 1579895960
5, mojo_jojo, three, false, 1579895973
5, mojo_jojo, baconnumber, false, 1579896011
5, E_power_i_pi, cancer, false, 1579896041
5, E_power_i_pi, oven, false, 1579896144
5, E_power_i_pi, brand, false, 1579896158
5, mojo_jojo, sixdegrees, false, 1579896158
5, E_power_i_pi, ambassador, false, 1579896164
5, E_power_i_pi, venezuela, false, 1579896188
5, mojo_jojo, sixdegreeofseparation, false, 1579896227
5, mojo_jojo, baconnumber, false, 1579896272
5, E_power_i_pi, oscarissac, false, 1579896341
5, E_power_i_pi, oscarisac, false, 1579896346
5, E_power_i_pi, sophisticated, false, 1579896356
5, E_power_i_pi, 1v3, false, 1579896371
5, E_power_i_pi, thirteen, false, 1579896380
5, E_power_i_pi, thirtyone, false, 1579896395
5, E_power_i_pi, rich, false, 1579896400
5, E_power_i_pi, chef, false, 1579896409
5, E_power_i_pi, masterchef, false, 1579896415
5, E_power_i_pi, pink, false, 1579896438
5, E_power_i_pi, hugo, false, 1579896488
5, E_power_i_pi, twelvth, false, 1579896501
5, E_power_i_pi, twelve, false, 1579896505
5, E_power_i_pi, twelve, false, 1579896505
5, E_power_i_pi, rolex, false, 1579896630
5, E_power_i_pi, watches, false, 1579896637
5, E_power_i_pi, watch, false, 1579896640
5, E_power_i_pi, time, false, 1579896646
5, mojo_jojo, kevinbacon, false, 1579896763
5, mojo_jojo, kevinbacon, false, 1579896764
5, mojo_jojo, kevinbacon, false, 1579896765
5, mojo_jojo, kevinbacon, false, 1579896766
5, E_power_i_pi, apocolypse, false, 1579896770
5, mojo_jojo, kevinbacon, false, 1579896878
5, mojo_jojo, bacon, false, 1579896883
5, mojo_jojo, baconnumber, false, 1579896888
5, mojo_jojo, sixdegrees, false, 1579896895
5, mojo_jojo, sixdegreesofbacon, false, 1579896952
5, E_power_i_pi, meme, false, 1579896955
5, mojo_jojo, kevinbacon, false, 1579896963
5, E_power_i_pi, meandtheboys, false, 1579896970
5, mojo_jojo, 1234, false, 1579896972
5, mojo_jojo, 2141, false, 1579896984
5, E_power_i_pi, pornhub, false, 1579896984
5, E_power_i_pi, nrc, false, 1579897017
5, mojo_jojo, baconnumber, false, 1579897028
5, mojo_jojo, six, false, 1579897039
5, mojo_jojo, sixdegrees, false, 1579897044
5, E_power_i_pi, happynewyear, false, 1579897045
5, mojo_jojo, saturdaynightlive, false, 1579897345
5, lucifermorningstar, marcosperezjimenez, false, 1579897427
5, lucifermorningstar, venezuela, false, 1579897445
5, lucifermorningstar, ted, false, 1579897450
5, Darvikas, southkorea, false, 1579897518
5, mojo_jojo, 2013, false, 1579897518
5, Darvikas, southkorea, false, 1579897520
5, Darvikas, southkorea, false, 1579897521
5, Darvikas, kitchen, false, 1579897586
5, Darvikas, kitchen, false, 1579897589
5, Darvikas, food, false, 1579897599
5, mojo_jojo, silverliningsplaybook, false, 1579897674
5, Darvikas, king, false, 1579897726
5, Bahubali, king, false, 1579897735
5, Darvikas, royal, false, 1579897737
5, lucifermorningstar, emperor, false, 1579897738
5, Darvikas, royality, false, 1579897741
5, Bahubali, royal, false, 1579897741
5, Bahubali, royalty, false, 1579897745
5, mojo_jojo, 6degreesofbacon, false, 1579897757
5, Darvikas, badshah, false, 1579897761
5, mojo_jojo, 6degreesofkevinbacon, false, 1579897762
5, Darvikas, badshah, false, 1579897764
5, mojo_jojo, 6degrees, false, 1579897769
5, Darvikas, empire, false, 1579897771
5, Bahubali, houseofcards, false, 1579897797
5, Bahubali, deck, false, 1579897802
5, Darvikas, deckofcards, false, 1579897807
5, Darvikas, cards, false, 1579897815
5, Darvikas, empire, false, 1579897823
5, Darvikas, romance, false, 1579897837
5, Darvikas, king, false, 1579897849
5, Darvikas, emperor, false, 1579897918
5, mojo_jojo, kevinbacon, false, 1579897957
5, mojo_jojo, kevin, false, 1579897962
5, mojo_jojo, baconnumber, false, 1579897971
5, mojo_jojo, 3141, false, 1579897983
5, mojo_jojo, baconnumber, false, 1579897996
5, mojo_jojo, sixdegrees, false, 1579898010
5, Darvikas, ace, false, 1579898033
5, lucifermorningstar, 1, false, 1579898037
5, Darvikas, memorable, false, 1579898081
5, Darvikas, memorableyear, false, 1579898085
5, mojo_jojo, sixdegreesofseparation, false, 1579898090
5, mojo_jojo, sixdegreesofseparation, false, 1579898091
5, mojo_jojo, sixdegreesofseparation, false, 1579898092
5, mojo_jojo, sixdegreesofseparation, false, 1579898093
5, mojo_jojo, sixdegreesofseparation, false, 1579898094
5, Bahubali, 1234, false, 1579898160
5, Bahubali, onetwothreefour, false, 1579898174
5, mojo_jojo, 2013, false, 1579898288
5, mojo_jojo, 2013, false, 1579898290
5, mojo_jojo, 2013, false, 1579898290
5, mojo_jojo, 2013, false, 1579898290
5, mojo_jojo, 2013, false, 1579898291
5, mojo_jojo, 2013, false, 1579898291
5, Darvikas, country, false, 1579898399
5, Darvikas, country, false, 1579898405
5, mojo_jojo, 2013, false, 1579898431
5, Darvikas, home, false, 1579898505
5, Darvikas, home, false, 1579898506
5, Bahubali, americanhustle, false, 1579898507
5, lucifermorningstar, americanhustle, false, 1579898508
5, lucifermorningstar, americanhustle, false, 1579898511
5, Bahubali, hugochavez, false, 1579898525
5, Darvikas, billgates, false, 1579898537
5, Bahubali, billgates, false, 1579898539
5, mojo_jojo, 8, false, 1579898548
5, Darvikas, kingkhan, false, 1579898553
5, lucifermorningstar, mynameiskhan, false, 1579898558
5, Darvikas, sharukhkhan, false, 1579898566
5, mojo_jojo, 3141, false, 1579898572
5, mojo_jojo, 3131, false, 1579898577
5, Darvikas, me, false, 1579898587
5, XamgineX, autism, false, 1579898588
5, XamgineX, autistic, false, 1579898599
5, mojo_jojo, davisbaconact, false, 1579898600
5, mojo_jojo, davisbacon, false, 1579898604
5, XamgineX, aspergers, false, 1579898615
5, XamgineX, asperger, false, 1579898619
5, XamgineX, aspergerssyndrome, false, 1579898628
5, XamgineX, aspergersyndrome, false, 1579898632
5, XamgineX, F, false, 1579898644
5, lucifermorningstar, derp, false, 1579898654
5, XamgineX, MM, false, 1579898674
5, mojo_jojo, thedavisbaconact, false, 1579898676
5, XamgineX, monkey, false, 1579898679
5, XamgineX, no, false, 1579898693
5, XamgineX, down, false, 1579898707
5, XamgineX, downsyndrome, false, 1579898721
5, Darvikas, celebrity, false, 1579898741
5, XamgineX, radiation, false, 1579898783
5, XamgineX, radiation, false, 1579898785
5, sachinvishwa, shahajahan, false, 1579898790
5, mojo_jojo, 3131, false, 1579898800
5, Darvikas, class, false, 1579898848
5, Darvikas, class, false, 1579898850
5, sachinvishwa, zero, false, 1579898850
5, sachinvishwa, ddlj, false, 1579898857
5, mojo_jojo, davisbaconact, false, 1579898863
5, sachinvishwa, happynewyear, false, 1579898873
5, sachinvishwa, yes, false, 1579898881
5, sachinvishwa, no, false, 1579898888
5, mojo_jojo, 3141davisbaconact, false, 1579898895
5, XamgineX, nod, false, 1579898912
5, XamgineX, nod, false, 1579898916
5, lucifermorningstar, forbes, false, 1579898916
5, mojo_jojo, wage, false, 1579898918
5, mojo_jojo, wages, false, 1579898922
5, XamgineX, Fill, false, 1579898936
5, mojo_jojo, 1931, false, 1579898966
5, sachinvishwa, netflix, false, 1579898991
5, sachinvishwa, raees, false, 1579899038
5, mojo_jojo, davis, false, 1579899091
5, E_power_i_pi, doi, false, 1579899173
5, sachinvishwa, dilwale, false, 1579899175
5, E_power_i_pi, doiknowyou, false, 1579899177
5, mojo_jojo, bacondavis, false, 1579899183
5, mojo_jojo, davisbaconact, false, 1579899191
5, sachinvishwa, celebrity, false, 1579899200
5, sachinvishwa, biggboss, false, 1579899213
5, sachinvishwa, islaam, false, 1579899229
5, sachinvishwa, dearzindagi, false, 1579899243
5, 40_DollarPerHour-9650126414, boobs, false, 1579899252
5, mojo_jojo, eggshell, false, 1579899278
5, 40_DollarPerHour-9650126414, hunger, false, 1579899283
5, lucifermorningstar, hunger, false, 1579899291
5, mojo_jojo, eggshell, false, 1579899292
5, mojo_jojo, eggshells, false, 1579899297
5, Bahubali, hungergames, false, 1579899331
5, 40_DollarPerHour-9650126414, food, false, 1579899336
5, HeWhoMustNotBeNamed, food, false, 1579899337
5, lucifermorningstar, food, false, 1579899338
5, Bahubali, food, false, 1579899339
5, sachinvishwa, bbc, false, 1579899343
5, HeWhoMustNotBeNamed, hunger, false, 1579899343
5, HeWhoMustNotBeNamed, hungry, false, 1579899349
5, sachinvishwa, sjv, false, 1579899351
5, mojo_jojo, 3141, false, 1579899363
5, mojo_jojo, 3114, false, 1579899377
5, sachinvishwa, khan, false, 1579899432
5, E_power_i_pi, fan, false, 1579899435
5, lucifermorningstar, fao, false, 1579899462
5, 40_DollarPerHour-9650126414, food6, false, 1579899469
5, lucifermorningstar, unitednations, false, 1579899474
5, lucifermorningstar, unicef, false, 1579899482
5, lucifermorningstar, un, false, 1579899522
5, lucifermorningstar, oscar, false, 1579899530
5, lucifermorningstar, filmfare, false, 1579899539
5, HeWhoMustNotBeNamed, oscars, false, 1579899556
5, sachinvishwa, byjus, false, 1579899559
5, HeWhoMustNotBeNamed, oscar, false, 1579899560
5, sachinvishwa, byjus, false, 1579899561
5, HeWhoMustNotBeNamed, award, false, 1579899564
5, sachinvishwa, bigbasket, false, 1579899569
5, 40_DollarPerHour-9650126414, merylstreep, false, 1579899570
5, 40_DollarPerHour-9650126414, pride, false, 1579899577
5, 40_DollarPerHour-9650126414, microwave, false, 1579899583
5, 40_DollarPerHour-9650126414, bacon, false, 1579899590
5, 40_DollarPerHour-9650126414, temp6degree, false, 1579899598
5, mojo_jojo, 6, false, 1579899603
5, mojo_jojo, six, false, 1579899609
5, mojo_jojo, six, false, 1579899610
5, lucifermorningstar, foodmission, false, 1579899624
5, sachinvishwa, jackryan, false, 1579899656
5, sachinvishwa, jackryan, false, 1579899657
5, Bahubali, no, false, 1579899661
5, Bahubali, nope, false, 1579899668
5, mojo_jojo, 3131, false, 1579899681
5, sachinvishwa, famous, false, 1579899742
5, mojo_jojo, 36, false, 1579899755
5, E_power_i_pi, illuminati, false, 1579899755
5, mojo_jojo, 42, false, 1579899760
5, E_power_i_pi, set, false, 1579899839
5, sachinvishwa, husband, false, 1579899859
5, sachinvishwa, xmen, false, 1579899929
5, E_power_i_pi, stevejobs, false, 1579899965
5, E_power_i_pi, cancer, false, 1579899971
5, mojo_jojo, experiance, false, 1579899994
5, mojo_jojo, experiance8.5, false, 1579900002
5, Elephantsfoot, mywife, false, 1579900023
5, mojo_jojo, baconemoji, false, 1579900024
5, Elephantsfoot, mywife, false, 1579900025
5, Elephantsfoot, mywife, false, 1579900027
5, Elephantsfoot, mywife, false, 1579900028
5, mojo_jojo, samsung, false, 1579900035
5, lucifermorningstar, foodmission, false, 1579900038
5, lucifermorningstar, foodmission, false, 1579900056
5, lucifermorningstar, elcomandante, false, 1579900087
5, Niggachu69420, davidletterman, false, 1579900115
5, mojo_jojo, galaxy, false, 1579900146
5, mojo_jojo, galaxy3141, false, 1579900151
5, Bahubali, chavismo, false, 1579900168
5, mojo_jojo, why, false, 1579900269
5, mojo_jojo, whywhat, false, 1579900275
5, mojo_jojo, venezuela, false, 1579900286
5, lucifermorningstar, hunger, false, 1579900311
5, 40_DollarPerHour-9650126414, hungry, false, 1579900312
5, 40_DollarPerHour-9650126414, hunger, false, 1579900316
5, 40_DollarPerHour-9650126414, food, false, 1579900321
5, lucifermorningstar, eradicationhunger, false, 1579900325
5, mojo_jojo, baconslaw, false, 1579900396
5, mojo_jojo, baconlaw, false, 1579900402
5, mojo_jojo, baconnumberfunction, false, 1579900461
5, mojo_jojo, baconnumberfunction, false, 1579900462
5, mojo_jojo, google, false, 1579900468
5, Niggachu69420, blackbox, false, 1579900475
5, Niggachu69420, blackmirror, false, 1579900482
5, mojo_jojo, thebaconnumber, false, 1579900507
5, Niggachu69420, thanos, false, 1579900533
5, mojo_jojo, easteregg, false, 1579900580
5, lucifermorningstar, socialist, false, 1579900629
5, lucifermorningstar, socialist, false, 1579900633
5, lucifermorningstar, socialism, false, 1579900641
5, lucifermorningstar, welfare, false, 1579900649
5, Elephantsfoot, xmen, false, 1579900677
5, Bahubali, sumate, false, 1579900724
5, 40_DollarPerHour-9650126414, shylock, false, 1579900755
5, 40_DollarPerHour-9650126414, saturday, false, 1579900808
5, 40_DollarPerHour-9650126414, saturdaynight, false, 1579900811
5, 40_DollarPerHour-9650126414, saturdaynightlive, false, 1579900814
5, 40_DollarPerHour-9650126414, caracus, false, 1579900848
5, 40_DollarPerHour-9650126414, caracas, false, 1579900852
5, 40_DollarPerHour-9650126414, snl, false, 1579900900
5, 40_DollarPerHour-9650126414, nbc, false, 1579900918
5, 40_DollarPerHour-9650126414, nbcssaturdaynightlive, false, 1579900928
5, bruteforce, oceandrive, false, 1579900966
5, mojo_jojo, bacon, false, 1579900995
5, mojo_jojo, googleeasteregg, false, 1579901015
5, mojo_jojo, easteregg, false, 1579901022
5, 40_DollarPerHour-9650126414, saturdaynight, false, 1579901030
5, mojo_jojo, 1133, false, 1579901050
5, 40_DollarPerHour-9650126414, saturdaynightlive80, false, 1579901057
5, mojo_jojo, 2013, false, 1579901062
5, lucifermorningstar, shraddhakapoor, false, 1579901066
5, bruteforce, joy, false, 1579901075
5, bruteforce, thejoy, false, 1579901081
5, Niggachu69420, 2013, false, 1579901083
5, lucifermorningstar, saturdaynight, false, 1579901101
5, lucifermorningstar, saturdaynightlivf, false, 1579901108
5, lucifermorningstar, saturdaynightlive, false, 1579901111
5, 40_DollarPerHour-9650126414, superhero, false, 1579901123
5, abcdefghi, celebrity, false, 1579901208
5, MishuAnubis, kevinbacon, false, 1579901243
5, MishuAnubis, sixdegrees, false, 1579901250
5, 40_DollarPerHour-9650126414, yes, false, 1579901254
5, lucifermorningstar, darkness, false, 1579901254
5, lucifermorningstar, darkness, false, 1579901257
5, MishuAnubis, sixdegreesofkevinbacon, false, 1579901257
5, 40_DollarPerHour-9650126414, iknowyou, false, 1579901259
5, 40_DollarPerHour-9650126414, no, false, 1579901264
5, Darvikas, perezjimenez, false, 1579901292
5, 40_DollarPerHour-9650126414, wanderlust, false, 1579901325
5, lucifermorningstar, karlmarx, false, 1579901331
5, lucifermorningstar, marxism, false, 1579901337
5, lucifermorningstar, srk, false, 1579901341
5, lucifermorningstar, michaelfassbender, false, 1579901363
5, lucifermorningstar, jenniferlawerence, false, 1579901375
5, lucifermorningstar, hugochavez, false, 1579901384
5, MishuAnubis, xmen, false, 1579901391
5, MishuAnubis, xmenapocalypse, false, 1579901397
5, lucifermorningstar, shahrukhkhan, false, 1579901400
5, Darvikas, general, false, 1579901424
5, Darvikas, general, false, 1579901427
5, MishuAnubis, x-menapocalypse, false, 1579901437
5, MishuAnubis, x-men, false, 1579901441
5, 40_DollarPerHour-9650126414, aaa, false, 1579901456
5, MishuAnubis, 3, false, 1579901491
5, MishuAnubis, 4, false, 1579901493
5, MishuAnubis, 1, false, 1579901496
5, MishuAnubis, 2, false, 1579901499
5, lucifermorningstar, masterchef, false, 1579901551
5, lucifermorningstar, no, false, 1579901571
5, lucifermorningstar, yes, false, 1579901577
5, lucifermorningstar, maybe, false, 1579901585
5, lucifermorningstar, maybe, false, 1579901586
5, lucifermorningstar, arepas, false, 1579901635
5, lucifermorningstar, arepa, false, 1579901640
5, 40_DollarPerHour-9650126414, kevin, false, 1579901657
5, 40_DollarPerHour-9650126414, kevinbacon, false, 1579901661
5, MishuAnubis, sixdegreesofseparation, false, 1579901671
5, 40_DollarPerHour-9650126414, sixdegrees, false, 1579901675
5, 40_DollarPerHour-9650126414, baconslaw, false, 1579901685
5, lucifermorningstar, crustyplate, false, 1579901727
5, Bahubali, bacon, false, 1579901729
5, lucifermorningstar, gaand, false, 1579901738
5, 40_DollarPerHour-9650126414, sixdegrees.org, false, 1579901750
5, MishuAnubis, 3141, false, 1579901753
5, 40_DollarPerHour-9650126414, sixdegreesoffreedom, false, 1579901761
5, 40_DollarPerHour-9650126414, sixdegreesofseperation, false, 1579901772
5, CrazyByDefaut, pi, true, 1579901778
5, abcdefghi, pi, true, 1579901792
5, MishuAnubis, pi, true, 1579901795
5, lucifermorningstar, darkphoenix, false, 1579901799
5, 40_DollarPerHour-9650126414, 0, false, 1579901799
5, 40_DollarPerHour-9650126414, zero, false, 1579901802
5, lucifermorningstar, phoenix, false, 1579901815
5, 40_DollarPerHour-9650126414, 1, false, 1579901820
5, 40_DollarPerHour-9650126414, one, false, 1579901823
5, iBlyatiful, pi, true, 1579901830
5, 40_DollarPerHour-9650126414, sixdegreesofkevinbacon, false, 1579901887
5, mojo_jojo, bacons, false, 1579901904
5, 40_DollarPerHour-9650126414, theriverwild, false, 1579901916
5, 40_DollarPerHour-9650126414, oracleofbacon, false, 1579901952
5, 40_DollarPerHour-9650126414, 4, false, 1579902015
5, 40_DollarPerHour-9650126414, four, false, 1579902020
5, mojo_jojo, 0101, false, 1579902078
5, Bahubali, merylstreep, false, 1579902132
5, lucifermorningstar, donking, false, 1579902166
5, lucifermorningstar, merylstreep, false, 1579902177
5, 40_DollarPerHour-9650126414, 3141, false, 1579902196
5, 40_DollarPerHour-9650126414, pi, true, 1579902202
5, Bahubali, pi, true, 1579902224
5, lucifermorningstar, pi, true, 1579902226
5, Darvikas, monarch, false, 1579902460
5, Darvikas, monarch, false, 1579902462
5, Darvikas, monarch, false, 1579902472
5, Darvikas, monarchy, false, 1579902526
5, Darvikas, yes, false, 1579902571
5, Darvikas, president, false, 1579902580
5, Darvikas, white, false, 1579902598
5, Darvikas, queenkingkhan, false, 1579902695
5, Darvikas, kingofbollywood, false, 1579902732
5, Darvikas, actors, false, 1579902745
5, Darvikas, pi, true, 1579902963
5, arthurpendragon, pi, true, 1579903110
5, E_power_i_pi, conoco, false, 1579903389
5, E_power_i_pi, conocophillips, false, 1579903401
5, E_power_i_pi, forbes, false, 1579903517
5, E_power_i_pi, silent, false, 1579904006
5, E_power_i_pi, newyork, false, 1579904046
5, E_power_i_pi, london, false, 1579904052
5, E_power_i_pi, zurich, false, 1579904058
5, E_power_i_pi, bullion, false, 1579904072
5, E_power_i_pi, goldbullion, false, 1579904079
5, E_power_i_pi, insurer, false, 1579904141
5, HeWhoMustNotBeNamed, pi, true, 1579905496
5, Elephantsfoot, favourite, false, 1579906374
5, Elephantsfoot, favourites, false, 1579906376
5, Elephantsfoot, magnate, false, 1579907343
5, mojo_jojo, 2020, false, 1579922785
5, mojo_jojo, 1234, false, 1579922792
5, mojo_jojo, 4321, false, 1579922798
5, mojo_jojo, 7, false, 1579922922
5, mojo_jojo, 6, false, 1579922926
5, mojo_jojo, 7.00, false, 1579922931
5, mojo_jojo, 7.00, false, 1579922932
5, mojo_jojo, 6.0, false, 1579922938
5, mojo_jojo, realnumber, false, 1579923053
5, mojo_jojo, 2013.5, false, 1579923072
5, mojo_jojo, 0.73, false, 1579923389
5, mojo_jojo, 0.48, false, 1579923489
5, mojo_jojo, 0.48, false, 1579923492
5, mojo_jojo, 31.31, false, 1579923511
5, mojo_jojo, 31.41, false, 1579923518
5, mojo_jojo, 314.1, false, 1579923525
5, mojo_jojo, 0.53, false, 1579923682
5, mojo_jojo, 0.53, false, 1579923684
5, mojo_jojo, 3.141, false, 1579923822
5, mojo_jojo, 3.142, false, 1579923830
5, mojo_jojo, pi, true, 1579923836
5, 07United, davidletterman, false, 1579924831
5, ayamrage, hafilmography, false, 1579925400
5, 07United, xmen, false, 1579925431
5, ayamrage, PI, false, 1579925478
5, ayamrage, pi, true, 1579925481
5, Doritoarmy, mywife, false, 1579925503
5, Doritoarmy, pi, true, 1579925508
5, 07United, apocalypse, false, 1579925839
5, 07United, rockingthevote, false, 1579926135
5, 07United, hellyeah, false, 1579926146
5, baap_square, magneto, false, 1579927328
5, Doomsday37, apocalypse, false, 1579927483
5, flitwick, pi, true, 1579927516
5, baap_square, snowden, false, 1579927575
5, TERABAAP, marcosevangelistaperezjimenez, false, 1579927751
5, Doomsday37, apocalypse, false, 1579927795
5, Doomsday37, jeffbezos, false, 1579927805
5, Doomsday37, ghostrider, false, 1579927868
5, Doomsday37, wolverine, false, 1579927908
5, Doomsday37, hughjackman, false, 1579927918
5, baap_square, sjhm, false, 1579927928
5, baap_square, skjlhcmf, false, 1579927951
5, TERABAAP, marcosperezjimenez, false, 1579927973
5, Doomsday37, hughjackman, false, 1579928056
5, Doomsday37, baconnumber, false, 1579928064
5, Whazza42, pi, true, 1579928082
5, Kaush1877, Map, false, 1579928088
5, Doomsday37, kevinbacon, false, 1579928114
5, Kaush1877, redcarpet, false, 1579928138
5, TERABAAP, xmen, false, 1579928176
5, TERABAAP, mutants, false, 1579928184
5, baap_square, avengers, false, 1579928185
5, TERABAAP, yes, false, 1579928189
5, baap_square, endgame, false, 1579928190
5, baap_square, rusoo, false, 1579928197
5, baap_square, russobrother, false, 1579928204
5, TERABAAP, "", false, 1579928208
5, TERABAAP, '', false, 1579928213
5, Kaush1877, photograph, false, 1579928233
5, baap_square, , false, 1579928238
5, Kaush1877, photoshoot, false, 1579928244
5, baap_square, *!@, false, 1579928253
5, Doomsday37, kevinbacon, false, 1579928262
5, Doomsday37, oracleofbacon, false, 1579928271
5, baap_square, vanderwall, false, 1579928273
5, baap_square, vanderwaal, false, 1579928296
5, baap_square, vanderwaals, false, 1579928299
5, baap_square, jamescameron, false, 1579928410
5, Doomsday37, kevinbacon, false, 1579928411
5, baap_square, james, false, 1579928414
5, TERABAAP, narcos, false, 1579928425
5, Doomsday37, kevinbacon, false, 1579928569
5, Doomsday37, tariqali, false, 1579928576
5, baap_square, 2141, false, 1579928631
5, Doomsday37, theoracleofbacon, false, 1579928681
5, TERABAAP, spaarnwouderweg, false, 1579928724
5, TERABAAP, 2131, false, 1579928767
5, baap_square, 3141, false, 1579928768
5, TERABAAP, 3141, false, 1579928772
5, TERABAAP, 3141, false, 1579928780
5, TERABAAP, hotdog, false, 1579928793
5, baap_square, angelnumber, false, 1579928803
5, baap_square, angel, false, 1579928808
5, Doomsday37, joanne, false, 1579928844
5, baap_square, tahershah, false, 1579928920
5, Doomsday37, erdosbacon, false, 1579929087
5, Doomsday37, erdosbacon, false, 1579929088
5, Doomsday37, erdosbaconnumber, false, 1579929095
5, Doomsday37, sixdegrees, false, 1579929184
5, Doomsday37, sixdegreesofkevinbacon, false, 1579929193
5, Doomsday37, baconslaw, false, 1579929217
5, Doomsday37, baconsaw, false, 1579929222
5, Doomsday37, baconlaw, false, 1579929233
5, Doomsday37, rodsteiger, false, 1579929274
5, Doomsday37, grovercleveland, false, 1579929472
5, Doomsday37, williammckinley, false, 1579929500
5, Doomsday37, erdosnumber, false, 1579929607
5, TheDemigod, masterchef, false, 1579929951
5, TheDemigod, masterchef, false, 1579929954
5, TheDemigod, master chef, false, 1579929960
5, Doomsday37, gordonramsey, false, 1579930051
5, Doomsday37, nightcrawler, false, 1579930169
5, Doomsday37, nightcrawler, false, 1579930195
5, TheDemigod, apocalypse, false, 1579930294
5, TheDemigod, horsemen, false, 1579930305
5, TheDemigod, horsemenofdeath, false, 1579930314
5, TheDemigod, fourhorsemenofdeath, false, 1579930321
5, TheDemigod, thefourhorsemenofdeath, false, 1579930327
5, TheDemigod, the four horsemen of the apocalypse, false, 1579930360
5, TheDemigod, thefourhorsemenoftheapocalypse, false, 1579930382
5, TheDemigod, michalka, false, 1579930642
5, Doomsday37, jonfavreau, false, 1579930776
5, TheDemigod, baconnumber, false, 1579930846
5, TheDemigod, footloose, false, 1579930851
5, TheDemigod, kevinbacon, false, 1579930857
5, TheDemigod, baconscore, false, 1579930868
5, Beast_hunter, crisis, false, 1579930945
5, TheDemigod, 3141, false, 1579930987
5, Beast_hunter, wedding, false, 1579931009
5, TheDemigod, baconslaw, false, 1579931116
5, TheDemigod, sixdegreesofbaconsfreedom, false, 1579931125
5, TheDemigod, sixdegreesofkevinbacon, false, 1579931140
5, TheDemigod, kevinbacon, false, 1579931146
5, Beast_hunter, Marcos Pérez Jiménez, false, 1579931176
5, Doomsday37, jamesmcavoy, false, 1579931180
5, Beast_hunter, marcospérezjiménez, false, 1579931197
5, Doomsday37, charlesxavier, false, 1579931211
5, Beast_hunter, celebrities, false, 1579931214
5, Beast_hunter, celebs, false, 1579931222
5, Beast_hunter, stars, false, 1579931229
5, TheDemigod, theoracleofbacon, false, 1579931258
5, Elephantsfoot, red, false, 1579931534
5, Doomsday37, americanhustle, false, 1579931717
5, PhantomScythe, oscar, false, 1579931789
5, PhantomScythe, mannequinn, false, 1579931800
5, PhantomScythe, actor, false, 1579931805
5, PhantomScythe, actors, false, 1579931807
5, PhantomScythe, award, false, 1579931810
5, PhantomScythe, awards, false, 1579931811
5, PhantomScythe, gala, false, 1579931815
5, PhantomScythe, madametussads, false, 1579931829
5, TheDemigod, kevinbacon, false, 1579931837
5, Beast_hunter, cookemaroney, false, 1579931847
5, PhantomScythe, madametussauds, false, 1579931855
5, PhantomScythe, pi, true, 1579931863
5, Beast_hunter, weeding, false, 1579932010
5, TheDemigod, oracleofbacon, false, 1579932144
5, Doomsday37, heisenberg, false, 1579932148
5, TheDemigod, theoracleofbacon, false, 1579932150
5, TheDemigod, theoracleofbacon, false, 1579932151
5, TheDemigod, theoracleofbacon, false, 1579932151
5, TheDemigod, theoracleofbacon, false, 1579932151
5, TheDemigod, theoracleofbacon, false, 1579932151
5, Elephantsfoot, 3131, false, 1579932164
5, Doomsday37, breakingbad, false, 1579932167
5, TheDemigod, pi, true, 1579932220
5, Elephantsfoot, angelnumber, false, 1579932229
5, Hellblazer100, pi, true, 1579932239
5, Elephantsfoot, baconumber, false, 1579932276
5, Elephantsfoot, kevinbacon, false, 1579932282
5, Hi_honey, pi, true, 1579932319
5, Beast_hunter, stevejobs, false, 1579932368
5, Beast_hunter, ha, false, 1579932379
5, Ranadev_CaptainR_LOL_Noob, loremipsum, false, 1579932417
5, Ranadev_CaptainR_LOL_Noob, loremipsum, false, 1579932424
5, Beast_hunter, ladygodiva, false, 1579932503
5, Doomsday37, friends, false, 1579932521
5, Ranadev_CaptainR_LOL_Noob, ladygodiva, false, 1579932528
5, Doomsday37, monica, false, 1579932531
5, Doomsday37, courtneykox, false, 1579932548
5, XamgineX, pi, true, 1579932620
5, Elephantsfoot, rotaract, false, 1579932705
5, Elephantsfoot, rotary, false, 1579932711
5, Beast_hunter, advertisements, false, 1579932721
5, Ranadev_CaptainR_LOL_Noob, mywife, false, 1579932783
5, Ranadev_CaptainR_LOL_Noob, fantastic4, false, 1579932883
5, Elephantsfoot, 3141, false, 1579933032
5, vidya_sagar_vepa, marshmello, false, 1579933301
5, vidya_sagar_vepa, stars, false, 1579933308
5, vidya_sagar_vepa, celebrities, false, 1579933317
5, Doomsday37, bigbasket, false, 1579933432
5, Elephantsfoot, sixdegreesofbacon, false, 1579933916
5, vidya_sagar_vepa, party, false, 1579933952
5, HiTmAn73, hollywood, false, 1579934109
5, Elephantsfoot, baconpie, false, 1579934166
5, Elephantsfoot, baconpi, false, 1579934168
5, Elephantsfoot, pi, true, 1579934173
5, HiTmAn73, celebrity, false, 1579934178
5, HiTmAn73, actors, false, 1579934181
5, HiTmAn73, actor, false, 1579934182
5, 07United, kevinbacon, false, 1579934388
5, 07United, baconnumber, false, 1579934402
5, Kaush1877, yes, false, 1579934494
5, Kaush1877, no, false, 1579934497
5, vidya_sagar_vepa, cookingwithmarshmello, false, 1579934550
5, vidya_sagar_vepa, cookingwithmarshmello, false, 1579934552
5, vidya_sagar_vepa, cookingwithmarshy, false, 1579934557
5, 07United, sixdegrees, false, 1579934605
5, 07United, sixdegreesofkevinbacon, false, 1579934615
5, Kaush1877, s, false, 1579934625
5, 07United, sixdegreesofbaconnumber, false, 1579934625
5, 07United, two, false, 1579934806
5, 07United, 3141, false, 1579934876
5, HiTmAn73, tuxedo, false, 1579934942
5, HiTmAn73, tuxedos, false, 1579934958
5, HiTmAn73, tuxedo, false, 1579934959
5, HiTmAn73, melbourne, false, 1579935009
5, HiTmAn73, victoria, false, 1579935059
5, HiTmAn73, melbourne, false, 1579935082
5, 07United, pie, false, 1579935157
5, 07United, pie, false, 1579935163
5, HiTmAn73, merylstreep, false, 1579935169
5, HiTmAn73, oscar, false, 1579935182
5, 07United, pi, true, 1579935182
5, HiTmAn73, oscaraward, false, 1579935185
5, HiTmAn73, oscarselfie, false, 1579935309
5, HiTmAn73, selfie, false, 1579935313
5, HiTmAn73, cook, false, 1579935387
5, HiTmAn73, cooking, false, 1579935389
5, HiTmAn73, newyear, false, 1579935393
5, Vampire_Hunter, marcosperezjimenez, false, 1579935417
5, HiTmAn73, costume, false, 1579935445
5, AdminAdmin, pi, true, 1579935831
5, HiTmAn73, samsung, false, 1579935924
5, HiTmAn73, samsungselfie, false, 1579935927
5, HiTmAn73, oscarselfie, false, 1579935933
5, HiTmAn73, xmen, false, 1579935947
5, HiTmAn73, x, false, 1579935949
5, HiTmAn73, x-men, false, 1579935961
5, ultraspex, marcosperezjimenez, false, 1579935965
5, Darenotask, mywife, false, 1579935967
5, Artemis14, marcosperezjimenez, false, 1579935991
5, HiTmAn73, apocalypse, false, 1579936103
5, HiTmAn73, samsungoscarselfie, false, 1579936154
5, 2ogrebetterthan1, mywife, false, 1579936175
5, no__name, goldenglobeawards, false, 1579936185
5, HiTmAn73, adidas, false, 1579936209
5, HiTmAn73, galaxy, false, 1579936237
5, HiTmAn73, samsunggalaxy, false, 1579936239
5, Doomsday37, davidletterman, false, 1579936242
5, TERABAAP, marcospérezjiménez, false, 1579936273
5, TERABAAP, marcospérezjiménez, false, 1579936275
5, Hashida_Itoru, marcos, false, 1579936285
5, TERABAAP, marcosperezjimenez, false, 1579936286
5, Doomsday37, thelateshow, false, 1579936327
5, 666_devil_666, tuxedo, false, 1579936340
5, no__name, awards, false, 1579936399
5, Doomsday37, lateshow, false, 1579936401
5, no__name, medals, false, 1579936407
5, no__name, awardfunction, false, 1579936415
5, no__name, awards, false, 1579936421
5, no__name, awards, false, 1579936422
5, TERABAAP, narcos, false, 1579936430
5, TERABAAP, narcos, false, 1579936434
5, TERABAAP, joy, false, 1579936568
5, TestAdminOG, sixdegreesofseparation, false, 1579936568
5, TERABAAP, ', false, 1579936571
5, Doomsday37, davidletterman, false, 1579936575
5, TestAdminOG, pi, true, 1579936583
5, TERABAAP, 'SELECT"", false, 1579936583
5, Wolverine_rockzz, marcosperezjimenez, false, 1579936594
5, TERABAAP, edgarramirez, false, 1579936656
5, TERABAAP, xmen, false, 1579936682
5, TERABAAP, xmam, false, 1579936685
5, TERABAAP, xman, false, 1579936687
5, ultraspex, memento, false, 1579936693
5, TERABAAP, magneto, false, 1579936698
5, TERABAAP, venezualla, false, 1579936705
5, TERABAAP, venezuela, false, 1579936719
5, TERABAAP, oceandrive\, false, 1579936746
5, TERABAAP, oceandrive, false, 1579936747
5, TERABAAP, oceandrive, false, 1579936748
5, TERABAAP, oceandrive, false, 1579936748
5, TERABAAP, oceandrive, false, 1579936748
5, TERABAAP, oceandrive, false, 1579936749
5, TERABAAP, oceandrive, false, 1579936749
5, TERABAAP, oceandrive, false, 1579936754
5, TERABAAP, oceandrive, false, 1579936754
5, TERABAAP, oceandrive, false, 1579936754
5, TERABAAP, oceandrive, false, 1579936754
5, TERABAAP, oceandrive, false, 1579936755
5, TERABAAP, oceandrive, false, 1579936755
5, TERABAAP, oceandrive, false, 1579936755
5, TERABAAP, oceandrive, false, 1579936755
5, TERABAAP, oceandrive, false, 1579936755
5, TERABAAP, oceandrive, false, 1579936755
5, TERABAAP, oceandrive, false, 1579936756
5, TERABAAP, regarding, false, 1579936855
5, TERABAAP, regardingwhat, false, 1579936857
5, omaewamoushindeiru, pi, true, 1579936879
5, Doomsday37, economy, false, 1579936888
5, Artemis14, masterchef, false, 1579936923
5, TERABAAP, whattheheck, false, 1579937011
5, TERABAAP, crisis, false, 1579937030
5, TERABAAP, economy, false, 1579937034
5, TERABAAP, arrow, false, 1579937038
5, TERABAAP, flash, false, 1579937041
5, TERABAAP, food, false, 1579937043
5, HiTmAn73, assassinscreed, false, 1579937070
5, TERABAAP, warmandfriendly, false, 1579937084
5, TERABAAP, *, false, 1579937089
5, TERABAAP, *'', false, 1579937092
5, HiTmAn73, prometheus, false, 1579937095
5, TERABAAP, *''', false, 1579937102
5, TERABAAP, *''', false, 1579937104
5, TERABAAP, *''', false, 1579937105
5, Wolverine_rockzz, redcarpet, false, 1579937179
5, Wolverine_rockzz, greencarpet, false, 1579937186
5, Wolverine_rockzz, carpet, false, 1579937191
5, HiTmAn73, fahrenheit, false, 1579937195
5, TERABAAP, edgarremirez, false, 1579937228
5, Wolverine_rockzz, Redcarpet, false, 1579937229
5, TERABAAP, pi, true, 1579937232
5, Wolverine_rockzz, Greencarpet, false, 1579937238
5, Wolverine_rockzz, Carpet, false, 1579937242
5, Darenotask, marcosperezjimenez, false, 1579937260
5, Doomsday37, pi, true, 1579937283
5, HiTmAn73, bacon, false, 1579937310
5, Wolverine_rockzz, chef, false, 1579937375
5, Wolverine_rockzz, masterchef, false, 1579937380
5, HiTmAn73, kevinbacon, false, 1579937390
5, Artemis14, merylstreep, false, 1579937397
5, Artemis14, raone, false, 1579937406
5, Artemis14, ra.one, false, 1579937409
5, Wolverine_rockzz, marcosperezjimenez, false, 1579937418
5, HiTmAn73, footloose, false, 1579937432
5, baap_square, pi, true, 1579937451
5, HiTmAn73, firstclass, false, 1579937491
5, E_power_i_pi, donation, false, 1579937494
5, HiTmAn73, xmenfirstclass, false, 1579937497
5, E_power_i_pi, donate, false, 1579937498
5, E_power_i_pi, giveaway, false, 1579937505
5, Achilles, jeangrey, false, 1579937556
5, Achilles, jeangrey, false, 1579937560
5, Achilles, sophieturner, false, 1579937570
5, HiTmAn73, jamesmavoy, false, 1579937613
5, HiTmAn73, professorx, false, 1579937797
5, HiTmAn73, tedx, false, 1579937820
5, HiTmAn73, 3141, false, 1579937944
5, HiTmAn73, 3131, false, 1579937984
5, Darenotask, katnisseverdeen, false, 1579937988
5, Darenotask, hugoparvez, false, 1579938063
5, E_power_i_pi, racist, false, 1579938166
5, Steve_Wazski, yes, false, 1579938179
5, Steve_Wazski, yes, false, 1579938180
5, Steve_Wazski, yes, false, 1579938180
5, E_power_i_pi, assembly, false, 1579938182
5, im_datta0, merylstreep, false, 1579938189
5, E_power_i_pi, personality, false, 1579938197
5, HiTmAn73, baconslaw, false, 1579938217
5, E_power_i_pi, independence, false, 1579938262
5, HiTmAn73, friend, false, 1579938272
5, E_power_i_pi, superhero, false, 1579938275
5, E_power_i_pi, superhero, false, 1579938276
5, HiTmAn73, handshake, false, 1579938278
5, Wolverine_rockzz, sixdegreesofkevinbacon, false, 1579938278
5, HiTmAn73, handshakerule, false, 1579938280
5, HiTmAn73, handshake, false, 1579938343
5, HiTmAn73, handshakesrule, false, 1579938346
5, HiTmAn73, handshakes, false, 1579938348
5, Darenotask, hughjackman, false, 1579938390
5, Darenotask, wolverine, false, 1579938398
5, Darenotask, thewolverine, false, 1579938401
5, E_power_i_pi, feminism, false, 1579938406
5, HiTmAn73, friendofafriend, false, 1579938408
5, pinkunicorn, jeffbezos, false, 1579938431
5, Steve_Wazski, bringhomethebacon, false, 1579938486
5, Steve_Wazski, bringhomethebacon, false, 1579938487
5, E_power_i_pi, joshsilver, false, 1579938501
5, Uniraider, mywife, false, 1579938522
5, Limeshadow, madamtsaads, false, 1579938602
5, Limeshadow, madametussauds, false, 1579938615
5, Sumailrtz, fan, false, 1579938621
5, Sumailrtz, fan, false, 1579938623
5, E_power_i_pi, metoo, false, 1579938626
5, E_power_i_pi, , false, 1579938634
5, Darenotask, sufiyaparvez, false, 1579938640
5, Darenotask, preityzinta, false, 1579938651
5, Steve_Wazski, 3120, false, 1579938663
5, Steve_Wazski, 3121, false, 1579938667
5, Sumailrtz, oscar, false, 1579938673
5, Steve_Wazski, 3131, false, 1579938673
5, Steve_Wazski, 3141, false, 1579938678
5, Wolverine_rockzz, anupamkher, false, 1579938683
5, Steve_Wazski, 3111, false, 1579938683
5, Steve_Wazski, 3151, false, 1579938688
5, Kokarott, Mangoxax, false, 1579938775
5, Sumailrtz, iamg, false, 1579938783
5, Kokarott, marcosperezjimenez, false, 1579938831
5, im_datta0, oscar, false, 1579938846
5, im_datta0, samsung, false, 1579938849
5, Steve_Wazski, 3141, false, 1579938989
5, Steve_Wazski, 3141, false, 1579938991
5, Limeshadow, sobriquet, false, 1579938997
5, Limeshadow, sobriquet, false, 1579939003
5, Uniraider, sobriquette', false, 1579939007
5, Uniraider, sobriquette, false, 1579939008
5, Uniraider, sobriquette, false, 1579939009
5, Uniraider, sobriquette, false, 1579939009
5, Uniraider, sobriquette, false, 1579939009
5, Steve_Wazski, 3142, false, 1579939016
5, Steve_Wazski, 314q, false, 1579939020
5, Steve_Wazski, 3141, false, 1579939023
5, Steve_Wazski, threeonefourone, false, 1579939035
5, Steve_Wazski, threeonefourone, false, 1579939036
5, Steve_Wazski, threeonefourone, false, 1579939036
5, Steve_Wazski, 9, false, 1579939054
5, Steve_Wazski, nine, false, 1579939058
5, Steve_Wazski, nine, false, 1579939059
5, Steve_Wazski, nine, false, 1579939059
5, Steve_Wazski, nine, false, 1579939059
5, Steve_Wazski, nine, false, 1579939059
5, Sumailrtz, iavg, false, 1579939103
5, 1code026, pi, true, 1579939119
5, Spurthi31, samsung, false, 1579939168
5, Steve_Wazski, , false, 1579939182
5, Steve_Wazski, threeonethreeone, false, 1579939189
5, Steve_Wazski, threeonethreeone, false, 1579939189
5, Steve_Wazski, threeonethreeone, false, 1579939190
5, Steve_Wazski, threeonethreeone, false, 1579939190
5, Steve_Wazski, 3131, false, 1579939198
5, Steve_Wazski, 3131, false, 1579939198
5, Steve_Wazski, 3131, false, 1579939199
5, Phoenix22, raone, false, 1579939221
5, Phoenix22, raven, false, 1579939224
5, Phoenix22, raven, false, 1579939225
5, Steve_Wazski, angelnumber, false, 1579939228
5, Phoenix22, ravenclaw, false, 1579939229
5, Steve_Wazski, angel, false, 1579939233
5, Steve_Wazski, angel, false, 1579939234
5, maverick_729, march82013, false, 1579939249
5, maverick_729, march082013, false, 1579939252
5, maverick_729, march08, false, 1579939255
5, pinkunicorn, 3141, false, 1579939279
5, Steve_Wazski, eight, false, 1579939286
5, Steve_Wazski, eight, false, 1579939287
5, Steve_Wazski, 8, false, 1579939291
5, Steve_Wazski, 8, false, 1579939292
5, HiTmAn73, baconnumber, false, 1579939292
5, Steve_Wazski, angelic, false, 1579939296
5, Steve_Wazski, angelic, false, 1579939297
5, Steve_Wazski, angelic, false, 1579939297
5, Steve_Wazski, angelic, false, 1579939298
5, Steve_Wazski, angelic, false, 1579939298
5, Steve_Wazski, angelic, false, 1579939298
5, Steve_Wazski, angelic, false, 1579939298
5, Steve_Wazski, angelic, false, 1579939298
5, Steve_Wazski, angelic, false, 1579939299
5, Steve_Wazski, angelic, false, 1579939299
5, Steve_Wazski, angelic, false, 1579939299
5, Steve_Wazski, angelic, false, 1579939299
5, Steve_Wazski, angelic, false, 1579939299
5, Steve_Wazski, angel, false, 1579939302
5, Steve_Wazski, angel, false, 1579939303
5, Steve_Wazski, angel, false, 1579939304
5, Steve_Wazski, angel, false, 1579939304
5, HiTmAn73, sixdegreesofseparation, false, 1579939316
5, Steve_Wazski, 3131, false, 1579939340
5, Steve_Wazski, angel, false, 1579939345
5, Steve_Wazski, angel, false, 1579939346
5, HiTmAn73, sixdegreesofbaconnumber, false, 1579939358
5, HiTmAn73, sixdegreesofbaconnumber, false, 1579939365
5, HiTmAn73, sixdegreesofbaconnumber, false, 1579939366
5, Uniraider, kgf, false, 1579939374
5, Uniraider, power, false, 1579939377
5, Uniraider, powerful, false, 1579939381
5, Trollface, , false, 1579939381
5, Uniraider, powerfulpeople, false, 1579939383
5, Uniraider, powerfulpeoplecome, false, 1579939385
5, Uniraider, batman, false, 1579939392
5, Uniraider, x, false, 1579939398
5, Uniraider, xmen, false, 1579939400
5, Uniraider, xman, false, 1579939402
5, Uniraider, wolverine, false, 1579939408
5, HiTmAn73, 3141, false, 1579939409
5, Uniraider, hughjakman, false, 1579939423
5, Uniraider, hughjackman, false, 1579939426
5, Limeshadow, godrej, false, 1579939427
5, Azwraith, no, false, 1579939473
5, Azwraith, yes, false, 1579939481
5, Azwraith, marcosevangelistapérezjiménez, false, 1579939516
5, maverick_729, xmen, false, 1579939529
5, maverick_729, xmen, false, 1579939530
5, Wolverine_rockzz, 9, false, 1579939561
5, HiTmAn73, sixdegreesofkevinbacon, false, 1579939566
5, Wolverine_rockzz, nine, false, 1579939566
5, Uniraider, salaam, false, 1579939582
5, Uniraider, salaamrockybhai, false, 1579939586
5, Wolverine_rockzz, 11, false, 1579939587
5, Uniraider, rockybhai, false, 1579939590
5, Wolverine_rockzz, eleven, false, 1579939591
5, HiTmAn73, sixdegreesorg, false, 1579939669
5, pinkunicorn, 3111, false, 1579939706
5, pinkunicorn, 3121, false, 1579939711
5, pinkunicorn, 3131, false, 1579939715
5, pinkunicorn, 3141, false, 1579939720
5, Azwraith, microwave, false, 1579939720
5, pinkunicorn, 3151, false, 1579939724
5, Azwraith, microwave, false, 1579939724
5, pinkunicorn, 3161, false, 1579939732
5, pinkunicorn, 3171, false, 1579939736
5, pinkunicorn, 3181, false, 1579939743
5, pinkunicorn, 3191, false, 1579939748
5, Limeshadow, myeife, false, 1579939763
5, Limeshadow, myeife, false, 1579939763
5, Limeshadow, mywife, false, 1579939772
5, Limeshadow, mywife, false, 1579939785
5, Spurthi31, profession, false, 1579939787
5, Limeshadow, mywife, false, 1579939787
5, Spurthi31, professions, false, 1579939790
5, Drake_fabuloso, cover, false, 1579939791
5, Drake_fabuloso, backcover, false, 1579939796
5, Azwraith, iavg, false, 1579939797
5, Drake_fabuloso, case, false, 1579939805
5, Spurthi31, shovenlawveneric, false, 1579939805
5, Drake_fabuloso, casing, false, 1579939810
5, Drake_fabuloso, backcasing, false, 1579939814
5, Drake_fabuloso, promotion, false, 1579939858
5, maverick_729, pdvsa, false, 1579939889
5, maverick_729, pdvsa, false, 1579939890
5, Trollface, crabrave, false, 1579939941
5, Wolverine_rockzz, zero, false, 1579940009
5, Sumailrtz, wolverine, false, 1579940026
5, Wolverine_rockzz, 3161, false, 1579940032
5, Sumailrtz, xmen, false, 1579940033
5, Wolverine_rockzz, 3151, false, 1579940036
5, Wolverine_rockzz, 3141, false, 1579940039
5, Gold_digger, strangerthings, false, 1579940040
5, Wolverine_rockzz, 3131, false, 1579940042
5, Wolverine_rockzz, 3121, false, 1579940046
5, Sumailrtz, masterchef, false, 1579940047
5, Azwraith, yes, false, 1579940047
5, Wolverine_rockzz, 3111, false, 1579940048
5, Gold_digger, strangers, false, 1579940049
5, Wolverine_rockzz, 3101, false, 1579940051
5, Gold_digger, strangerthings, false, 1579940057
5, Wolverine_rockzz, 0, false, 1579940064
5, Wolverine_rockzz, zero, false, 1579940068
5, Kokarott, yes, false, 1579940069
5, Sumailrtz, yes, false, 1579940073
5, Sumailrtz, yes, false, 1579940075
5, Wolverine_rockzz, one, false, 1579940078
5, Sumailrtz, yes, false, 1579940080
5, Wolverine_rockzz, two, false, 1579940082
5, Wolverine_rockzz, three, false, 1579940085
5, Wolverine_rockzz, four, false, 1579940088
5, Wolverine_rockzz, five, false, 1579940092
5, Spurthi31, x, false, 1579940095
5, Wolverine_rockzz, six, false, 1579940097
5, Wolverine_rockzz, no, false, 1579940100
5, Kokarott, fedex, false, 1579940100
5, Spurthi31, 10, false, 1579940101
5, Wolverine_rockzz, perhaps, false, 1579940111
5, Wolverine_rockzz, yes, false, 1579940122
5, Spurthi31, charles, false, 1579940126
5, Spurthi31, 2013, false, 1579940164
5, Spurthi31, 2012, false, 1579940169
5, Azwraith, 6thoneisdifficult, false, 1579940213
5, Spurthi31, 2014, false, 1579940221
5, skullcrusher, mywife, false, 1579940222
5, Kokarott, 2013, false, 1579940224
5, Azwraith, sixththoneisdifficult, false, 1579940224
5, Azwraith, sixthoneisdifficult, false, 1579940229
5, Drake_fabuloso, hero, false, 1579940259
5, Steve_Wazski, 3131, false, 1579940281
5, Steve_Wazski, 3131, false, 1579940283
5, Steve_Wazski, 3131, false, 1579940284
5, Steve_Wazski, 3131, false, 1579940284
5, Steve_Wazski, 3131, false, 1579940284
5, Steve_Wazski, 3131, false, 1579940284
5, caphesterer, redchillies, false, 1579940293
5, pinkunicorn, 1413, false, 1579940307
5, pinkunicorn, 3141, false, 1579940312
5, Limeshadow, mywife, false, 1579940360
5, Limeshadow, mywife, false, 1579940366
5, skullcrusher, porn, false, 1579940367
5, Limeshadow, mywife, false, 1579940376
5, Steve_Wazski, threeonethreeone, false, 1579940378
5, skullcrusher, lollipop, false, 1579940395
5, Limeshadow, mywife, false, 1579940415
5, maverick_729, yes, false, 1579940417
5, maverick_729, yes, false, 1579940418
5, Steve_Wazski, angelnumber, false, 1579940422
5, Steve_Wazski, angelnumber, false, 1579940422
5, Steve_Wazski, angelnumber, false, 1579940422
5, Steve_Wazski, angelnumber, false, 1579940423
5, Steve_Wazski, angelnumber, false, 1579940423
5, Steve_Wazski, angelnumber, false, 1579940423
5, Drake_fabuloso, celebrity, false, 1579940426
5, Spurthi31, famous, false, 1579940442
5, Steve_Wazski, 3131, false, 1579940443
5, Spurthi31, fame, false, 1579940447
5, Spurthi31, brand, false, 1579940452
5, Niggachu69420, kevinbacon, false, 1579940466
5, Spurthi31, sports, false, 1579940500
5, Spurthi31, sport, false, 1579940502
5, Spurthi31, masterchef, false, 1579940542
5, Drake_fabuloso, masterchef, false, 1579940547
5, Drake_fabuloso, masterchef, false, 1579940548
5, Drake_fabuloso, masterchef, false, 1579940549
5, Drake_fabuloso, chef, false, 1579940554
5, Steve_Wazski, 3141, false, 1579940560
5, TipTopGauntlet, hustle, false, 1579940589
5, blank123, cancer, false, 1579940607
5, blank123, cancer, false, 1579940609
5, E_power_i_pi, Pi, false, 1579940612
5, E_power_i_pi, pi, true, 1579940616
5, Spurthi31, great, false, 1579940627
5, Spurthi31, celeb, false, 1579940632
5, Spurthi31, celeb, false, 1579940632
5, blank123, 58, false, 1579940632
5, Spurthi31, celebrity, false, 1579940635
5, Spurthi31, winner, false, 1579940644
5, Drake_fabuloso, skin, false, 1579940652
5, Spurthi31, chickendinner, false, 1579940653
5, Drake_fabuloso, caseandskin, false, 1579940659
5, Drake_fabuloso, caseskin, false, 1579940664
5, Steve_Wazski, 3141, false, 1579940670
5, Spurthi31, case, false, 1579940695
5, Spurthi31, skin, false, 1579940701
5, blank123, samsung, false, 1579940705
5, Spurthi31, cases, false, 1579940705
5, blank123, samsung, false, 1579940707
5, Spurthi31, skins, false, 1579940709
5, Spurthi31, cases, false, 1579940712
5, Spurthi31, cober, false, 1579940715
5, Spurthi31, cover, false, 1579940718
5, Spurthi31, covers, false, 1579940721
5, Steve_Wazski, threeonefourone, false, 1579940729
5, Steve_Wazski, threeonefourone, false, 1579940730
5, Steve_Wazski, threeonefourone, false, 1579940731
5, Steve_Wazski, threeonefourone, false, 1579940731
5, Steve_Wazski, threeonefourone, false, 1579940731
5, Steve_Wazski, threeonefourone, false, 1579940732
5, Spurthi31, galaxy, false, 1579940734
5, Spurthi31, samsunggalaxy, false, 1579940740
5, Spurthi31, samsungalaxy, false, 1579940744
5, Spurthi31, samsunggalaxy, false, 1579940748
5, Steve_Wazski, threethousandonehundredandfortyone, false, 1579940749
5, Steve_Wazski, threethousandonehundredandfortyone, false, 1579940749
5, Spurthi31, galaxy, false, 1579940753
5, Drake_fabuloso, samsung, false, 1579940761
5, Drake_fabuloso, smartphone, false, 1579940768
5, Spurthi31, smart, false, 1579940768
5, Drake_fabuloso, touchphone, false, 1579940776
5, TipTopGauntlet, ravenstoves, false, 1579940830
5, ee190002068, pi, true, 1579940902
5, blank123, kitchen, false, 1579940919
5, blank123, kitchen, false, 1579940920
5, AceStricker, goldenawards, false, 1579940957
5, AceStricker, goldenaward, false, 1579940961
5, AceStricker, goldenglobes, false, 1579940982
5, AceStricker, goldenglobeawards, false, 1579940986
5, AceStricker, goldenglobesaward, false, 1579940993
5, AceStricker, goldenglobesawards, false, 1579940996
5, Gold_digger, strangerthings, false, 1579940997
5, TipTopGauntlet, , false, 1579941036
5, TipTopGauntlet, magnetron, false, 1579941042
5, TipTopGauntlet, ravenmagnetron, false, 1579941048
5, AceStricker, samsung, false, 1579941048
5, Uniraider, arcticmonkeys, false, 1579941177
5, Uniraider, actors, false, 1579941191
5, Uniraider, actors, false, 1579941194
5, Uniraider, actors, false, 1579941196
5, Uniraider, actors, false, 1579941196
5, Uniraider, don, false, 1579941214
5, MrSplashMan, xmen, false, 1579941215
5, Uniraider, southofborder, false, 1579941231
5, Uniraider, southoftheborder, false, 1579941237
5, Uniraider, edsheeran, false, 1579941247
5, Uniraider, hunger, false, 1579941261
5, Uniraider, panem, false, 1579941271
5, AceStricker, actors, false, 1579941421
5, AceStricker, 3b1b, false, 1579941458
5, AceStricker, 3b1b, false, 1579941458
5, Uniraider, swadesh, false, 1579941477
5, AceStricker, interview, false, 1579941479
5, Drake_fabuloso, 2020, false, 1579941480
5, AceStricker, interviewed, false, 1579941481
5, Uniraider, swades, false, 1579941481
5, Drake_fabuloso, 2000, false, 1579941485
5, Drake_fabuloso, 2011, false, 1579941490
5, Drake_fabuloso, 2012', false, 1579941494
5, Drake_fabuloso, 2012, false, 1579941495
5, Drake_fabuloso, 2013, false, 1579941498
5, AceStricker, millionaires, false, 1579941498
5, Drake_fabuloso, 2014, false, 1579941500
5, Drake_fabuloso, 2015, false, 1579941501
5, Drake_fabuloso, 2016, false, 1579941504
5, AceStricker, billionaires, false, 1579941505
5, AceStricker, billionaire, false, 1579941506
5, Drake_fabuloso, 2017, false, 1579941507
5, Drake_fabuloso, 2018, false, 1579941509
5, Drake_fabuloso, 2019, false, 1579941511
5, Drake_fabuloso, 2010, false, 1579941514
5, AceStricker, hungergames, false, 1579941524
5, The_Bonfire, bois, false, 1579941650
5, knightsofnight, 3142, false, 1579941785
5, knightsofnight, 3141, false, 1579941787
5, knightsofnight, 3143, false, 1579941788
5, knightsofnight, 3140, false, 1579941792
5, knightsofnight, 3141, false, 1579941794
5, knightsofnight, 3142, false, 1579941795
5, knightsofnight, 3143, false, 1579941797
5, knightsofnight, 3144, false, 1579941798
5, knightsofnight, 3145, false, 1579941800
5, knightsofnight, 3146, false, 1579941802
5, MrSplashMan, 14, false, 1579941843
5, MrSplashMan, 2004, false, 1579941854
5, MrSplashMan, fourteen, false, 1579941861
5, AceStricker, pose, false, 1579941908
5, AceStricker, photoshoot, false, 1579941914
5, knightsofnight, 3141, false, 1579941922
5, Wolverine_rockzz, 3171, false, 1579941929
5, Wolverine_rockzz, seven, false, 1579941952
5, Uniraider, mywife, false, 1579941983
5, Uniraider, mywife, false, 1579941984
5, Uniraider, mywife, false, 1579941986
5, Uniraider, mywife, false, 1579941991
5, Uniraider, mywife, false, 1579941994
5, Wolverine_rockzz, twelve, false, 1579941996
5, Uniraider, mywife, false, 1579941997
5, Uniraider, mywife, false, 1579941998
5, Uniraider, mywife, false, 1579941999
5, Uniraider, mywife, false, 1579941999
5, Uniraider, mywife, false, 1579941999
5, Uniraider, mywife, false, 1579942002
5, Uniraider, mywife, false, 1579942003
5, Uniraider, mywife, false, 1579942003
5, blank123, 2013, false, 1579942013
5, Uniraider, mywife, false, 1579942015
5, Uniraider, mywife, false, 1579942015
5, blank123, 2013, false, 1579942016
5, Uniraider, mywife, false, 1579942017
5, Uniraider, mywife, false, 1579942018
5, Uniraider, mywife, false, 1579942018
5, Uniraider, mywife, false, 1579942018
5, Uniraider, mywife, false, 1579942018
5, Uniraider, mywife, false, 1579942018
5, Uniraider, mywife, false, 1579942019
5, Uniraider, mywife, false, 1579942020
5, Uniraider, mywife, false, 1579942020
5, Juggernaut, maduro, false, 1579942027
5, Juggernaut, madurodiet, false, 1579942033
5, Juggernaut, themadurodiet, false, 1579942036
5, Uniraider, 2020, false, 1579942052
5, MrSplashMan, twothousandandfour, false, 1579942062
5, skullcrusher, chickendinner, false, 1579942120
5, Juggernaut, marcosperezjimenez, false, 1579942137
5, Juggernaut, marcosperezjimenez, false, 1579942139
5, Uniraider, six, false, 1579942149
5, knightsofnight, threeonefourone, false, 1579942155
5, Wolverine_rockzz, bacon, false, 1579942156
5, Wolverine_rockzz, baconnumber, false, 1579942162
5, Uniraider, six, false, 1579942192
5, Uniraider, six, false, 1579942193
5, Uniraider, six, false, 1579942194
5, Uniraider, six, false, 1579942194
5, Uniraider, six, false, 1579942195
5, Uniraider, six, false, 1579942196
5, Uniraider, pi, true, 1579942203
5, Juggernaut, hugochavez, false, 1579942222
5, Juggernaut, hugochávez, false, 1579942242
5, knightsofnight, 3141, false, 1579942243
5, Juggernaut, hugochávez, false, 1579942244
5, Limeshadow, pi, true, 1579942286
5, Juggernaut, cancer, false, 1579942297
5, skullcrusher, awards, false, 1579942298
5, skullcrusher, awards, false, 1579942301
5, skullcrusher, awards, false, 1579942302
5, MrSplashMan, milliebobbybrown, false, 1579942305
5, skullcrusher, ceremony, false, 1579942313
5, skullcrusher, ceremony, false, 1579942314
5, maverick_729, leninpeaceprize, false, 1579942386
5, Wolverine_rockzz, pi, true, 1579942396
5, Steve_Wazski, cada, false, 1579942408
5, Steve_Wazski, cada, false, 1579942409
5, Steve_Wazski, cada, false, 1579942409
5, Steve_Wazski, 3141, false, 1579942425
5, Steve_Wazski, 1413, false, 1579942451
5, Steve_Wazski, 1413, false, 1579942453
5, Steve_Wazski, 1413, false, 1579942455
5, Steve_Wazski, 1413, false, 1579942455
5, Steve_Wazski, 1413, false, 1579942455
5, Steve_Wazski, 1413, false, 1579942455
5, Steve_Wazski, 1413, false, 1579942455
5, Steve_Wazski, 1413, false, 1579942456
5, Steve_Wazski, 1413, false, 1579942456
5, Steve_Wazski, 1413, false, 1579942456
5, Steve_Wazski, 1413, false, 1579942456
5, Steve_Wazski, 1413, false, 1579942456
5, blank123, oscar, false, 1579942510
5, blank123, oscar, false, 1579942512
5, Spurthi31, friends, false, 1579942579
5, MrSplashMan, 14, false, 1579942593
5, MrSplashMan, fourteen, false, 1579942600
5, MrSplashMan, 2004, false, 1579942605
5, MrSplashMan, twothousandfour, false, 1579942617
5, MrSplashMan, marisabelrodríguezdechávez, false, 1579942678
5, Spurthi31, silverlinings, false, 1579942680
5, MrSplashMan, marisabelrodríguezdechavez, false, 1579942682
5, blank123, movies, false, 1579942719
5, Juggernaut, 3000, false, 1579942745
5, Juggernaut, threethousand, false, 1579942756
5, Juggernaut, threethousand, false, 1579942757
5, Juggernaut, ironman, false, 1579942762
5, Trollface, six, false, 1579942779
5, MrSplashMan, referendum, false, 1579942781
5, MrSplashMan, venezuela, false, 1579942788
5, Phoenix22, bacon, false, 1579942788
5, Gold_digger, kevinbacon, false, 1579942797
5, Gold_digger, kevinbacon, false, 1579942800
5, knightsofnight, 3141, false, 1579942804
5, MrSplashMan, venezuelanrecallreferendum, false, 1579942816
5, MrSplashMan, recallreferendum, false, 1579942821
5, knightsofnight, 3141, false, 1579942860
5, theMaverick, pi, true, 1579942867
5, HiTmAn73, pi, true, 1579942896
5, MrSplashMan, referendum, false, 1579942902
5, Gold_digger, 3141, false, 1579942903
5, Gold_digger, 3141, false, 1579942906
5, ajithreddy, 3141, false, 1579942906
5, MrSplashMan, referendum, false, 1579942907
5, MrSplashMan, referendum, false, 1579942908
5, MrSplashMan, referendum, false, 1579942908
5, MrSplashMan, referendum, false, 1579942908
5, MrSplashMan, referendum, false, 1579942908
5, MrSplashMan, referendum, false, 1579942908
5, MrSplashMan, referendum, false, 1579942908
5, blank123, 3141, false, 1579942910
5, blank123, 3141, false, 1579942911
5, MrSplashMan, recallreferendum, false, 1579942914
5, MrSplashMan, venezuelanrecallreferendum, false, 1579942921
5, blank123, pir, false, 1579942927
5, Steve_Wazski, adac, false, 1579942929
5, blank123, pie, false, 1579942930
5, Trollface, pi, true, 1579942933
5, Steve_Wazski, cadabacon, false, 1579942936
5, blank123, pie, false, 1579942936
5, Steve_Wazski, cadabacon, false, 1579942937
5, blank123, pie, false, 1579942937
5, knightsofnight, pie, false, 1579942938
5, Gold_digger, pi, true, 1579942943
5, blank123, pi, true, 1579942944
5, knightsofnight, 31415927, false, 1579942944
5, TipTopGauntlet, , false, 1579942944
5, ajithreddy, pi, true, 1579942946
5, TipTopGauntlet, pi, true, 1579942947
5, Juggernaut, 3132, false, 1579942977
5, Juggernaut, threeonethreetwo, false, 1579942987
5, Aryanreddy, pi, true, 1579943025
5, Phoenix22, pi, true, 1579943056
5, The_Bonfire, pi, true, 1579943093
5, Juggernaut, sohosquare, false, 1579943093
5, MrSplashMan, mainhoonna, false, 1579943108
5, whybother, 314, false, 1579943328
5, whybother, 3140, false, 1579943333
5, Juggernaut, sunday, false, 1579943334
5, Steve_Wazski, pi, true, 1579943343
5, MrSplashMan, mainhoonna, false, 1579943361
5, MrSplashMan, 111213, false, 1579943517
5, MrSplashMan, 111213, false, 1579943518
5, whybother, 3142, false, 1579943637
5, whybother, 3142, false, 1579943639
5, whybother, baconnumber, false, 1579943644
5, whybother, baconnumber, false, 1579943647
5, whybother, kevinbacon, false, 1579943653
5, MrSplashMan, swades, false, 1579943741
5, pinkunicorn, pi, true, 1579943768
5, whybother, sixdegreesofbacon, false, 1579943782
5, whybother, threetwofourone, false, 1579943799
5, whybother, threetwofourzero, false, 1579943804
5, Juggernaut, sixdegrees, false, 1579943849
5, Juggernaut, sixdegreesofkevinbacon, false, 1579943856
5, Juggernaut, baconnumber, false, 1579943862
5, Juggernaut, sixdegrees.org, false, 1579943870
5, Juggernaut, sixdegreesdotorg, false, 1579943875
5, Juggernaut, sixdegrees, false, 1579943877
5, Juggernaut, sixdegreesorg, false, 1579943880
5, akhil@1234, zero, false, 1579943900
5, Tabzzzzzzzz, pi, true, 1579943933
5, Juggernaut, 6degrees, false, 1579943950
5, MrSplashMan, coup, false, 1579943993
5, MrSplashMan, coupdetat, false, 1579943997
5, whybother, 10, false, 1579943999
5, whybother, ten, false, 1579944003
5, whybother, 3142, false, 1579944008
5, whybother, doxycycline, false, 1579944039
5, whybother, threeonefourtwo, false, 1579944099
5, whybother, westward, false, 1579944138
5, Juggernaut, pi, true, 1579944220
5, akhil@1234, four, false, 1579944232
5, whybother, 3141, false, 1579944256
5, whybother, 3141, false, 1579944258
5, Vp27101999, Pi, false, 1579944358
5, IdioticBaka1824, mywife, false, 1579944389
5, LordFaramir, austinpowers, false, 1579944391
5, LordFaramir, austinpowers, false, 1579944394
5, LordFaramir, austinpowers, false, 1579944396
5, LordFaramir, austinpowers, false, 1579944397
5, Vp27101999, pi, true, 1579944397
5, LordFaramir, austinpowers, false, 1579944398
5, LordFaramir, austinpowers, false, 1579944400
5, samettan7, 3141, false, 1579944513
5, samettan7, 3141, false, 1579944521
5, oneshot7321, 6.0, false, 1579944521
5, samettan7, 3141, false, 1579944523
5, oneshot7321, 279.15, false, 1579944529
5, yatish609, aux, false, 1579944550
5, Vampire_Hunter, pi, true, 1579944552
5, yatish609, auxcable, false, 1579944554
5, yatish609, 3.5mm, false, 1579944559
5, Stalkers_are_back, pi, true, 1579944563
5, yatish609, cablejack, false, 1579944564
5, yatish609, no, false, 1579944598
5, yatish609, yes, false, 1579944601
5, DrGhungroo, ddlj, false, 1579944647
5, DrGhungroo, ddlj, false, 1579944648
5, Heisenberg, six, false, 1579944697
5, yatish609, h, false, 1579944743
5, blackhat_11, sjhm, false, 1579944760
5, Astronomer14, 3.141, false, 1579944768
5, Alchemist, oven, false, 1579944802
5, yatish609, salmankhan, false, 1579944803
5, yatish609, devil, false, 1579944806
5, yatish609, devi, false, 1579944808
5, yatish609, thedevil, false, 1579944812
5, yashrathi, Marcosperezjenerez, false, 1579944850
5, Shadowman07, mastercheif, false, 1579944886
5, michaelcorleonejr, 6, false, 1579944913
5, michaelcorleonejr, 6., false, 1579944917
5, Heisenberg, eye, false, 1579944921
5, michaelcorleonejr, srk.jlaw, false, 1579944923
5, Heisenberg, i, false, 1579944926
5, AceStricker, bacon, false, 1579944927
5, AceStricker, baconnumbers, false, 1579944933
5, Heisenberg, todstien, false, 1579944937
5, AceStricker, baconnumber, false, 1579944937
5, Heisenberg, todstein, false, 1579944942
5, EP19BTECH11014, photoshop, false, 1579945009
5, Hopeless_Case, pi, true, 1579945034
5, blackhat_11, 1111, false, 1579945036
5, blackhat_11, 5, false, 1579945047
5, blackhat_11, level5, false, 1579945057
5, blackhat_11, shahrukhkhan!, false, 1579945070
5, blackhat_11, shahrukhkhan!., false, 1579945075
5, blackhat_11, shahrukhkhan., false, 1579945080
5, mindprobe, myass, false, 1579945148
5, Heisenberg, sixunderground, false, 1579945166
5, Heisenberg, six, false, 1579945171
5, Heisenberg, underground, false, 1579945176
5, blackhat_11, 2.15282, false, 1579945215
5, blackhat_11, 6., false, 1579945249
5, Heisenberg, sixtyseven, false, 1579945252
5, Jatin164, mywife, false, 1579945263
5, trekker_boy, lakadmatatagnormalinnormalin, false, 1579945292
5, mindprobe, myass, false, 1579945325
5, Heisenberg, whirlpool, false, 1579945340
5, MrSplashMan, venezuelanreferendum, false, 1579945344
5, michaelcorleonejr, shallow, false, 1579945397
5, Jatin164, oven, false, 1579945405
5, michaelcorleonejr, shallow knightbender, false, 1579945406
5, im_datta0, pi, true, 1579945407
5, Jatin164, oven, false, 1579945415
5, yatish609, nipples, false, 1579945417
5, yatish609, nipple, false, 1579945418
5, Heisenberg, pi, true, 1579945424
5, yatish609, boobs, false, 1579945425
5, yatish609, nip, false, 1579945428
5, yatish609, nipp, false, 1579945430
5, samettan7, pi, true, 1579945462
5, mechboyzz, zero, false, 1579945532
5, mindprobe, shahrukhkhan.6, false, 1579945625
5, EP19BTECH11014, 6.4, false, 1579945632
5, yatish609, meme, false, 1579945708
5, yatish609, blackwhite, false, 1579945712
5, michaelcorleonejr, 7B2E50D7BDBDA6B2D92268D2498E80471C9D8EE0BD5E708FC28E8E3F00E91322_xez7qs.jpg, false, 1579945713
5, skullcrusher, baconnumber, false, 1579945715
5, yatish609, samsung, false, 1579945715
5, yatish609, rolex, false, 1579945718
5, michaelcorleonejr, 7B2E50D7BDBDA6B2D92268D2498E80471C9D8EE0BD5E708FC28E8E3F00E91322, false, 1579945718
5, Drake_fabuloso, 54.295842, false, 1579945740
5, skullcrusher, 9, false, 1579945772
5, skullcrusher, kevinbacon, false, 1579945787
5, Drake_fabuloso, 54295842, false, 1579945802
5, Manimala_Mungara, 2.134, false, 1579945843
5, Manimala_Mungara, 2134, false, 1579945851
5, Ranadev_CaptainR_LOL_Noob, pi, true, 1579945865
5, EP19BTECH11014, 6.953, false, 1579945910
5, EP19BTECH11014, 6953, false, 1579945915
5, Kira123456, shahrukhkhan., false, 1579945920
5, Manimala_Mungara, 3.142, false, 1579945924
5, LordFaramir, pi, true, 1579945992
5, photatoo, baconnumers, false, 1579946022
5, Drake_fabuloso, avagadro, false, 1579946033
5, Drake_fabuloso, avagadrosnumber, false, 1579946040
5, Drake_fabuloso, avagaronumber, false, 1579946045
5, Drake_fabuloso, avagadronumber, false, 1579946049
5, Drake_fabuloso, plancksconstant, false, 1579946057
5, BrehBreh, pi, true, 1579946066
5, Drake_fabuloso, stefansconstant, false, 1579946067
5, whybother, nine, false, 1579946073
5, whybother, 9, false, 1579946077
5, whybother, 9, false, 1579946079
5, whybother, 3141, false, 1579946083
5, whybother, 3141, false, 1579946084
5, Y2KInventedMe, superhero, false, 1579946115
5, Y2KInventedMe, superhero, false, 1579946116
5, Y2KInventedMe, superhero, false, 1579946118
5, Y2KInventedMe, superhero, false, 1579946120
5, Y2KInventedMe, superhero, false, 1579946122
5, vishaljaiswal, pi, true, 1579946124
5, Y2KInventedMe, superheroes, false, 1579946127
5, blackhat_11, hoola, false, 1579946127
5, Y2KInventedMe, superheroes, false, 1579946128
5, blackhat_11, h.oola, false, 1579946132
5, Y2KInventedMe, stars, false, 1579946136
5, Y2KInventedMe, superstars, false, 1579946143
5, blackhat_11, sk.jlhcmf, false, 1579946163
5, blackhat_11, sk.jl.hc.mf, false, 1579946170
5, whybother, 3.141, false, 1579946197
5, whybother, 3.141, false, 1579946198
5, whybother, 3.141, false, 1579946200
5, whybother, pi, true, 1579946204
5, blackhat_11, 192.168.0.103, false, 1579946242
5, blackhat_11, 192.168.0.13, false, 1579946254
5, Drake_fabuloso, stefanboltzmann, false, 1579946268
5, Drake_fabuloso, stefanboltzmannconstant, false, 1579946271
5, Drake_fabuloso, 5.67, false, 1579946286
5, Astronomer14, pi, true, 1579946309
5, Drake_fabuloso, 1.001, false, 1579946343
5, Drake_fabuloso, gasconstant, false, 1579946372
5, Drake_fabuloso, gas, false, 1579946377
5, photatoo, pi, true, 1579946380
5, Drake_fabuloso, constant, false, 1579946383
5, bruteforce, fan, false, 1579946385
5, MrSplashMan, pi, true, 1579946390
5, Drake_fabuloso, gasconstant, false, 1579946391
5, Drake_fabuloso, universalgasconstant, false, 1579946401
5, Drake_fabuloso, pi, true, 1579946417
5, yatish609, pi, true, 1579946434
5, cyclonite, pi, true, 1579946444
5, maniac392, 3.141, false, 1579946457
5, maniac392, 3.142, false, 1579946460
5, maniac392, 3.14, false, 1579946463
5, Spurthi31, pi, true, 1579946468
5, thrilok18, 3.1, false, 1579946481
5, EP19BTECH11014, pi, true, 1579946487
5, Y2KInventedMe, Apocalypse, false, 1579946509
5, Y2KInventedMe, apocalypse, false, 1579946512
5, Y2KInventedMe, apocalypse, false, 1579946513
5, Y2KInventedMe, apocalypse, false, 1579946514
5, Y2KInventedMe, magnets, false, 1579946522
5, thrilok18, 3.1, false, 1579946523
5, thrilok18, 3.14, false, 1579946527
5, priorysion, 010453, false, 1579946529
5, priorysion, 01045300, false, 1579946532
5, priorysion, 0.1045300, false, 1579946537
5, mechboyzz, pi, true, 1579946541
5, priorysion, 0.10453, false, 1579946541
5, aayush27, 6.022, false, 1579946545
5, aayush27, 6.022, false, 1579946547
5, aayush27, 3.14, false, 1579946558
5, thrilok18, pi, true, 1579946560
5, bingob0ng, pi, true, 1579946563
5, KSN123456, pi, true, 1579946576
5, maniac392, pi, true, 1579946589
5, Kamikaze, pi, true, 1579946609
5, priorysion, pi, true, 1579946635
5, aayush27, 6.636, false, 1579946640
5, notitachi, pi, true, 1579946646
5, Y2KInventedMe, Beautiful people, false, 1579946666
5, gravedigger876, pi, true, 1579946670
5, Y2KInventedMe, beautifulpeople, false, 1579946680
5, aayush27, pi, true, 1579946714
5, Sharan_reddy, 3.14, false, 1579946760
5, Sharan_reddy, 3.1415, false, 1579946766
5, Sharan_reddy, 3.141, false, 1579946771
5, Sharan_reddy, 3.142, false, 1579946860
5, Sharan_reddy, pi, true, 1579947013
5, AceStricker, 3.141, false, 1579947024
5, AceStricker, 3141, false, 1579947034
5, AceStricker, pi, true, 1579947039
5, cs19b1026, oven, false, 1579947065
5, cs19b1026, microwave, false, 1579947084
5, WeWereOnABreak, pi, true, 1579947106
5, vader6969, pi, true, 1579947120
5, Kokarott, pi, true, 1579947122
5, HoseaFTW, pi, true, 1579947205
5, Y2KInventedMe, Pi, false, 1579947217
5, Y2KInventedMe, Pi, false, 1579947221
5, Y2KInventedMe, pi, true, 1579947227
5, Iqbal.anwaar, pi, true, 1579947241
5, michaelcorleonejr, pi, true, 1579947314
5, cs19b1026, kitchen, false, 1579947413
5, cs19b1026, kitchen, false, 1579947427
5, NoahCalhoun, pi, true, 1579947474
5, Karthik_Kanukollu, pi, true, 1579947722
5, dmachine7, pi, true, 1579947762
5, 123@aditya, pi, true, 1579947768
5, Shadowman07, pi, true, 1579947991
5, Srikanth, pi, true, 1579948012
5, cookie_pie, 3.141, false, 1579948191
5, cookie_pie, 3.14, false, 1579948196
5, cookie_pie, pi, true, 1579948205
5, Rohith03, pi, true, 1579948233
5, mandirwahibanayenge, pi, true, 1579948389
5, Jatin164, pi, true, 1579948421
5, Sandesh9, mywife, false, 1579948565
5, Sandesh9, mywife, false, 1579948566
5, Sandesh9, mywife, false, 1579948569
5, Sandesh9, mywife, false, 1579948570
5, Sandesh9, mywife, false, 1579948571
5, cs19b1026, pie, false, 1579948591
5, cs19b1026, pie, false, 1579948593
5, cs19b1026, pie, false, 1579948594
5, cs19b1026, pie, false, 1579948597
5, Sandesh9, pi, true, 1579948602
5, cs19b1026, pi, true, 1579948657
5, yash0323, pi, true, 1579948741
5, sancho123, merylstreep, false, 1579948837
5, LordTyrion, pi, true, 1579948940
5, sancho123, 54.295842, false, 1579948977
5, sancho123, 54.295842, false, 1579948978
5, sancho123, 54.295842, false, 1579948979
5, Clovemisss, pi, true, 1579949064
5, sancho123, 3.141529, false, 1579949792
5, Waseemthayyil, pi, true, 1579949802
5, O_b_e_l_i_x, pi, true, 1579949820
5, sancho123, pi, true, 1579949871
5, yash_odhan, pi, true, 1579950148
5, angad11121, pi, true, 1579950149
5, deadly_ranger, pi, true, 1579950535
5, spansucksatdecoding, pi, true, 1579950647
5, yashrathi, pi, true, 1579951242
5, Rorschach, pi, true, 1579951345
5, Alchemist, pi, true, 1579951547
5, Gtails2021, 19.10813, false, 1579951738
5, vardhanp, pi, true, 1579951954
5, frozenloser, pi, true, 1579951971
5, baap_log, pi, true, 1579952177
5, 18stuchh010204, pi, true, 1579952178
5, IdioticBaka1824, pi, true, 1579952220
5, lokeshagarwal149@gmail.com, pi, true, 1579952281
5, hai12345678, pi, true, 1579952422
5, caphesterer, zero, false, 1579952582
5, caphesterer, pi, true, 1579952747
5, maverick_729, pi, true, 1579952834
5, OneForAll, pi, true, 1579952841
5, CursedApple, mywife, false, 1579952881
5, CursedApple, pi, true, 1579952890
5, Gtails2021, 3.143, false, 1579953374
5, Gtails2021, pi, true, 1579953380
5, supsupsup, pi, true, 1579953440
5, Azwraith, pi, true, 1579953590
5, Venkatesh, pi, true, 1579953736
5, halfvind, pi, true, 1579954398
5, Sumailrtz, pi, true, 1579954686
5, Anekchampion, pi, true, 1579955078
5, sachinvishwa, pi, true, 1579955101
5, narayan7, pi, true, 1579955157
5, mindprobe, pi, true, 1579955246
5, Agent_AtreyA, pi, true, 1579955566
5, truthvik@gmail.com, pi, true, 1579955694
5, wonttell, pi, true, 1579955753
5, varun_10, pi, true, 1579955998
5, anmol123, pi, true, 1579956125
5, Sayantan, pi, true, 1579956132
5, oneshot7321, 3.14, false, 1579956188
5, hazy.......007, pi, true, 1579956190
5, oneshot7321, pi, true, 1579956224
5, abhi_shek5, pi, true, 1579956307
5, Beast_hunter, pi, true, 1579956578
5, himanshu@259, pi, true, 1579956720
5, Manjot1151, pi, true, 1579956828
5, keerthanar_15, pi, true, 1579956903
5, Lucifer_Morningstar, pi, true, 1579956987
5, proton25, pi, true, 1579957112
5, Hereforfun, pi, true, 1579957553
5, Niggachu69420, pi, true, 1579957677
5, srks2REDIFFMAIL.COM, pi, true, 1579957827
5, knightsofnight, pi, true, 1579957861
5, mupparapukoushik@gmail.com, mywife, false, 1579957930
5, mupparapukoushik@gmail.com, mywife, false, 1579957930
5, mupparapukoushik@gmail.com, mywife, false, 1579957930
5, mupparapukoushik@gmail.com, mywife, false, 1579957930
5, mupparapukoushik@gmail.com, mywife, false, 1579957930
5, mupparapukoushik@gmail.com, mywife, false, 1579957930
5, mupparapukoushik@gmail.com, mywife, false, 1579957931
5, mupparapukoushik@gmail.com, mywife, false, 1579957931
5, mupparapukoushik@gmail.com, pi, true, 1579958135
5, Sandeep47, pi, true, 1579958179
5, DrGhungroo, pi, true, 1579958748
5, Sravani123, pi, true, 1579959074
5, akhil@1234, pi, true, 1579959126
5, webhunter, pi, true, 1579959134
5, CS19BTECH11045@iith.ac.in, no, false, 1579959377
5, CS19BTECH11045@iith.ac.in, 1.234, false, 1579959567
5, CS19BTECH11045@iith.ac.in, 3.245, false, 1579959579
5, Prasad055, lifeofpi, false, 1579960006
5, Prasad055, pi, true, 1579960009
5, CS19BTECH11045@iith.ac.in, 3.231, false, 1579960650
5, CS19BTECH11045@iith.ac.in, 3.232, false, 1579960657
5, CS19BTECH11045@iith.ac.in, 3.233, false, 1579960661
5, CS19BTECH11045@iith.ac.in, 3.234, false, 1579960666
5, CS19BTECH11045@iith.ac.in, 3.235, false, 1579960669
5, CS19BTECH11045@iith.ac.in, 3.236, false, 1579960674
5, CS19BTECH11045@iith.ac.in, 3.237, false, 1579960677
5, CS19BTECH11045@iith.ac.in, 3.238, false, 1579960681
5, CS19BTECH11045@iith.ac.in, 3.239, false, 1579960684
5, CS19BTECH11045@iith.ac.in, 3.230, false, 1579960688
5, CS19BTECH11045@iith.ac.in, pi, true, 1579960866
5, akhila96, pi, true, 1579960899
5, DroneDangwal, pi, true, 1579960970
5, Itsmeeeee, pi, true, 1579961310
5, Tony_Stark, pi, true, 1579961771
5, abcd1234, pi, true, 1579962144
5, reddyjaideep1729, pi, true, 1579962144
5, Shashankgarg02, jenniferlopez, false, 1579962653
5, Shashankgarg02, jenniferlopez, false, 1579962654
5, Shashankgarg02, jenniferlopez, false, 1579962654
5, Shashankgarg02, bbmbaby, false, 1579962899
5, Shashankgarg02, bbmbaby, false, 1579962901
5, Shashankgarg02, bbmbaby, false, 1579962901
5, Shashankgarg02, bbmbaby, false, 1579963068
5, Shashankgarg02, bbmbaby, false, 1579963069
5, Shashankgarg02, pi, true, 1579963106
5, ultraspex, 3141, false, 1579964067
5, ultraspex, pi, true, 1579964072
5, YourMomLigma, pi, true, 1579964154
5, bhavana.bayyapu@gmail.com, pi, true, 1579964556
5, Prater12, pi, true, 1579964609
5, MeMeMeMe, mywife, false, 1579964655
5, MeMeMeMe, pi, true, 1579964685
5, Lolmeister27, mywife, false, 1579964760
5, Lolmeister27, pi, true, 1579964825
5, bruteforce, Pie, false, 1579965054
5, bruteforce, pie, false, 1579965060
5, bruteforce, pi, true, 1579965069
5, YourGrandDaddy, khan, false, 1579965501
5, Charannarukulla, pi, true, 1579965544
5, Aish0926, pi, true, 1579965673
5, The_Destroyer, pi, true, 1579965674
5, Manjunath, pi, true, 1579965739
5, Harshitha, zero, false, 1579965828
5, Harshitha@2001, celebrities, false, 1579965837
5, Harshitha@2001, pi, true, 1579965844
5, Harshitha, pi, true, 1579965846
5, YourGrandDaddy, 3.146, false, 1579965945
5, YourGrandDaddy, 3.14, false, 1579965966
5, YourGrandDaddy, 3.141, false, 1579965968
5, YourGrandDaddy, 3.1415, false, 1579965970
5, YourGrandDaddy, 3.14159, false, 1579965972
5, YourGrandDaddy, 3.1416, false, 1579965975
5, YourGrandDaddy, 3.141, false, 1579965987
5, YourGrandDaddy, 3.142, false, 1579965990
5, YourGrandDaddy, 3.14, false, 1579965994
5, nishit01, chickentikka, false, 1579966588
5, Beckywiththegoodhair, pi, true, 1579967095
5, vermicelli, pi, true, 1579967215
5, DeadlyArise, pi, true, 1579967256
5, applecidervinegar, madametusaauds, false, 1579967302
5, applecidervinegar, madametussauds, false, 1579967306
5, applecidervinegar, madametussauds, false, 1579967307
5, Hashida_Itoru, pi, true, 1579967654
5, ananya173, pi, true, 1579967781
5, BoredTea, pi, true, 1579967937
5, crypto007, pi, true, 1579968032
5, DarkArcher, pie, false, 1579968068
5, DarkArcher, py, false, 1579968074
5, DarkArcher, 3.14, false, 1579968078
5, DarkArcher, 314, false, 1579968082
5, DarkArcher, pi, true, 1579968113
5, applecidervinegar, pi, true, 1579968305
5, EpsteinDidntKillHimself, pi, true, 1579968505
5, JMeghana, pi, true, 1579968642
5, GreenEarthEagle, pi, true, 1579969005
5, sampa.chakraborty@gmail.com, mywife, false, 1579969145
5, sampa.chakraborty@gmail.com, pi, true, 1579969158
5, Sidkiller001, pi, true, 1579970230
5, gokulkannanr, pi, true, 1579970812
5, cs19btech11016@iith.ac.in, pi, true, 1579970830
5, BlackDog, pu, false, 1579970860
5, BlackDog, pi, true, 1579970864
5, nzeynotofficial, pi, true, 1579971216
5, 8charecterslong, pi, true, 1579971459
5, SolveyMcSolveface, pi, true, 1579971937
5, DH-Dalz2001, pi, true, 1579972165
5, Tanishkjain1357, pi, true, 1579972427
5, anonsurf, pi, true, 1579972460
5, Danvishbala, pi, true, 1579972470
5, GundaSachin, pi, true, 1579972510
5, lonewarrior, pi, true, 1579972644
5, rohitsharma45, pi, true, 1579972764
5, anandubajith, pi, true, 1579972773
5, rockstar, pi, true, 1579972970
5, Streakker, pi, true, 1579972986
5, aditya_2020, pi, true, 1579973106
5, Manimala_Mungara, pi, true, 1579973107
5, Sohith.mutha, pi, true, 1579973225
5, Shoban65r, pi, true, 1579973331
5, Samdeep13, pi, true, 1579973498
5, JamesBond007, pi, true, 1579973546
5, BowMirage, pi, true, 1579973600
5, ChaiMeinDoobaBiskut, pi, true, 1579973887
5, Abcdefghi, pi, true, 1579974182
5, Deepak@780, pi, true, 1579974188
5, Dishimon, mywife, false, 1579974388
5, mayagr179, pie, false, 1579974441
5, Dishimon, pi, true, 1579974472
5, mayagr179, Pie, false, 1579974489
5, mayagr179, Pi, false, 1579974496
5, mayagr179, Pi, false, 1579974498
5, mayagr179, pi, true, 1579974506
5, Cicada007, pi, true, 1579974526
5, harshu@10, pi, true, 1579974551
5, sanilsjacob, pi, true, 1579974553
5, RocketMan, pi, true, 1579974717
5, HurakenDjinn, pi, true, 1579974863
5, blackhat_11, 3.14, false, 1579976328
5, blackhat_11, pi, true, 1579976333
5, smarankulkarni, pi, true, 1579977593
5, mercenary, pi, true, 1579977609
5, YourGrandDaddy, pi, true, 1579979851
5, AdminisGod, pi, true, 1579984751
5, LivingTribunal, pi, true, 1579984949
5, tjkartha, pi, true, 1579985064
5, Okboomer2, pi, true, 1579986230
5, xx_rollin_420, Pi, false, 1579987555
5, xx_rollin_420, Pi, false, 1579987556
5, xx_rollin_420, pi, true, 1579987562
5, Saikiran, pi, true, 1579988507
5, deepakkiriti, pi, true, 1579988571
5, Loy_88888, pi, true, 1579989906
5, Veena007, pi, true, 1579990215
5, tinygoblin, pi, true, 1579990723
5, cyb3rjithu, pi, true, 1579993539
5, 2ogrebetterthan1, pi, true, 1579993740
5, Himank12, mywife, false, 1580005238
5, Himank12, pi, true, 1580005257
5, godsrider, pi, true, 1580005273
5, Piyush_02, pi, true, 1580006954
5, Sudha1022, pi, true, 1580008512
5, SanthoshGoku, pi, true, 1580010489
5, Harshith, pi, true, 1580013354
5, nandini_kanoria, pi, true, 1580013548
5, mkavgane, pi, true, 1580013644
5, devilpoacher, pi, true, 1580015378
5, bhavishrg, pi, true, 1580017386
5, Sauchalay, pi, true, 1580017705
5, pranu2502, pi, true, 1580024253
5, Super-A-man, pi, true, 1580024870
5, aryangoyal24, pu, false, 1580025502
5, aryangoyal24, pi, true, 1580025506
5, oura162333, pi, true, 1580027115
5, karan.uppal3, pi, true, 1580029986
5, ZacknCody, pi, true, 1580030904
5, mr_rogers, pi, true, 1580031529
5, justforfun, pi, true, 1580032002
5, Radientbrain, pi, true, 1580032351
5, AbunAnna, pi, true, 1580034155
5, Likhita_26, pi, true, 1580034640
5, Boom.boom.ciao, pi, true, 1580036152
5, SidThePro, pi, true, 1580037766
5, ABCD1234, pi, true, 1580038960
5, SneakyGrease, pi, true, 1580040090
5, tombstone, pi, true, 1580042068
5, nanabananas, pi, true, 1580044279
5, richik7777, pi, true, 1580045574
5, sparklin, pi, true, 1580045791
5, sarthak2024, pi, true, 1580046699
5, Mahi55555, pi, true, 1580046783
5, Amarthya, pi, true, 1580047447
5, Raadhes814, pi, true, 1580047889
5, JaffaPodi, pi, true, 1580048532
5, okboomer, pi, true, 1580048762
5, 25Aaditya, pi, true, 1580052066
5, Light2805, pi, true, 1580052898
5, Jessi123, pi, true, 1580054510
5, starlord, pi, true, 1580055875
5, Parayan4, pi, true, 1580056019
5, Luciferr, pi, true, 1580056490
5, 666_devil_666, pi, true, 1580056633
5, ModiShallNotGiveHints, pi, true, 1580061688
5, Khal_nayak, pi, true, 1580065070
5, Milanvarma, csv, false, 1580065476
5, Milanvarma, triviagame, false, 1580066336
5, Milanvarma, pi, true, 1580067356
