[
 {
  "hint": "Welcome to Cryptex 2020",
  "index": 1,
  "level": 0
 },
 {
  "hint": "The guidelines shall prove to be useful. ",
  "index": 1,
  "level": 1
 },
 {
  "hint": "A play on words shall lead you to the answer. ",
  "index": 1,
  "level": 2
 },
 {
  "hint": "Some of the questions are made to be interactive. ",
  "index": 2,
  "level": 0
 },
 {
  "hint": "WeAre waiting eagerly for the latest installment. ",
  "index": 1,
  "level": 3
 },
 {
  "hint": "Huntress is a Lightshot away. Use them whenever and wherever. ",
  "index": 2,
  "level": 1
 },
 {
  "hint": "What an interesting list of ingredients. ",
  "index": 1,
  "level": 4
 },
 {
  "hint": "Rebuses",
  "index": 2,
  "level": 2
 },
 {
  "hint": "Do I know you?",
  "index": 1,
  "level": 5
 },
 {
  "hint": "2 + 1 = 2",
  "index": 2,
  "level": 3
 },
 {
  "hint": "Get to the point already!",
  "index": 1,
  "level": 7
 },
 {
  "hint": "Giveaway hint: Click on the newspaper and the monitor. ",
  "index": 3,
  "level": 0
 },
 {
  "hint": "The companion. ",
  "index": 2,
  "level": 4
 },
 {
  "hint": "Giveaway hint: What did he call his recorder?",
  "index": 3,
  "level": 4
 },
 {
  "hint": "Answer released on forum. ",
  "index": 4,
  "level": 0
 },
 {
  "hint": "Answer released on forum. ",
  "index": 3,
  "level": 1
 },
 {
  "hint": "Answer released on forum. ",
  "index": 3,
  "level": 2
 },
 {
  "hint": "Answer released on forum. ",
  "index": 3,
  "level": 3
 },
 {
  "hint": "You’ve seen these numbers somewhere?",
  "index": 2,
  "level": 5
 },
 {
  "hint": "Are you in the right place?",
  "index": 1,
  "level": 8
 },
 {
  "hint": "Upside down, inside out, something should work.",
  "index": 2,
  "level": 7
 },
 {
  "hint": "Red wine? Red vodka? Not quite.",
  "index": 1,
  "level": 9
 },
 {
  "hint": "Don’t forget the decimal point after Shah Rukh Khan!",
  "index": 3,
  "level": 5
 },
 {
  "hint": "The answer has been released on the forum. ",
  "index": 4,
  "level": 4
 },
 {
  "hint": "The answer lies in the keys. Oh wait, someone did change the windows to something else!",
  "index": 2,
  "level": 6
 },
 {
  "hint": "We should really change the windows to something else. It’s getting cold here in HQ.",
  "index": 1,
  "level": 6
 },
 {
  "hint": "Cryptex the OTH, who makes it?",
  "index": 2,
  "level": 8
 },
 {
  "hint": "Get some background info on the question. ",
  "index": 1,
  "level": 10
 },
 {
  "hint": "Giveaway hint: It's Blackberry",
  "index": 3,
  "level": 6
 },
 {
  "hint": "Giveaway hint: A113",
  "index": 3,
  "level": 7
 },
 {
  "hint": "Some base number system is required to open the door. ",
  "index": 2,
  "level": 9
 },
 {
  "hint": "What if Tc was To does anything combine to form something intelligible!?.",
  "index": 2,
  "level": 10
 },
 {
  "hint": "Giveaway Hint 2: Find a way to connect the deciphered code back to Blackberry. ",
  "index": 4,
  "level": 6
 },
 {
  "hint": "Wake up to Motorola!",
  "index": 3,
  "level": 10
 },
 {
  "hint": "Our fest is coming up, have you checked it out?",
  "index": 3,
  "level": 8
 },
 {
  "hint": "Room ( _ _ _ ): What’s coming next?",
  "index": 3,
  "level": 9
 },
 {
  "hint": "Giveaway hint: The end of the rainbow is clickable. Don’t forget the riddle!",
  "index": 4,
  "level": 8
 },
 {
  "hint": "Answer posted on the forum",
  "index": 5,
  "level": 6
 },
 {
  "hint": "You can click around on the pdf.",
  "index": null,
  "level": 11
 },
 {
  "hint": "Giveaway: The Shining + 1",
  "index": 4,
  "level": 9
 },
 {
  "hint": "Answer posted",
  "index": 4,
  "level": 7
 },
 {
  "hint": "Is that a pine tree? Wear it on your head.",
  "index": 12,
  "level": 12
 },
 {
  "hint": "Giveaway: Motorola Alarms",
  "index": 4,
  "level": 10
 },
 {
  "hint": "Answer posted. ",
  "index": 5,
  "level": 8
 },
 {
  "hint": "Likes, retweets and comments: they all matter.",
  "index": 1,
  "level": 13
 },
 {
  "hint": "How far away is the mother?",
  "index": null,
  "level": 11
 },
 {
  "hint": "Go through the rules and guidelines properly. ",
  "index": null,
  "level": 11
 },
 {
  "hint": "We’ve uploaded a different image and have made the question easier. Same hints apply.",
  "index": 1,
  "level": 14
 },
 {
  "hint": "Look at the name on the cover.",
  "index": 2,
  "level": 14
 },
 {
  "hint": "Look into the colours of the picture. Find peace.",
  "index": 3,
  "level": 14
 },
 {
  "hint": "Time will tell. ",
  "index": 1,
  "level": 16
 },
 {
  "hint": "There's more to this question than meets the eye. ",
  "index": 1,
  "level": 17
 },
 {
  "hint": "Shapes matter. ",
  "index": 4,
  "level": 12
 },
 {
  "hint": "gapsa r ei mp ort an t",
  "index": 2,
  "level": 17
 },
 {
  "hint": "When in doubt, look towards the gods. ",
  "index": 2,
  "level": 16
 },
 {
  "hint": "The blinking blind face will tell. A face of green to be decoded, His pauses in motion ever so important. ",
  "index": 3,
  "level": 17
 },
 {
  "hint": "(5)(1)(2)(2)(3)(2)(1) P.S. That profile picture is a weird colour. ",
  "index": 4,
  "level": 17
 },
 {
  "hint": "Having followed the blinks, Find your way around like Keller did. ",
  "index": 5,
  "level": 17
 },
 {
  "hint": "Giveaway Hint: Decode the Morse, Decode the Braille, The color will give you where he came from. But who did he meet?",
  "index": 6,
  "level": 17
 },
 {
  "hint": "Answer: deathlyhallows",
  "index": 5,
  "level": 12
 },
 {
  "hint": "Answer posted on forum",
  "index": 4,
  "level": 5
 },
 {
  "hint": "Answer posted on forum",
  "index": 5,
  "level": 9
 },
 {
  "hint": "Answer posted on forum",
  "index": 5,
  "level": 10
 },
 {
  "hint": "Answer posted on forum",
  "index": 1,
  "level": 11
 },
 {
  "hint": "This again?",
  "index": 1,
  "level": 18
 },
 {
  "hint": "You know I’m all about that base",
  "index": 2,
  "level": 13
 }
]