[
 {
  "answer": "cryptex2020",
  "level": 0
 },
 {
  "answer": "ladygodiva",
  "level": 1
 },
 {
  "answer": "loremipsum",
  "level": 2
 },
 {
  "answer": "valve",
  "level": 3
 },
 {
  "answer": "mywife",
  "level": 4
 },
 {
  "answer": "pi",
  "level": 5
 },
 {
  "answer": "bbmbaby",
  "level": 6
 },
 {
  "answer": "pixar",
  "level": 7
 },
 {
  "answer": "thinkingjuice",
  "level": 8
 },
 {
  "answer": "doctorsleep",
  "level": 9
 },
 {
  "answer": "platinum",
  "level": 10
 },
 {
  "answer": "fortynine",
  "level": 13
 },
 {
  "answer": "deathlyhallows",
  "level": 12
 },
 {
  "answer": "kriyayoga",
  "level": 14
 },
 {
  "answer": "ninety",
  "level": 11
 },
 {
  "answer": "grindhouse",
  "level": 15
 },
 {
  "answer": "marieantoinette",
  "level": 16
 },
 {
  "answer": "businessman",
  "level": 17
 },
 {
  "answer": "welovecryptex67435",
  "level": 18
 },
 {
  "answer": "head",
  "level": 19
 },
 {
  "answer": "masterworks",
  "level": 21
 },
 {
  "answer": "mario",
  "level": 23
 },
 {
  "answer": "marcellus",
  "level": 22
 },
 {
  "answer": "tomorrowisalongtime",
  "level": 24
 },
 {
  "answer": "spnckwuiqfedxagr",
  "level": 20
 }
]