level,hint,index
0,Welcome to Cryptex 2020,1
1,The guidelines shall prove to be useful. ,1
2,A play on words shall lead you to the answer. ,1
0,Some of the questions are made to be interactive. ,2
3,WeAre waiting eagerly for the latest installment. ,1
1,Huntress is a Lightshot away. Use them whenever and wherever. ,2
4,What an interesting list of ingredients. ,1
2,Rebuses,2
5,Do I know you?,1
3,2 + 1 = 2,2
7,Get to the point already!,1
0,Giveaway hint: Click on the newspaper and the monitor. ,3
4,The companion. ,2
4,Giveaway hint: What did he call his recorder?,3
0,Answer released on forum. ,4
1,Answer released on forum. ,3
2,Answer released on forum. ,3
3,Answer released on forum. ,3
5,You’ve seen these numbers somewhere?,2
8,Are you in the right place?,1
7,"Upside down, inside out, something should work.",2
9,Red wine? Red vodka? Not quite.,1
5,Don’t forget the decimal point after Shah Rukh Khan!,3
4,The answer has been released on the forum. ,4
6,"The answer lies in the keys. Oh wait, someone did change the windows to something else!",2
6,We should really change the windows to something else. It’s getting cold here in HQ.,1
8,"Cryptex the OTH, who makes it?",2
10,Get some background info on the question. ,1
6,Giveaway hint: It's Blackberry,3
7,Giveaway hint: A113,3
9,Some base number system is required to open the door. ,2
10,What if Tc was To does anything combine to form something intelligible!?.,2
6,Giveaway Hint 2: Find a way to connect the deciphered code back to Blackberry. ,4
10,Wake up to Motorola!,3
8,"Our fest is coming up, have you checked it out?",3
9,Room ( _ _ _ ): What’s coming next?,3
8,Giveaway hint: The end of the rainbow is clickable. Don’t forget the riddle!,4
6,Answer posted on the forum,5
11,You can click around on the pdf.,
9,Giveaway: The Shining + 1,4
7,Answer posted,4
12,Is that a pine tree? Wear it on your head.,12
10,Giveaway: Motorola Alarms,4
8,Answer posted. ,5
13,"Likes, retweets and comments: they all matter.",1
11,How far away is the mother?,
11,Go through the rules and guidelines properly. ,
14,We’ve uploaded a different image and have made the question easier. Same hints apply.,1
14,Look at the name on the cover.,2
14,Look into the colours of the picture. Find peace.,3
16,Time will tell. ,1
17,There's more to this question than meets the eye. ,1
12,Shapes matter. ,4
17,gapsa r ei mp ort an t,2
16,"When in doubt, look towards the gods. ",2
17,"The blinking blind face will tell. A face of green to be decoded, His pauses in motion ever so important. ",3
17,(5)(1)(2)(2)(3)(2)(1) P.S. That profile picture is a weird colour. ,4
17,"Having followed the blinks, Find your way around like Keller did. ",5
17,"Giveaway Hint: Decode the Morse, Decode the Braille, The color will give you where he came from. But who did he meet?",6
12,Answer: deathlyhallows,5
5,Answer posted on forum,4
9,Answer posted on forum,5
10,Answer posted on forum,5
11,Answer posted on forum,1
18,This again?,1
13,You know I’m all about that base,2
