name,username,phone,email,level,lastmodified
Harsh Rajiv,FreezeV2,8903737195,mems180005012@iiti.ac.in,18,2020-01-26 11:18:33
Swarat Sarkar,Doomsday37,9953599150,me18btech11040@iith.ac.in,20,2020-01-26 19:01:13
Baradwaj Peela,Elephantsfoot,9705240569,baradwajnaidu72@gmail.com,21,2020-01-26 19:10:00
Mukkavalli Bharat Chandra ,skullcrusher,9912300985,es19btech11016@iith.ac.in,5,2020-01-25 08:17:01
Krishna Bhanushali,bhanushali,8767771025,krishnabhanushali123@gmail.com,21,2020-01-26 18:21:00
Athithiya Raj,taxidriver,7598209941,athithiya.raj@gmail.com,3,2020-01-24 19:40:47
Vedant Singh,vedantsingh1404,09953270003,singh.vedant1404@gmail.com,20,2020-01-26 16:44:23
Raadhes,Raadhes814,7702866637,raadhes814@gmail.com,6,2020-01-26 14:11:29
Supraj,notsherlock,7093812854,xabeni6123@repshop.net,3,2020-01-24 14:52:34
Manvitha Kalicheti,whybother,09849081683,manvithakalicheti@gmail.com,14,2020-01-26 10:37:29
Piyush Aggarwal,Piyush_02,9650839071,cs19btech11053@iith.ac.in,6,2020-01-26 02:49:14
Tushar Gupta,flitwick,9810933996,tgupta170890@gmail.com,21,2020-01-26 18:59:04
Vrushank K,Just_Another_Stranger,8374571305,vrushank36@gmail.com,13,2020-01-26 10:39:49
Saurav,sauravmm,,ch17btech11023@iith.ac.in,1,2020-01-24 14:52:51
Abhinav Reddy,Howudng25,9398018501,abhireddy54321@gmail.com,1,2020-01-24 14:52:28
Dattu Sharma,im_datta0,8328379606,ma17btech11007@iith.ac.in,7,2020-01-25 09:54:16
Tanmay R,StrangeAmoeba," 91 7842740275",cs17btech11042@iith.ac.in,1,2020-01-24 14:48:10
Fullname,RedRidingHood,9848032919,alekhyatheminion@gmail.com,2,2020-01-24 14:49:23
Atharv singh,Zer0neeD,9265969175,me18btech11003@iith.ac.in,2,2020-01-24 14:58:59
Maggie,Maggieee,,ce17btech11033@iith.ac.in,1,2020-01-25 02:45:38
Aditya Prasanth,mechboyzz,9014469616,me16b20m000006@iith.ac.in,9,2020-01-25 17:00:19
APU KUMAR JANA,Apukumarjana,8497900215,apukumarjn@gmail.com,0,2020-01-24 14:54:48
Rahul Kumar,ronnie_36,9992865729,rahulkrkr123@gmail.com,21,2020-01-26 18:15:38
Prateek ,Light2805,9553013133,ch16btech11024@iith.ac.in,15,2020-01-26 15:45:07
Sowrya Gali,Peaky_Shelby," 919573051099",cs18btech11012@iith.ac.in,1,2020-01-24 14:46:01
Samank Gupta,cyclonite,8586960596,samankgupta@gmail.com,17,2020-01-26 17:37:52
Sonal Rajora,brown_bottle,8840594891,ch18btech11031@iith.ac.in,8,2020-01-25 11:13:15
Makesh S,vader6969,9790507449,makesh614@gmail.com,6,2020-01-25 10:12:00
Ananomous,bruteforce,1234567890,ma18btech11002@iith.ac.in,10,2020-01-26 12:47:43
Yashas,think_do,9663949463,f20170326@hyderabad.bits-pilani.ac.in,0,2020-01-24 14:49:59
Yashodhan,yash_odhan,9553999950,yashodhanreddy1729@gmail.com,17,2020-01-26 17:37:13
Aaditya Khedekar,123@aditya,8817280422,ee19btech11027@iith.ac.in,17,2020-01-26 17:39:14
Havish,abcdefghi,9618808031,ee16btech11023@iith.ac.in,18,2020-01-26 10:28:53
Chakradhar Nakka,iBlyatiful,8500584109,ee16btech11022@iith.ac.in,21,2020-01-26 18:34:45
Vivek Bhushan,vivekbhushan,7739287165,vivekbhushan7739287165@gmail.com,17,2020-01-26 04:25:48
Bhanu Prakash Goud Tabeti,Tabzzzzzzzz,0000000000,es16btech11022@iith.ac.in,21,2020-01-26 18:34:58
Rachit Keerti Das,theMaverick,8529748475,cs19btech11034@iith.ac.in,13,2020-01-26 14:08:12
Popescu Mihai,MishuAnubis,0723120014,mishu.arad@gmail.com,21,2020-01-26 18:34:42
kartik pardeshi,AdosPados,9834306580,ce18mtech11014@iith.ac.in,4,2020-01-24 16:24:31
Yashu ,Yashurao,7569851681,ponugotisruthi307@gmail.com,0,2020-01-24 14:52:57
Riddhi Shah,Pdapdapda,7995582189,es18btech11006@iith.ac.in,0,2020-01-24 14:52:57
Abhijeet Gunjal,priorysion,8275237561,me18btech11001@iith.ac.in,17,2020-01-26 17:37:27
Abhishek,abhi_shek5,,abhishek.sabnis2000@gmail.com,8,2020-01-25 12:55:11
vidya vaishnavi,arjunlsc,9515910959,ai19acmtech11001@iith.ac.in,2,2020-01-24 18:39:59
Piyush Kumar Uttam,Niggachu69420,8604849297,ee18btech11036@iith.ac.in,14,2020-01-26 11:17:12
Ashish Chakravarthi,Kamikaze,9247858685,bd19bdes11009@iith.ac.in,21,2020-01-26 18:34:46
Ragesh V,ayamrage,9986020125,ragesh10ten@gmail.com,21,2020-01-26 18:35:01
Akhil,akhil@1234,9381691232,dasariakhil2001@gmail.com,6,2020-01-25 13:32:06
Jayanth ,Crazyker@229,6303616107,ma18btech11004@iith.ac.in,0,2020-01-24 14:53:59
Spandan More,spansucksatdecoding," 91 7028010530",es19btech11009@iith.ac.in,6,2020-01-25 11:10:47
Nikhil  P,Steve_Wazski,9946297901,ee19btech11026@iith.ac.in,13,2020-01-26 07:31:54
Rajdeep Agrawal,rajdeep26,9133175631,ep18btech11012@iith.ac.in,0,2020-01-24 14:58:54
Aditya kumar singh,TERABAAP,8299251173,me18btech11002@iith.ac.in,20,2020-01-26 19:01:05
Swapnish,Swapnish,7030753158,bd19bdes11008@iith.ac.in,0,2020-01-24 15:00:11
...,imspidey,09440508633,secretjunglewomen@gmail.com,0,2020-01-24 14:55:34
Vivek,pasta4lyf,07471112250,vivek.parimi98@gmail.com,21,2020-01-26 16:30:03
Ashutosh Tiwari,07United,7067654276,cs18btech11049@iith.ac.in,12,2020-01-25 16:44:32
DEVANG AGARWAL,dmachine7,7906829447,dagarwal1310@gmail.com,16,2020-01-26 16:57:36
Pavan,Tattiman,9490972653,vivekpvvvardhan@gmail.com,0,2020-01-24 14:57:44
Asish Pulikonda,MeMeMeMe,9100832280,cs18btech11037@iith.ac.in,13,2020-01-26 13:00:17
Harsh kabra,Xamg1neX,9160811000,harshkabra6@gmail.com,1,2020-01-24 14:57:26
Aravind Reddy K V,HiTmAn73,9600049556,ma17btech11010@iith.ac.in,12,2020-01-26 04:05:13
I Anand Kumar,Darenotask,07719300111,anandithepalli@gmail.com,5,2020-01-25 07:06:06
Nishit Shah,nishit01,,shahnishit709@gmail.com,5,2020-01-25 15:34:51
Konduru Ranadev Varma,Ranadev_CaptainR_LOL_Noob,7995465365,me16btech11020@iith.ac.in,11,2020-01-25 12:10:50
Reethu,rrvrrvrrv,8555948414,reethu.reddyv@gmail.com,2,2020-01-25 06:34:37
Ashwin Pandey,applecidervinegar,8800225230,ashwinpandey15@gmail.com,9,2020-01-25 16:39:50
Chandana Pvsl,celestial123,07479055666,chandupvsl29@gmail.com,4,2020-01-25 05:54:50
Deepak,Deepak@780,9381425973,balusupatideepak780@gmail.com,6,2020-01-25 17:43:08
Hiransh Gupta,Hopeless_Case,9074028500,hiranshgupta6@gmail.com,14,2020-01-25 19:58:33
Sumadhva S,sss306969,9741224098,ssss63113@gmail.com,17,2020-01-26 17:40:29
Ritik,Luciferr,9140661976,bd19bdes11007@iith.ac.in,17,2020-01-26 17:41:13
Kaushik,kaushik1877,07995 967638,bkganguneni@gmail.com,1,2020-01-24 14:53:52
Hritik,Hritikskr,9064399584,ch18btech11012@iith.ac.in,1,2020-01-24 17:55:56
Mohammed Sadiq,Hashida_Itoru,8317580437,ee18btech11051@iith.ac.in,14,2020-01-26 11:16:52
mathafakah,hai12345678,08850396970,hrithvin18mph@gmail.com,16,2020-01-26 08:09:25
Pamula Bhargav Ram,BhargavasDRamus,9491581637,ee16btech11024@iith.ac.in,1,2020-01-24 14:59:19
Vineet ,ee190002068,7004601986,ee190002068@iiti.ac.in,17,2020-01-26 03:08:16
Hosea,HoseaFTW,9902014884,es16btech11021@iith.ac.in,6,2020-01-25 10:13:25
Ashish Gautam,Brokeigma,7229927843,ee190002008@iiti.ac.in,21,2020-01-26 18:15:29
akshta,aakshata,9325407928,abolidhawale1234@gmail.com,17,2020-01-26 06:33:09
Mungara Sri Sai Manimala ,Manimala_Mungara,9381409527,me18btech02054@iith.ac.in,10,2020-01-25 17:44:31
Pranav Prakash ,Prater12,9966969078,praterzwolf@gmail.com,12,2020-01-26 08:35:39
KAVIKONDALA_ABHIRAM,Abhi0409,7901480409,ms17btech11009@iith.ac.in,1,2020-01-24 16:01:52
Ananta,Shanbhag,7349366363,anantashanbhag18@gmail.com,5,2020-01-25 14:02:11
vidit tripathi,godsrider,6232275747,me19btech11039@iith.ac.in,7,2020-01-26 04:15:23
Rishikesh Kimmatkar ,Abcdefgh,9307464117,rkimmatkar25@gmail.com,0,2020-01-24 16:03:26
PogU,BrehBreh,91009034789123649078231,ee16btech11040@iith.ac.in,8,2020-01-25 11:06:15
aindriya,kaaliiiiiiiiiiiiiiiiiiiiiiii,08787768696,barua.aindriya@gmail.com,1,2020-01-24 17:01:02
Ritik Keswani,ChaiMeinDoobaBiskut,2508995037,ritikk075@gmail.com,6,2020-01-25 17:38:07
Abhishek Shetkar,Ozymandias_42,7483080984,ee18btech11002@iith.ac.in,2,2020-01-24 19:15:49
SANTHOSH KUMAR D,SanthoshGoku,9003939495,santhoshkdhana@gmail.com,6,2020-01-26 03:48:09
Tanmay Pramanick,tanmaypramanick,9831705238,tvp_3pdst@yahoo.com,1,2020-01-24 16:06:28
Sai karthik,Karthik@51,9949852436,nagamalleswarisajja@gmail.com,0,2020-01-24 16:07:28
Rahul-Vigneswaran K,rahulvigneswaran,8667527705,rahulvigneswaran@iith.ac.in,2,2020-01-24 18:39:30
Jaymin Desai,JaDeBlue17,8237030963,jayminddesai@gmail.com,5,2020-01-25 18:23:18
Rahul Anand Yadav,anand_2000,,rahul@iiti.ac.in,0,2020-01-24 16:49:16
Pranav Dev,TrippySalmon422,09000612830,pranavd642@gmail.com,1,2020-01-24 16:50:36
Name,Username,9999999999,ee16btech11037@iith.ac.in,0,2020-01-24 16:19:13
Aditya Singh,DrGhungroo,9354728442,cs18btech11048@iith.ac.in,10,2020-01-25 13:42:30
Nishant Arya Kumawat,anonsurf,7379030134,nishant.akumawat.ece17@itbhu.ac.in,6,2020-01-25 17:14:20
Uchiha Sasuke,UchihaSasuke,8317641718,cs17btech11017@iith.ac.in,2,2020-01-24 16:21:02
Pranav Teki,JamesBond007,7780197775,ch18btech11030@iith.ac.in,16,2020-01-26 16:38:47
Bhavya Bagla,wegotyouman,9540443692,cs17btech11007@iith.ac.in,2,2020-01-24 16:24:22
Siddhant Chandorkar,Siddhant,9664733167,ma19btech11003@iith.ac.in,0,2020-01-24 16:50:44
Hiiiiiiii Haaaaaa,Stalkers_are_back,08989883801,ee15btech11031@iith.ac.in,15,2020-01-26 14:53:06
Sakshi Verma,XxxxxxxX,7340379975,sakshiverma8100@gmail.com,7,2020-01-24 18:22:40
Pulkit Mishra,mandirwahibanayenge,7860564879,pulkitmishra007@gmail.com,16,2020-01-26 13:57:05
ASWIN KUMAR P,me19btech11026,9150679391,me19btech11026@iith.ac.in,3,2020-01-25 07:32:25
Tanishq Bakliwal,Tanishq2403,9826200990,bakliwaltanishq@gmail.com,20,2020-01-26 13:53:05
Bhargavi,sanorita,9494322575,maganurubhargavi@gmail.com,0,2020-01-24 17:14:26
Shaik Amaan Ahmed,Amaan123,8686213131,penamaansk@gmail.com,2,2020-01-25 06:16:07
Jayant,abc_pqr_xyz,8168909151,ma17btech11006@iith.ac.in,2,2020-01-24 16:40:07
Anurag Reddy Karri,Strider_1234,7483827790,anuragreddy1000@gmail.com,0,2020-01-24 17:03:04
Sai Aakarsh,webhunter,8327488777,saiaakarshp@gmail.com,16,2020-01-26 13:49:12
Vamshidhar Reddy Dudyala,Azwraith,8327348333,vamshi.dudyala@gmail.com,15,2020-01-26 12:41:53
Abhinav,badumtss,8439149654,es18btech11026@iith.ac.in,4,2020-01-24 16:45:26
Trishita,trishita,9990285807,trishitapingolia@gmail.com,1,2020-01-24 17:03:39
RUPA SRI METTU,ms18btech11016@iith.ac.in,9381449848,ms18btech11016@iith.ac.in,1,2020-01-24 16:46:41
Ruthvik,truthvik@gmail.com,,truthvik@gmail.com,13,2020-01-26 13:39:18
Sandeep,smokingbeans666,9446751130,cs18btech11041@iith.ac.in,3,2020-01-26 19:30:14
R A D S Abhijith,Abhijith190300,7285984303,rads.abhijith.ece17@itbhu.ac.in,1,2020-01-24 16:55:45
Praneeth varma,Varmagvss,9441991122,praneeth.suresh@gmail.com,4,2020-01-25 08:31:38
Arjit Arora,1code026,8708591819,cse170001009@iiti.ac.in,9,2020-01-25 13:02:13
JATIN ,THEFLASH,9068334677,cs19b1013@iiitr.ac.in,1,2020-01-24 16:57:08
Niyati,niyati10,9407219531,ce190004023@iiti.ac.in,21,2020-01-26 18:16:02
bleep,bleepbleep,78451111236,why@why.com,0,2020-01-24 17:06:12
NETHAJI ACHHA,Nethaji7143,09949580806,achhanethaji144@gmail.com,0,2020-01-24 17:30:03
Mourya,phoenix28,7095824923,saimourya8@gmail.com,1,2020-01-24 17:09:20
deepanshu,caphesterer,9131786608,cs18btech11009@iith.ac.in,6,2020-01-25 11:45:47
Mohammad Abbas,darksoldier,8688191028,ce17btech11025@iith.ac.in,0,2020-01-24 17:27:23
Prashanth,Prashanth,9866636582,nprashanthreddy306@gmail.com,0,2020-01-24 17:20:09
Mariajoseph,thepirate,8547380718,ep19btech11016@iith.ac.in,1,2020-01-24 17:27:49
M.koushik,mupparapukoushik@gmail.com,9247627073,mupparapukoushik@gmail.com,16,2020-01-26 16:30:30
Adepu Harshith Kumar,Harshith,8309938210,adepuharshithkumar@gmail.com,6,2020-01-26 04:35:54
mahesh,babu1234,7989756128,kmt6264@gmail.com,2,2020-01-24 17:58:39
Utkarsh Bhura,E_power_i_pi,6301560586,ep18btech11019@iith.ac.in,14,2020-01-25 19:21:53
Jeel Bhavsar,O_b_e_l_i_x,9100283774,es16btech11005@iith.ac.in,11,2020-01-25 12:10:50
Snehil Srivastava,spacs2641,9145339567,srivastavasnehil1@gmail.com,0,2020-01-24 17:33:23
Kunal badole,Kunaldo07,8446389105,kunalbadole312@gmail.com,0,2020-01-24 17:33:50
TBPHARIHARAN ,Hariharan,9515676657,tanikellabharadwajapattabhih@gmail.com,0,2020-01-24 17:34:11
Vidya Sagar Vepa,vidya_sagar_vepa,8330915020,vidya.sagar.vepa@gmail.com,5,2020-01-25 06:20:47
Aman Pratap,Ch19btech,9390382915,ch19btech11009@iith.ac.in,0,2020-01-24 17:36:55
Anusha G,Anusha214,9573380723,ee16btech11011@iith.ac.in,4,2020-01-25 08:54:27
Gautam Kumar,Gautamkumar,9917241416,sagargautam673@gmail.com,0,2020-01-24 15:04:06
Meet ,Bahubali,9650126414,meetvyas682@gmail.com,12,2020-01-25 18:32:01
Adyasa Mohanty,Nevermind,08457097003,ee18btech11048@iith.ac.in,0,2020-01-24 15:05:46
Raad Shaikh,IdioticBaka1824,7207507266,ep18btech11011@iith.ac.in,17,2020-01-26 17:50:47
Brahmadev Rai Shrivastava,brahmadev,08989118792,brahmadevshrivastava@gmail.com,4,2020-01-24 14:54:59
Abhilash Kande,Drake_fabuloso,9701340387,me17btech11026@iith.ac.in,17,2020-01-26 17:38:56
karthik,Shakkari,7569352755,karthikshakkari3@gmail.com,0,2020-01-24 15:12:31
krishna pawan darapaneni,dark_knight18,9515086121,cs18btech11008@iith.ac.in,0,2020-01-24 15:06:51
yash suvarna,ysh_suvarna,9075815709,cse190001068@iiti.ac.in,21,2020-01-26 18:16:22
Real,Real_Madrid,7888990259,lakshitsingla@gmail.com,1,2020-01-24 16:05:21
Zach Barness,zekenize,4125736352,zbarness11@gmail.com,1,2020-01-24 15:33:08
Fullmetal,Alchemist,,hitu111112@gmail.com,17,2020-01-26 17:40:55
N Charan Kumar,MamboSiesta,8074715315,alvp@aa.com,1,2020-01-24 15:03:47
Shoban babu ,Shoban65r,8008151458,es18btech11017@iith.ac.in,6,2020-01-25 17:28:51
Shashank garg,Shashankgarg02,7000188879,ce19btech11008@iith.ac.in,8,2020-01-25 14:40:53
Smaran Panth Kulkarni,smarankulkarni,7995204145,smaranpant@gmail.com,6,2020-01-25 18:39:53
Rohith,Rohith03,9394445259,rohith.chinnu2000@gmail.com,11,2020-01-26 03:18:18
Ravi Teja,RaviTeja,9247327843,shyamsunderkarnati71@gmail.com,0,2020-01-24 15:09:15
Akhilesh Dixit,lucifermorningstar,,cs19btech11044@iith.ac.in,12,2020-01-25 18:22:18
Ayus Das,ayusdas2000,7990012299,ayusdas2000@gmail.com,5,2020-01-25 15:51:06
Sanil Jacob,sanilsjacob,9544763684,sanilsjacob@gmail.com,17,2020-01-26 18:47:44
Ajay Hase,ajay_hase,9762905991,ee18mtech11005@iith.ac.in,2,2020-01-25 04:13:38
Yuvraj Singh,Radicalidol,8088147837,ee190002069@iiti.ac.in,21,2020-01-26 18:15:59
Reetish Padhi,Okboomer2,9743601339,reetish.padhi@students.iiserpune.ac.in,6,2020-01-25 21:03:50
vaibhav chandra,Vaibhav_chandra,7470377825,cse190001065@iiti.ac.in,0,2020-01-24 15:56:07
KRUTIK MEHTA,Va_io.cc,9558056632,ee18btech11027@iith.ac.in,0,2020-01-24 15:11:34
Sidhardha Grandhi ,SidThePro,6300568214,cs19btech11050@iith.ac.in,13,2020-01-26 11:37:20
Venkatasubrahmanian Narayanan,GreenEarthEagle,2177218741,venkat.darkwing@gmail.com,21,2020-01-26 18:34:16
Keyur Panchal,modulated_pikachu,07471112270,keyur.panchal@gmail.com,21,2020-01-26 18:15:26
Surya,Boogey_man,09381410963,ee18btech11026@iith.ac.in,1,2020-01-24 15:06:19
Suganthan T,notitachi,9843156999,rtsuganthan@gmail.com,6,2020-01-25 10:04:06
Abhishar Sinha,abhishar,7772898871,ai20mtech01002@iith.ac.in,0,2020-01-24 15:11:46
Aparna Narayanan,Whazza42,9446452225,me180003010@iiti.ac.in,20,2020-01-26 16:30:35
Lu_cipher,Lu_cipher,9502050948,cs18btech11029@iith.ac.in,1,2020-01-24 15:35:47
Varthyavath Srikanth,Srikanth,9618852413,ee19btech11029@iith.ac.in,17,2020-01-26 18:33:54
B K Srinikitha,nisishere,9866992152,srinixbhagvati@gmail.com,1,2020-01-26 13:20:39
Prabhu Ram A,prabhuram,8838630583,ch18mtech11010@iith.ac.in,4,2020-01-24 16:24:51
ADEEBA NAAZ,adeeba@123,08299767043,cs19mtech11034@iith.ac.in,1,2020-01-24 15:35:17
Srikeerthana Reddy,keerthanar_15,6290757596,keerthanabora.15@gmail.com,6,2020-01-25 12:55:03
Manasa,MazeRunner,,ee17btech11036@iith.ac.in,1,2020-01-24 16:11:26
KomalKalyan,Kokarott,8327490777,komal.dbz@gmail.com,12,2020-01-26 05:00:29
Saurabh S Dange,Chitragupt,8796489182,cs19mtech11028@iith.ac.in,2,2020-01-24 16:36:07
Sajal Maloo,666_devil_666,7697717725,me18btech11036@iith.ac.in,17,2020-01-26 17:51:22
Siddhartha Mishra,joegoldberg,9556412669,es15btech11018@iith.ac.in,1,2020-01-24 15:06:54
Streakk,Streakker,838293792,gaugij@gmail.com,6,2020-01-25 17:23:06
Vaibhav Gupta,gravedigger876,7357466555,ch19btech11030@iith.ac.in,6,2020-01-25 10:04:30
Gokul Kannan R,gokulkannanr,8940298512,cs19btech11048@iith.ac.in,8,2020-01-25 16:53:45
Reetish Padhi,Okboomer,9743601339,reetishp@gmail.com,1,2020-01-24 15:15:22
Ram Datass,SneakyGrease,6282790289,ep18btech11018@iith.ac.in,18,2020-01-26 12:05:51
Kuber Nagpal,KSN12345,8411971841,kuber1111@gmail.com,2,2020-01-24 15:24:46
Jai Goyal,Alohomora,9650196686,jaigoyal1328@gmail.com,2,2020-01-24 21:01:44
muhammed fayis pv,pachuz123,8921966832,es19btech11029@iith.ac.in,4,2020-01-25 10:00:48
Gunda Sachin,GundaSachin,7207873406,me16b20m000001@iith.ac.in,6,2020-01-25 17:15:10
Arza Vaishnavi,nzeynotofficial,9100152967,ce19btech11041@iith.ac.in,11,2020-01-25 20:20:52
Sam Chalyanth,Agent_AtreyA,09705684020,es17btech11018@iith.ac.in,10,2020-01-25 17:38:17
Krishna Chaitanya,KrisChai,8790070432,klutzcam1209@gmail.com,0,2020-01-24 15:34:40
Cryptex,TestAdmin,,sazdgr8@gmail.com,4,2020-01-24 15:35:52
Harshvardhan Singh,harshu@10,8839008035,harshvardhanparihar5@gmail.com,16,2020-01-26 15:35:32
Jothika,mojo_jojo,8310972649,jothika5278@gmail.com,8,2020-01-25 10:37:56
Arastu,hazy......007,7087000044,cse190001006@iiti.ac.in,0,2020-01-24 15:36:53
Maddipati Varun,maverick_729,8790722016,varunmaddipati@gmail.com,16,2020-01-26 13:48:45
Bitan Paul,bitanpaul,9752485443,cse160001016@iiti.ac.in,5,2020-01-25 01:31:26
Vishal Siva Kumar,Rorschach,7981405021,cs18btech11013@iith.ac.in,13,2020-01-26 12:59:32
Kiran,Wolverine_rockzz,8074316680,ch17btech11014@iith.ac.in,16,2020-01-26 17:23:30
Debabrata Kar,Vampire_Hunter,8096174870,ch19btech11034@iith.ac.in,17,2020-01-26 18:53:08
Priyam garg,Support_CAA,7012345678,priyamgarg00@gmail.com,0,2020-01-24 15:37:39
Hrishabh dev ,EP19BTECH11014,9617029289,ep19btech11014@iith.ac.in,6,2020-01-25 10:01:27
Vishal Jaiswal,vishaljaiswal,7893043456,vishal.jaiswal23@gmail.com,9,2020-01-25 11:08:54
Sunal,Cicada007,8847399494,sunalsood40@gmail.com,16,2020-01-26 15:39:41
Spurthi Reddy,Spurthi31,9177377733,cs18btech11026@iith.ac.in,17,2020-01-26 17:39:26
Aditya Bhardwaj,Lmfao420,9156121537,me190003005@iiti.ac.in,0,2020-01-24 15:40:38
N Tarun,AceStricker,7032750702,ee19btech11050@iith.ac.in,17,2020-01-26 17:45:25
Osama Bin Laden,omaewamoushindeiru,8826614674,ee170002061@iiti.ac.in,21,2020-01-26 18:16:16
Rahul,anand._.10,9755431615,abhimanyuthakur1008@gmail.com,21,2020-01-26 18:25:05
Ashwin ravi T,Buhahaahaa,7025797088,ep19btech11001@iith.ac.in,1,2020-01-24 17:24:43
Bpsjyothi,Bpsjyothi,9908931864,bpsjyothi@gmail.com,-1,2020-01-24 15:43:56
Pradnya Chavan,Itsmeeeee,7387102799,ch19btech11020@iith.ac.in,7,2020-01-25 14:31:32
V SAMPATH KUMAR,VSK252525,9618399478,sampathvootkuri25@gmail.com,1,2020-01-24 15:48:00
Debtirtha Saha ,mr.robot,7674918072,debtirthasaha1@gmail.com,0,2020-01-24 17:22:49
Janmejay,NoahCalhoun,9823084713,janmejaydkulkarni24@gmail.com,6,2020-01-25 10:17:54
Ritvik,originalgangster,,rog2001@outlook.com,1,2020-01-24 15:56:16
Sai Dhiraj Rampelli,rsdnoob7,7075357068,me16btech11030@iith.ac.in,2,2020-01-24 17:11:02
Praneeth,Praneeth,07032676325,cs18btech11031@iith.ac.in,1,2020-01-24 15:44:13
AKKENAPALLI AKSHITH KUMAR,8charecterslong,8978514109,ep19btech11010@iith.ac.in,11,2020-01-25 17:27:07
Sai Ashish Jana ,PhantomScythe,9381599167,ee19btech11052@iith.ac.in,6,2020-01-25 05:57:43
Baap Baap,baap_square,,govindsehrawat30@gmail.com,20,2020-01-26 19:01:01
Smeet Ashar,Astronomer14,9764900088,smeetashar@gmail.com,8,2020-01-25 11:10:08
kushagra indurkhya,DarkArcher,09026409246,kushagraindurkhya7@gmail.com,11,2020-01-25 20:21:15
Vikas nisar dar,Darvikas,7006469796,ai19btech11012@iith.ac.in,12,2020-01-25 18:42:29
Jyotika Yadav,cookie_pie,8318720134,jyotikayadav024@gmail.com,16,2020-01-26 13:42:00
Aditya Sujith Gudimetla,YourMomLigma,7780468558,adityagudimetla@gmail.com,16,2020-01-26 14:22:52
Abhijeet,Abhijeet2019,7720998898,abhijeetwankhade2001@gmail.com,2,2020-01-24 17:30:30
Gautham Gururajan,EpsteinDidntKillHimself,8105525622,ggautham99@gmail.com,6,2020-01-25 16:08:25
Anirudh Raghav,ModXO101,8310281494,ch19btech11033@iith.ac.in,1,2020-01-24 16:35:40
Surya Vamsi,TheBraveChicken,9390255921,ai19btech11022@iith.ac.in,1,2020-01-24 15:46:15
Anmol Rastogi,anmol123,08888879408,ai19btech11021@iith.ac.in,10,2020-01-25 19:07:06
Avinash Kumar Singh,lonewarrior,7014251559,bm18resch11012@iith.ac.in,11,2020-01-26 07:45:44
AkhilGT,Uniraider,9445299569,akhilgeothom@gmail.com,16,2020-01-26 08:09:44
Shreyas,WarWolfOne,9449880491,bd19bdes11005@iith.ac.in,0,2020-01-24 16:27:15
Brijesh Aghav,HeWhoMustNotBeNamed,8698488688,brijaghav1@gmail.com,11,2020-01-25 23:22:56
Manjunath kakkireni,Manjunath,8688431406,ee19btech11015@iith.ac.in,9,2020-01-25 16:54:28
Amal Mathew,LordFaramir,9496986923,amalmathew101@gmail.com,21,2020-01-26 19:06:15
Hrudai ,Beast_hunter,733082612,hrudai.mastermind@gmail.com,6,2020-01-25 12:49:38
Anek Anjireddy,Anekchampion,9989677207,anekchampion@gmail.com,17,2020-01-26 17:40:04
FAIZAAN MOHAMMED,Heisenberg,9121951464,me17btech11030@iith.ac.in,12,2020-01-26 04:40:11
Kuber Nagpal,KSN123456,08411971841,abc123@def.com,9,2020-01-25 11:07:38
Samhitha,WeWereOnABreak,07995920799,ee16btech11019@iith.ac.in,6,2020-01-25 10:11:46
cs,justforfun,8499983355,shantich1@rediffmail.com,11,2020-01-26 09:51:39
Karthick,Boom.boom.ciao,8500959485,ce16btech11024@iith.ac.in,6,2020-01-26 10:55:52
Jaideep,reddyjaideep1729,7893036239,reddyjaideep1729@gmail.com,16,2020-01-26 16:58:10
Abhishek,abhisheksahoo242,9358316992,cs19b1001@iiitr.ac.in,2,2020-01-24 16:09:16
Vijayavardhan,vijayavardhan44@gmail.com,7997058097,vijayavardhan44@gmail.com,0,2020-01-24 16:09:42
Ronak Arora,mindFuckMechy,9521208984,me17btech11041@iith.ac.in,2,2020-01-24 16:10:11
Koushik P M V,Tony_Stark,9390688375,ce19btech11023@iith.ac.in,7,2020-01-25 14:18:32
Rohit R,maniac392,9753477764,rawatrohit767@gmail.com,13,2020-01-26 11:37:28
AKSHAR SHARMA,deadly_ranger,9550053451,akshars@iitbhilai.ac.in,7,2020-01-25 11:23:36
Harsha Indukuri,MrSplashMan,8179530312,harshaindukuri3@gmail.com,17,2020-01-26 18:21:18
Sam,xx_rollin_420,8978401520,es17btech11014@iith.ac.in,11,2020-01-25 21:42:47
Sampa Chakraborty,sampa.chakraborty@gmail.com,9845230435,sampa.chakraborty@gmail.com,6,2020-01-25 16:19:18
Devasoorya R,TheDemigod,9633124037,ms18btech11008@iith.ac.in,21,2020-01-26 18:59:13
Mylavarapu Sri Akhil,The_Bonfire,8919669018,es19btech11014@iith.ac.in,13,2020-01-26 06:49:55
Artemis14,Artemis14,7477753111,alurusaisaketh@gmail.com,5,2020-01-25 07:05:26
Palguni,Reddy2912,7893159106,palgunimurali@gmail.com,3,2020-01-25 17:59:27
Rishabh Karmakar,Rishabh1705,7738068950,yash.khannukar2000@gmail.com,3,2020-01-24 17:54:30
Anjali,gupta_anj,7897548837,guptaanj7786@gmail.com,5,2020-01-24 17:43:01
Prakhar Pragya,baap_log,7549136119,ch19btech11036@iith.ac.in,6,2020-01-25 11:36:17
Rishabh Karmakar,mindprobe,7738068950,rishabh.rk1705@gmail.com,15,2020-01-26 14:03:31
Sarath chandra ,Abcdefghi,9963372335,me19btech11032@iith.ac.in,6,2020-01-25 17:43:02
Sai,Hellblazer100,9640240203,ee18btech11044@iith.ac.in,18,2020-01-26 12:35:52
Chandrahaas vakkalgadda,Chandrahaas,8555843152,ai19btech11007@iith.ac.in,0,2020-01-24 16:50:59
Prasad Gaikwad,trekker_boy,07875867137,ee18mtech11001@iith.ac.in,5,2020-01-25 09:40:25
B.Sri Ujjwal Reddy,Bsriujjwalreddy,9848882139,premalathabeereddy@gmail.com,3,2020-01-24 16:59:05
Saswat Das,Lolmeister27,6370147889,auditore1saswat@gmail.com,12,2020-01-26 10:10:05
Aditya Agrawal,crypto007,9785559273,cs19b1003@iiitr.ac.in,11,2020-01-25 18:06:01
Aniruth,photatoo,9003291105,me17btech11007@iith.ac.in,16,2020-01-26 16:38:04
Mangesh Upadhyay ,drago2323,8619638640,mshanit@gmail.com,2,2020-01-24 17:09:01
Abhinav ,AbhiNav58,8349878444,ep19btech11023@iith.ac.in,1,2020-01-25 09:22:30
chirag kothari,punisher432,8824572309,kotharichirag1989@gmail.com,7,2020-01-24 18:38:56
Himanshu Kandiyal,himanshu@259,7668211429,ma19mscst11007@iith.ac.in,6,2020-01-25 12:52:00
Nishanth ,pinkunicorn,9550820916,nishrock646@gmail.com,15,2020-01-26 16:43:36
R SAI SRICHANDRA,Srichandra007,6303728337,saisrichandra@gmail.com,1,2020-01-24 17:20:59
harshavardhan ambati,Harshavardhan,8688969538,ee19btech11028@iith.ac.in,0,2020-01-24 17:21:59
akshitha grace,ms18btech11012@iith.ac.in,09550227149,ms18btech11012@iith.ac.in,2,2020-01-24 17:44:55
MD NAZISH KAUNAIN,NazishKaunain,8690055966,kaunainnazish@gmail.com,1,2020-01-24 17:26:06
Iwonttellyou,EntireWeb8,,ssupmate123@gmail.com,4,2020-01-25 07:52:38
Chandra Sekhar,kcsekhar,6302501089,me18btech11021@iith.ac.in,0,2020-01-24 17:38:06
Amal Pavithran,SilverSword," 918593885549",amal110100@gmail.com,2,2020-01-25 07:43:01
Siddharth Gautam,siddharth_gautam,8179610501,siddharthgautam0209@gmail.com,5,2020-01-25 16:43:32
Lolmao,Pussyslayer69420,8299859990,somebs69420@gmail.com,1,2020-01-24 17:56:07
Aswin Ramesh,Trollface,09052835933,cs19b007@smail.iitm.ac.in,15,2020-01-26 15:41:38
jatin1234_1234,Jatinkumar123,8299647145,cs19btech11036@iith.ac.in,0,2020-01-24 17:56:52
Sunil Mangtani,sunil142,7774032025,sunmeets@gmail.com,1,2020-01-24 17:42:53
Yash,VapexParbro,9168290918,ypt7895@gmail.com,0,2020-01-24 17:56:55
Rajesh Chavre,User7777,9067511555,cs19btech11030@iith.ac.in,1,2020-01-24 18:12:38
Ananthapadmanabhan,Ananthm1254,7093087079,ee17btech11047@iith.ac.in,0,2020-01-24 17:43:38
Charan K ,vermicelli,8074715315,charaka@7.com,17,2020-01-26 17:39:49
Archit Ojha,architojha2001,8787041948,architojha2001@gmail.com,21,2020-01-26 18:26:17
Navaneeth Krishnan,jabankidowski,7042075130,navaneeth.krishnanp@gmail.com,1,2020-01-24 17:44:50
Arsalan Ahmad Sheikh,dumbfuck,6005328558,sheikharsalan7222@gmail.com,1,2020-01-24 17:46:58
SHARAN REDDY,Sharan_reddy,9390129722,saisharan2020@gmail.com,9,2020-01-26 11:13:54
Priyank,Priyank25,9149376758,priyanksisodia25@gmail.com,2,2020-01-26 11:15:00
Adarshbandi,Skywalker,09640724328,adarshbandi8@gmail.com,0,2020-01-24 17:49:42
Pranav Hegde,pranavhegde006,8431144638,pranavhegde06@gmail.com,3,2020-01-25 14:26:44
deepika,deepikaa,9381448336,es18btech11002@iith.ac.in,0,2020-01-24 18:06:50
Irfaan Arif,14thApostle,9995093880,i.deaththekid@hotmail.com,2,2020-01-24 17:52:27
Venkata Sai Harshith Penugonda,pvsharshith,9849136536,pvsharshith@gmail.com,0,2020-01-24 17:52:35
Shubham  Agarwal,shubhamA,8801057515,agarwal717@gmail.com,0,2020-01-24 17:52:38
Donald Trump,Follow_NoRule,8121618121,prateep.burramsetty@gmail.com,2,2020-01-24 17:58:41
Cheri Joseph,Limeshadow,9400780877,ch17btech11008@iith.ac.in,7,2020-01-25 09:36:58
Nimish Gupta,nimish_the_gr8,9701116602,ed19b055@smail.iitm.ac.in,0,2020-01-24 17:53:56
Aamir Nihal,KillerSwine,9847260715,aamirnihal99@gmail.com,1,2020-01-24 17:54:44
Sathish,Jampalesathish,8138089030,jampalesathish@gmail.com,0,2020-01-24 17:59:21
Chutiya,Chootiya,9840064821,namasi22@rocketmail.com,2,2020-01-24 17:59:25
Ajith reddy,Gold_digger,9299955222,ajithreddy120502@gmail.com,17,2020-01-26 18:50:05
SHOURYA GUPTA,Shourya007,7903558031,dec02shourya@gmail.com,0,2020-01-24 18:13:13
Dinesh,rockstar,6303699961,ch18btech11015@iith.ac.in,6,2020-01-25 17:22:50
Ashish ,Aryanreddy,9299955222,vegesnavkv02102001@gmail.com,8,2020-01-25 10:50:50
Maruthi Indresh,maru2000,8454843765,maruthi.indresh@gmail.com,4,2020-01-25 09:14:21
Tanishk Jain,Tanishkjain1357,,tanishkjain1357@gmail.com,10,2020-01-25 17:20:56
Aravind Ganesh,halfvind,9182878840,aravindganeshp.28@gmail.com,6,2020-01-25 12:13:18
Ddbbddbb,Bbddbbbdd,9876543210,hibyemeyoui@gmail.com,0,2020-01-24 18:02:44
Shashank Varanasi,DefaultHasAnL,8179303345,sasi8998vv@gmail.com,21,2020-01-26 18:34:32
Aastha Luthra,AasthaLuthra,9354381788,me180003001@iiti.ac.in,2,2020-01-24 18:28:05
Sanket,sankyyyyyy,9324473158,ee19btech11012@iith.ac.in,3,2020-01-25 09:28:59
VARUN AGRAWAL,varun_10,7083702505,varun.agrawal55555@gmail.com,14,2020-01-26 13:38:57
EAGA JATIN,Jatin164,9515283783,jatin.ega@gmail.com,6,2020-01-25 10:33:41
Dharani Gopal,TipTopGauntlet,9515079079,dharanigopal2002@gmail.com,16,2020-01-26 16:49:46
M.Shathanand sai,DeadlyArise,09704327082,cs19btech11005@iith.ac.in,6,2020-01-25 15:47:36
suchintan,Sumailrtz,8167272222,suchintan.pati@gmail.com,15,2020-01-26 14:12:46
Sricharan Morri,DarthRex14,7392914905,charanricky14@gmail.com,0,2020-01-24 18:11:38
Nimmakayala Prashanth Reddy,Kinkyzap,9866636582,ai19btech11010@iith.ac.in,1,2020-01-24 18:15:11
Mohith pokala ,Mohithpokala2002,8688758673,mohithpokala111@gmail.com,2,2020-01-24 18:15:51
Simi,Smriti_Sharma,8303077445,smriti.sharma.ece19@itbhu.ac.in,1,2020-01-24 18:26:28
Phani Jayanth,Phoenix22,7330743873,jayanthjonnalagedda@gmail.com,17,2020-01-26 17:39:47
Avuthu Sashidhar Reddy,Sashidhar,8309878321,avuthusashidhar123@gmail.com,2,2020-01-24 18:46:37
Pavan KS,Sauchalay,,me17btech11025@iith.ac.in,12,2020-01-26 06:11:49
Mayank,mayagr179,9967761301,ee19btech11049@iith.ac.in,6,2020-01-25 17:48:26
Deepro Nath,Dawn1000,9903046112,deepro.nath.ece19@itbhu.ac.in,0,2020-01-24 18:18:40
Lanja puuk,ajithreddy,9381040535,sumathi.pulluru@gmail.com,16,2020-01-26 16:47:20
Kartik Garg,aaabattery,6265597550,ee180002027@iiti.ac.in,21,2020-01-26 18:19:19
Nevin Paul,flash_np,9225606444,nevinpaul04@gmail.com,1,2020-01-25 11:21:33
Yash Upadhyay,Yash_upadhyay,6387931136,yash24082000@gmail.com,1,2020-01-26 06:13:02
Jyotirmoy Paul,mercenary,8250463481,jazz15020418@gmail.com,10,2020-01-25 19:03:10
Sudarsan M S,mass_returns,7339186743,mssudarsan123@gmail.com,1,2020-01-24 18:27:42
Sayantan Biswas,Sayantan,9681273102,ai19btech11015@iith.ac.in,9,2020-01-25 14:14:04
Sachin Kumar ,sachinvishwa,8147859095,ce18btech11027@iith.ac.in,11,2020-01-25 17:23:18
Manjot Singh,Manjot1151,9023655551,manjothinarula@gmail.com,15,2020-01-26 14:20:48
Apoorv jain,Knowhere,7668784199,apoorv.jain.ece19@itbhu.ac.in,0,2020-01-24 18:32:05
Rishitha ,Sharanya,8247621752,rishithasd@gmail.com,2,2020-01-24 18:52:50
Harsh Arora,vector1337,8054621403,harsharora1337@gmail.com,2,2020-01-24 20:35:43
abhishek,Dthghst1003,8860164966,a.gayan54@gmail.com,2,2020-01-24 18:46:05
Sandeep V,Sandeep47,9381555677,me18btech11047@iith.ac.in,6,2020-01-25 13:16:19
Meher Jyothi,Clovemisss,8688439937,t.meher2002@gmail.com,12,2020-01-26 09:09:19
PABBA SHARATH,sharathpabba.99,9154051671,sharathpabba.99@gmail.com,0,2020-01-24 18:33:18
Blank,blank123,,saiaryanreddy12@gmail.com,16,2020-01-26 16:51:56
Divyam Tayal,Divyam@tayal,7503735044,ee18mtech11029@iith.ac.in,0,2020-01-25 09:03:05
Prajakta Priyadarsini,praju112,7978276719,praju1122000@gmail.com,0,2020-01-24 18:35:14
Kowshik Ram,how_u_doin,9486400668,ch17btech11015@iith.ac.in,2,2020-01-24 18:35:16
KOMMANA VIKAS,CS19BTECH11045@iith.ac.in,9330571478,cs19btech11045@iith.ac.in,20,2020-01-26 16:58:35
Rishabh arya,Ardys@2000,9559317020,rishabh.arya.ece19@itbhu.ac.in,0,2020-01-24 18:35:41
Ajju kota,Notoutofthebox,9390291412,ms19btech11005@iith.ac.in,0,2020-01-24 18:37:30
Tarun Ram,passivelydramatic,9966434436,ai19btech11004@iith.ac.in,0,2020-01-24 18:39:28
Suhaas Rao Badada,suhaaaas,9398274983,suhaasbadada2@gmail.com,2,2020-01-25 06:02:16
Ashwani,Noshittogive,,ashwani.alok26@gmail.com,1,2020-01-24 20:04:21
Harshu,Doradora,9550073918,sowbhagyareddy758@gmail.com,1,2020-01-24 18:45:09
Akash Jagannath Kolte,blackhat_11,08329415858,ce16btech11019@iith.ac.in,10,2020-01-25 18:32:54
Abhiram Santhosh,abhirams,9916856794,abhipengu1@gmail.com,0,2020-01-24 18:46:02
veeramallisathwik,sunnysunny,9676214660,veeramallisathwik@gmail.com,1,2020-01-24 18:46:16
waeilufhiauedhfliwek,awehfwaewfhiualwe,86953249840,veeramallisathwik@gmail.com,0,2020-01-24 18:46:16
Sameer Degwekar,Samdeep13,9881121040,samdeep13@gmail.com,6,2020-01-25 17:31:38
Akshat Sood,TenaciousCoder,9582988651,akshatsood2249@gmail.com,0,2020-01-24 18:48:18
Nithin Thomas Abraham,MaxWinter,07034964093,nithinthomasabraham93@gmail.com,1,2020-01-24 18:48:29
Gurleen Kaur ,Gtails2021,8073131445,sanayatailor6@gmail.com,13,2020-01-26 10:02:45
Sravani Bobba ,Sravani123,9701169904,sravanib2004@gmail.com,15,2020-01-26 14:11:01
NANDAN MULPURI,Upgrader,9121940396,venkatsai.nandan@gmail.com,1,2020-01-24 19:24:10
Charan Pamuru,Charan101,9390303349,charanpamuru@gmail.com,3,2020-01-25 04:54:22
Shu,Dishimon,8340010835,shumailmd@gmail.com,11,2020-01-26 09:34:04
sasi vardhan,sasi13579,8074643545,mandapativardhan135@gmail.com,0,2020-01-24 18:56:57
Likhita ,Likhita_26,8328596047,ee19btech11032@iith.ac.in,13,2020-01-26 10:51:52
Yash Rathi,yashrathi,7032514404,vimalrathi71@gmail.com,10,2020-01-25 18:02:26
Roshan Jain,roshan08,07841073326,roshan.mjain.cse19@itbhu.ac.in,-1,2020-01-24 20:17:26
Vivek agrawal,Vivek4597,7987335373,vivekagrawal4597@gmail.com,0,2020-01-24 19:00:57
Saurav C. Pandey,saurav1717,,mathematiciansaurav2002@gmail.com,1,2020-01-24 19:01:33
aastha yfuvanshi,aastayduvanshi123,,aasthayduvanshi@gmail.com,0,2020-01-24 20:17:53
Sid,Sidkiller001,8686866748,panditboyhiten@gmail.com,13,2020-01-26 11:56:42
Raktim,r_mercury,",",ee17btech11051@iith.ac.in,0,2020-01-24 19:10:59
Kartikeya Jaiswal,GiantDevil,8762517169,ee18btech11025@iith.ac.in,4,2020-01-24 19:11:59
Danvish Muthu,Danvishbala,8778341153,bd19bdes11010@iith.ac.in,6,2020-01-25 17:14:30
Pranay Prakash ,Darkknight,938148657,pranayprakashchintha@gmail.com,2,2020-01-24 19:12:43
Siddhant Jain,Juggernaut,9893933077,siddhant.mba19147@iimkashipur.ac.in,16,2020-01-26 15:36:51
Sudeep Veggalam,zimmerman,9866437375,ee18btech11045@iith.ac.in,2,2020-01-24 19:14:01
Parag Garg,PARAGGARG,7224909127,paraggarg2001@gmail.com,0,2020-01-24 20:28:28
Kushagra Saxena,scisimple,9451382264,me15btech11019@iith.ac.in,1,2020-01-24 19:32:40
Pranav Kumar Kota,Usrjn101,9390434631,ee19btech11051@iith.ac.in,0,2020-01-24 19:34:11
Mayank Rathi,slimshady,7382710320,ee11b017@iith.ac.in,3,2020-01-24 20:35:04
Veena,Veena007,6300976361,es19btech11026@iith.ac.in,6,2020-01-25 22:10:15
Vedant Pratap Singh Jadon,vpsjdon2604,8109222704,vpsjdon@gmail.com,4,2020-01-24 19:38:31
Jaideep Reddy ,jaideep0707,8978035644,kjaideepreddy@gmail.com,2,2020-01-25 04:37:43
Gunangad,angad11121,123,cs19btech11035@iith.ac.in,17,2020-01-26 13:47:47
Jadon Sancho,sancho123,9945807423,vg14563@gmail.com,6,2020-01-25 10:57:51
samar_garg,9888861650,,cs19btech11033@iith.ac.in,0,2020-01-24 20:40:34
K satya sandesh,Sandesh9,8280788769,ma19btech11008@iith.ac.in,16,2020-01-26 16:49:03
Sakshi Naik,Sakshi_21299,9619268986,sakshi21299@gmail.com,1,2020-01-24 19:55:07
Ghanshyam singh moyal,Kishan_rajput,8696313404,ghanshyammoyal058@gmail.com,0,2020-01-24 19:55:46
Sourdude,sourdude123,08500341273,sourish994@gmail.com,1,2020-01-24 19:57:27
KOLISETTY LAKSHMI PRIYA ,lakshmipriya1931,9390020905,lakshmipriya4605@gmail.com,1,2020-01-24 20:40:49
Grandhi Sindhuja,Sindhuja,7032138897,ma19btech11011@iith.ac.in,1,2020-01-24 20:57:44
Swarna,swarnalatha.3009@gmail.com,09293727780,swarnalatha3009@gmail.com,3,2020-01-25 07:33:17
Dhruv Gupta,LeviCivi,,ep17btech11006@iith.ac.in,0,2020-01-24 23:57:22
Surya Vishal Bodireddy,ultraspex,9100438634,suryavishal026@gmail.com,7,2020-01-25 14:56:19
Manisha,manisha16,8978323279,es19btech11010@iith.ac.in,1,2020-01-24 21:07:12
Shubam Aggarwal,40_DollarPerHour-9650126414,9650126414,samargarg54@gmail.com,6,2020-01-24 21:43:22
Divyajyoti Nayak,DJ061201,6364556867,divyajyotinayak061201@gmail.com,2,2020-01-25 07:49:09
Carmen Maldonado,nicomachus,9079039905,cmmaldonado.85@gmail.com,2,2020-01-24 22:49:28
M Ganesh,mkavgane,9526889144,mkavganesh@gmail.com,16,2020-01-26 16:18:43
hasan,wowmewow,7042955729,hasanmustafa.in@gmail.com,2,2020-01-24 21:58:32
Akash Deep,akash317,8452889086,srakash317@gmail.com,5,2020-01-25 09:42:33
Naresh,naresh2002,0890113558,naresh6436@gmail.com,1,2020-01-25 01:35:04
Kishore K K,Kishore_K_K,8778559025,kishorekkantha@gmail.com,2,2020-01-25 01:31:28
Sohith kumar,Sohith.mutha,9553907594,ee19btech11035@iith.ac.in,10,2020-01-25 17:35:42
Krishna Chaitanya,mistborn,9908602795,cs16btech11011@iith.ac.in,1,2020-01-25 01:44:39
Ananya Mantravadi,ananya173,9391307112,ananyamantravadi@gmail.com,8,2020-01-25 16:13:02
Monmee Phukan,SunshynDaisies,9177135125,ch17resch01003@iith.ac.in,3,2020-01-25 01:54:15
Kundan Agrawal,Lostly_07,8529745395,ce19btech11037@iith.ac.in,0,2020-01-25 02:05:23
Sup,supsupsup,9652881111,supreet51.cs@gmail.com,6,2020-01-25 11:57:20
Anant Agrawal,anantagrawal23,,anantagrawal23@gmail.com,1,2020-01-25 02:52:06
Naveen,jayanaveen1997,9963764834,hijkotajayanaveen@gmail.com,0,2020-01-25 03:00:51
Aaditya Khedekar,25Aaditya,8239124812,aadityaa251z@gmail.com,15,2020-01-26 15:24:01
Ahmad Usman,iam.usman,7889557214,ahmad.usm21@gmail.com,-1,2020-01-25 12:45:17
Parth Singh,Username._3213,9215566552,ep19btech11015@iith.ac.in,2,2020-01-25 04:44:22
Anand Swain,Doritoarmy," 17372179545",anandswain4@gmail.com,6,2020-01-25 04:11:48
Harsh kabra,XamgineX,9160811000,ee18btech11019@iith.ac.in,14,2020-01-25 20:18:27
Ogre Magi,2ogrebetterthan1,7478080666,sanjeet029@gmail.com,11,2020-01-25 23:27:35
Ganesh Shenoy,gsshenoy67@gmail.com,09821918907,gsshenoy67@gmail.com,0,2020-01-25 03:17:53
Karan Uppal,karan.uppal3,8527107806,karan.uppal3@gmail.com,11,2020-01-26 09:21:39
C V Aswarth Narayana,Aswarth_123,8920306415,c.v.aswarth@gmail.com,1,2020-01-25 06:01:09
Aayush Goyal,aayush27,09354632722,ee18btech11001@iith.ac.in,17,2020-01-26 17:59:49
Arastu,hazy.......007,7087000044,arastu1719@gmail.com,21,2020-01-26 18:50:28
Roshni Pande,BowMirage,3546372891,ee16btech11032@iith.ac.in,6,2020-01-25 17:33:20
Hemanth Kumar,hemanth_kj,8220710441,hemanth17112000@gmail.com,3,2020-01-25 21:55:49
Iqbal,Iqbal.anwaar," 919701513114",iqbal.hussain18@ifheindia.org,15,2020-01-26 13:58:38
J Maheshwari,sparklin,7095823772,sparklinthefire@gmail.com,6,2020-01-26 13:36:31
Rewant Raj,oneshot7321,8957229277,cs19btech11055@iith.ac.in,6,2020-01-25 12:43:44
Vikas Srivastava,vikasriv,7722039079,vikas.srivastava55@gmail.com,0,2020-01-25 04:02:21
Divyansh Kharbanda,OneForAll,9987706284,ep19btech11002@iith.ac.in,6,2020-01-25 11:47:21
Yatish Bhardwaj,yatish609,7292070079,tshbhardwaj725@gmail.com,16,2020-01-26 16:34:50
Karthik K,Karthik_Kanukollu,6303523942,ee17btech11016@iith.ac.in,11,2020-01-26 03:36:17
J.Pavan,Pavanbobby,7013773380,japalabobby123@gmail.com,0,2020-01-25 06:29:08
Sweta,swetakumari137,9997508927,swetakumari1377@gmail.com,0,2020-01-25 05:32:30
Kaushik ganguneni,Kaush1877,07995967638,kaushik1877@gmail.com,5,2020-01-25 04:15:46
Varun Patil,Vp27101999,8983466280,varun99patil@gmail.com,18,2020-01-26 11:17:23
Anirudh Madhamshetty,Annirudh@09,9390181019,ramsani2001@gmail.com,0,2020-01-25 05:33:16
Sai Ankith Chauhan,Username1,8919907832,ankithchauhan01@gmail.com,1,2020-01-25 06:29:23
Manthan Chavan,manthann,9657595883,ce17btech11024@iith.ac.in,1,2020-01-25 05:41:14
Surya Teja,nononame,7477858797,suryateja520@gmail.com,5,2020-01-25 07:13:17
Pratheek,IDontknow,9441137000,pratheek080699@gmail.com,2,2020-01-25 04:39:46
Bhavish Raj Gopal,bhavishrg,9962970900,gbhavish@gmail.com,11,2020-01-26 05:45:38
Adarsh Joshy,adarshjoshy2000@gmail.com,8178290488,adarshjoshy2000@gmail.com,2,2020-01-25 07:45:37
srujana,srujana_02,9110730506,batchusrujana.123@gmail.com,1,2020-01-25 05:41:47
C B Sharath,Sharath333,8861363899,sharathbopaiah862@gmail.com,1,2020-01-25 05:05:55
SUNKARA JAYARAM ,Jack_sparrow,8688702262,jayaram0sunkara@gmail.com,2,2020-01-25 05:42:54
Ch.,arrrrrrrrrrrr,8919091513,chvinaykumar1999@gmail.com,0,2020-01-25 06:04:32
Kundan Agrawal,Shadowman07,8529745395,kundanagrawal001@gmail.com,12,2020-01-26 09:11:05
Zia,Y2KInventedMe," 917799028727",ziathekingofkings@gmail.com,16,2020-01-26 15:55:32
Anuraag Marapally,Lucifer_Morningstar,6303332672,marapallyanuraag@gmail.com,6,2020-01-25 12:56:27
Tarun,knightsofnight,8186869626,taruntejreddy.chilukuri@gmail.com,8,2020-01-25 13:11:29
kalidindiakhila,akhila96,8985454551,kalidindiakhila96@gmail.com,16,2020-01-26 13:50:50
Aman Verma,Super-A-man,7982956583,amaniiti05@gmail.com,11,2020-01-26 07:51:19
Anandu B Ajith,anandubajith,09497389579,reach2anandu@gmail.com,11,2020-01-25 17:42:39
AKSHAR SHARMA,akshar28,9550053451,aksharsharma2801@gmail.com,1,2020-01-25 05:46:37
Nikhil,nikhil05,9949442274,nikhilboggavarapu@gmail.com,2,2020-01-25 05:48:07
Mojo,Hi_honey,,jothikanoble2907@gmail.com,7,2020-01-25 06:05:39
Harshitha Reddy ,Harshitha,9390222810,me19btech11043@iith.ac.in,7,2020-01-25 15:26:01
Thrilok,thrilok18,9487818899,thrilok96@gmail.com,17,2020-01-26 17:42:07
Aryan Goyal,aryangoyal24,9100388547,aryangoyal24@yahoo.in,8,2020-01-26 08:41:09
Abhinau Kumar,SolveyMcSolveface,7372179103,ab.kumr98@gmail.com,17,2020-01-26 00:46:49
Maheshwari Juttu,Mahi55555,8309852416,harini.ju555@gmail.com,6,2020-01-26 13:53:03
Serendeep Rudraraju,CursedApple,7032717313,serendeep.rudraraju19@ifheindia.org,15,2020-01-26 11:26:51
Harshitha,Harshitha@2001,9390145826,me19btech11015@iith.ac.in,7,2020-01-25 15:27:56
Vishnu sai ,SulthanVishnusai,8341700920,cs19b1025@iiitr.ac.in,1,2020-01-25 06:35:40
Rohit,Hereforfun,8367678916,es18btech11010@iith.ac.in,15,2020-01-26 15:09:49
Harshitha Reddy ,harshitha,9390222810,me19btech11043@iith.ac.in,6,2020-01-25 15:26:01
Malthi Sai Vardhan ,rohitsharma45,8688947091,ma19btech11010@iith.ac.in,6,2020-01-25 17:19:24
susanka majumder,bingob0ng,7005060846,sathinandimajumder068@gmail.com,11,2020-01-25 22:17:59
Manish Krishna,Manish561,8686939999,ma19btech11004@iith.ac.in,2,2020-01-25 06:16:53
Aviral  Agarwal,avi_agarwal25,7428922539,agarwalaviral065@gmail.com,4,2020-01-25 10:36:39
Nisitha ,Nisitha665,6309806659,nisitha.vallamdasu.ece19@itbhu.ac.in,1,2020-01-25 06:17:40
Shubhankar Dhruv,Shubhankar_9969,07838052805,shubbhi99@gmail.com,1,2020-01-25 06:18:30
Akhil,Kannnnnaaa,9948083135,akhilkumarbaja@gmail.com,1,2020-01-25 06:42:19
Keer10,Kira123456,8367448788,hawkjuckkeer@gmail.com,5,2020-01-25 09:50:06
Manav Chaudhary,michaelcorleonejr,7217628148,cs19b1018@iiitr.ac.in,11,2020-01-26 06:07:13
Pranav reddy,pranu2502,7794922654,Pranav.Reddy@iiitb.org,9,2020-01-26 07:40:00
vsvnimish,cs19b1026,8106098571,cs19b1026@iiitr.ac.in,14,2020-01-26 13:04:17
a,warmachine,9544444444,pampatiabhignya@gmail.com,2,2020-01-25 07:00:44
Kota Harish,harishkota,9143399666,cs19b1016@iiitr.ac.in,2,2020-01-25 07:03:24
Anusha,no__name,7477764111,anushapotnuru26@gmail.com,5,2020-01-25 07:05:32
Sharan Mourya,Achilles,07477781222,sharanmourya7@gmail.com,5,2020-01-25 07:05:40
Akshat Gupta,cryptoakshat,7783976408,akshatguptamac@gmail.com,1,2020-01-25 09:22:33
Sahukari Chaitanya Varun,Chaitanya_Varun,70 9507 5634,ee19btech11040@iith.ac.in,4,2020-01-25 07:54:45
Hitaishi Desai,boskovitche,9986771023,hitaishidesai01@gmail.com,3,2020-01-25 08:39:06
A. D. Kumar,Starlord,9705252915,me19btech11005@iith.ac.in,1,2020-01-25 08:03:16
Ashish jangid,Ashish7055,9024760262,ch19btech11026@iith.ac.in,1,2020-01-25 08:10:00
Mohit,MaXRoguE,8770847560,itsmohitm77@gmail.com,1,2020-01-25 08:17:41
Rida,Rkazi123,,ridakazi310@gmail.com,0,2020-01-25 08:37:20
Syed Muqtadir,Ex-Communicado,9307666636,ms19btech11003@iith.ac.in,4,2020-01-25 08:39:11
Padmasree Kodi,Jessi123,09542987979,EE12B1013@iith.ac.in,7,2020-01-26 16:02:44
TUSHAR TIWARI,tushartiwariofficial,9887770072,tushartiwariofficial@gmail.com,21,2020-01-26 18:15:48
Dalton Pinto,DH-Dalz2001,7506779056,dalzawe@gmail.com,13,2020-01-26 16:24:01
Aakansha Mehra,proton25,9849162692,aaka.mehra.nsha@gmail.com,17,2020-01-26 17:48:28
Yash,yash0323,8857873863,me19btech11050@iith.ac.in,6,2020-01-25 10:39:01
Monish,LordTyrion,9952055048,monishuday810@gmail.com,6,2020-01-25 10:42:20
Himank,Himank12,7888770140,himank.garg19@iimranchi.ac.in,6,2020-01-26 02:20:57
Padmasree Kodi,Margaret,09542987979,padmasreereddy.k@gmail.com,4,2020-01-25 09:09:48
Lokesh Agarwal,lokeshagarwal149@gmail.com,7675842151,lokeshagarwal149@gmail.com,17,2020-01-26 18:54:37
Rithvik kondapalkala ,Krithvik,9390263348,rithviksharma2002@gmail.com,0,2020-01-25 09:14:05
Jeswanth,Botking7,9515257475,me19btech11034@iith.ac.in,1,2020-01-25 11:12:43
Jithin Prakash,cyb3rjithu,09567100068,cyb3rjithu@gmail.com,13,2020-01-26 12:30:38
K Oberlin,tinygoblin,3476938493,kayla.oberlin@gmail.com,11,2020-01-26 16:47:09
Aniruddh Maitra,aniruddhmaitra0@gmail.com,9174729709,aniruddhmaitra0@gmail.com,0,2020-01-25 09:36:51
Munigala praveen,praveenmng,7032726476,iampraveenmunigala@gmail.com,0,2020-01-25 09:44:04
Sam Betson,samettan7,8590003499,sambetson2000@gmail.com,8,2020-01-25 11:20:38
Sree priya,Sreepriya,9390235158,ch19btech11017@iith.ac.in,0,2020-01-25 09:49:41
Ansil Shajil,iamthedevil,8547760671,ansilsshajilindia@gmail.com,3,2020-01-25 16:18:04
Waseem Thayyil ,Waseemthayyil,9946208816,es19btech11018@iith.ac.in,8,2020-01-25 11:22:47
Bhavana Reddy Bayyapu,bhavana.bayyapu@gmail.com,,bhavana.bayyapu@gmail.com,15,2020-01-26 14:43:59
MITALI,Mitali1011,9606759966,mitali101101@gmail.com,0,2020-01-25 10:10:10
Sujay Ghosh,Sujay00001,9098111098,ghoshsujay03@gmail.com,1,2020-01-25 19:39:27
rishabh jangra,its_shadow,9467867867,rishabjangra08@gmail.com,0,2020-01-25 12:16:59
Aditya Saxena,aditya_2020,7509045075,aditya.saxena.ece19@itbhu.ac.in,6,2020-01-25 17:25:06
sinchan,waiter123,9477460862,cs17resch11002@iith.ac.in,2,2020-01-25 17:58:42
ganesh kumar,alollllllll,9432232345,cs19btech11027@iith.ac.in,2,2020-01-25 13:07:56
Rahul,jonnada15@gmail.com,7207873051,jonnada15@gmail.com,0,2020-01-25 14:29:05
vishnu singh,srks2REDIFFMAIL.COM,7330777723,srks@rediffmail.com,6,2020-01-25 13:10:27
Shaurya,BlackDog,9461214087,es15btech11017@iith.ac.in,6,2020-01-25 16:47:44
Narayan ,narayan7,8108514169,mems190005025@iiti.ac.in,12,2020-01-25 13:21:56
Revanth ,Pramod4dawgs,9908537836,es16btech11027@iith.ac.in,1,2020-01-25 14:37:35
sai,abcd1234,9000573588,sudarsan.110901@gmail.com,11,2020-01-26 08:05:53
:),Beckywiththegoodhair,,alexaagatha16@gmail.com,12,2020-01-25 17:31:53
Iqbal,18stuchh010204," 919701513114",iqbalanwaar123@gmail.com,8,2020-01-25 11:39:32
Yogesh Swami,King_Rocco,6239359503,ep17btech11019@iith.ac.in,5,2020-01-25 11:45:55
Babu Yoda,BabuYoda,9856878548,babygroot@ymail.com,5,2020-01-25 11:48:33
Vedant ,vardhanp,7355709276,vedantvibhor007@gmail.com,7,2020-01-25 11:49:51
Sriya Nelluri,SriyaNelluri,9347962432,sriyanelluri@gmail.com,1,2020-01-25 11:58:12
Prasad,Prasad055,,seetaramaprasad5@gmail.com,6,2020-01-25 13:46:49
Prashant Pareek,wonttell,7976650247,prashantpareek56@gmail.com,14,2020-01-25 13:55:51
Rajat Soni,rajat241999,09549340950,rajatsoni9549@gmail.com,1,2020-01-26 07:55:41
Riya vysyaraju,Riya7hills,9493234477,vysyaraju.riya.met19@itbhu.ac.in,0,2020-01-25 16:48:28
Zack Cody,ZacknCody,8691217633,jcoder777@gmail.com,11,2020-01-26 09:38:12
Bala Vikranth Kumar,Anonymous,7989308198,vikranthkumar0123@gmail.com,-1,2020-01-25 16:45:24
Aishwarya ,Aish0926,9600051384,aishu0926@gmail.com,6,2020-01-25 15:21:13
Chaitanya sathe,Ch@itanya,9922836796,me19btech11012@iith.ac.in,0,2020-01-25 16:07:43
Omkar,omaxbullet,7718051844,omkar.borhade16@vit.edu,3,2020-01-25 18:08:33
Harshwardhan Praveen,MyKennnn,9515223051,praveenharsh01@gmail.com,0,2020-01-25 17:37:22
Narayana Sreehitha Reddy,cs19btech11016@iith.ac.in,9494255294,cs19btech11016@iith.ac.in,8,2020-01-25 16:53:43
Meghana,JMeghana,8096344635,meghana.janjanam7@gmail.com,6,2020-01-25 16:10:42
Drone Dangwal,DroneDangwal,8978422106,svtdangwal@gmail.com,11,2020-01-25 17:01:33
Rajan,Huckersrtsjs,7763968044,3srajan@gmail.com,0,2020-01-25 18:27:56
Tarun Neeraj,frozenloser,7013213477,tarunneeraj2000@gmail.com,17,2020-01-26 17:46:47
Narukulla Charan,Charannarukulla,7730922675,charannarukulla@gmail.com,17,2020-01-26 18:44:59
Hsjsj,Hsjsjsggs,562882929,3srajan@gmail.com,-1,2020-01-25 18:28:30
Asdfgh,RocketMan,7989413766,subodhm1357@gmail.com,11,2020-01-25 17:53:50
Jaya Venkatesh,Venkatesh,9866083379,jayavenkatesh79@gmail.com,11,2020-01-25 18:56:30
Revanth,YourGrandDaddy,9908537836,re1nth98@gmail.com,6,2020-01-25 19:17:31
Arjun Syam,HurakenDjinn,9496432915,arjun.syam23@gmail.com,8,2020-01-25 17:57:50
Sachin Rathor,Loy_88888,9787038224,cs18mtech01002@iith.ac.in,6,2020-01-25 22:05:06
Gautham Yadagiri,LivingTribunal,9652861440,ee19btech11008@iith.ac.in,7,2020-01-25 20:47:20
Thota saikiran,Saikiran,8500840807,skiran110401@gmail.com,11,2020-01-25 21:43:43
Osama's Brother ,arthurpendragon,8826614674,yasasvi.peruvemba@gmail.com,21,2020-01-26 19:19:54
Thejus Kartha,tjkartha,,amazer2_x@yahoo.co.in,16,2020-01-25 21:44:48
U.Deepak,deepakkiriti,8341976398,deepakkiriti78@gmail.com,11,2020-01-25 21:46:10
Sanjay Tiwari,The_Destroyer,8209570373,sanjaytiwarikhamore@gmail.com,12,2020-01-26 08:40:17
Tanuja Gollangi,tanbanana17,9492024878,tanuja17g@gmail.com,5,2020-01-26 05:18:56
Shrinit Goyal,shrinitg,7737805106,shrinitg@gmail.com,1,2020-01-26 03:11:43
Koppula Snehith,snehith.k,9390392077,snehithkoppula@gmail.com,1,2020-01-26 03:09:05
Lovesh Gupta,Loveshgupta,8824543561,loveshgupta63@gmail.com,0,2020-01-26 03:25:19
Navneet kumar,Navneet123,9468790649,navaneetjpr@gmail.com,0,2020-01-26 03:37:11
Sudha,Sudha1022,9581841716,sudhasaipiratla@gmail.com,11,2020-01-26 04:01:42
CHETAN MAHESHWARI ,Radientbrain,9057211152,maheshwarichetan00@gmail.com,13,2020-01-26 10:10:57
Sai,Red_Phoenix,9110338895,me15btech11006@iith.ac.in,1,2020-01-26 12:09:10
Sanjana,sanjana.67,7981925569,gsanjana97@gmail.com,0,2020-01-26 04:15:05
Sakala Mohan,sakalamrd," 16469456007",mohanreddyds@gmail.com,1,2020-01-26 12:11:43
Anisha,anisha.162,8106539085,sanjana.d@klh.edu.in,0,2020-01-26 04:18:50
Ishika Tiwari,tiwariishika,9413837690,tiwariishika1412@gmail.com,0,2020-01-26 12:14:21
HARSHEL ,Harsheldola,9894333558,dola.harshel2019@vitstudent.ac.in,0,2020-01-26 15:21:09
Sexy_lady on the floor,Sexy_lady,,ch17btech11025@iith.ac.in,2,2020-01-26 09:38:28
LIKHITH,Es19btech11024,8688924904,srbhai2000@gmail.com,-1,2020-01-26 15:24:18
Maithili,maiths0410,9676240802,maithili0410@gmail.com,5,2020-01-26 04:39:57
Literary Society,welikelit,9866992152,lit_soc@gymkhana.iith.ac.in,3,2020-01-26 13:26:03
Milan,Milanvarma,9381844190,milangirishvarma@gmail.com,4,2020-01-26 19:35:56
monitha,tombstone,9100044954,monithaa2001@gmail.com,6,2020-01-26 12:34:28
Vishnu VS,slldkfhjnlkn,098780980,cryptex@elan.org.in,2,2020-01-26 15:28:33
Ananthapadmanabhan M,mr_rogers,7093087079,ananth7121999@gmail.com,14,2020-01-26 09:43:58
Tarun Ram,starlord,9966434436,tarun.starfire@gmail.com,6,2020-01-26 16:24:35
Srivatsan,ABCD1234,9381534017,srivatsanraman3@gmail.com,16,2020-01-26 15:45:52
Devang Pathak,devilpoacher,9606516891,devangpathak8@gmail.com,12,2020-01-26 05:11:45
Vindhyachal chaubey,Vindhyachal,9079810261,vindhyachalchoubey@gmail.com,1,2020-01-26 05:46:32
Nandini Kanoria ,nandini_kanoria,09359290225,nandinikanoria00@gmail.com,12,2020-01-26 05:54:06
Umar farooq,omar1024,8129636160,umarfarooqa16@gmail.com,0,2020-01-26 05:56:24
nikhila,nikhila.12,7981925569,bnikhila.2000@gmail.com,0,2020-01-26 06:05:43
SIDDHARTH ANAND SRIVASTAV,Siddharth_02,8318415457,siddharth.asrivastav.ece19@itbhu.ac.in,1,2020-01-26 06:19:54
Narmada,mommysayshi,9840724497,narmadapck@gmail.com,1,2020-01-26 06:49:01
Oh,Nooooooo,....,me18btech11019@iith.ac.in,-1,2020-01-26 13:09:23
Alias Septimus,Vortex04,91886530,shiju.ah@gmail.com,1,2020-01-26 07:05:35
Eeks,Nooooooooo,...,manvitha612@gmail.com,-1,2020-01-26 13:10:02
Sarthak Rout,sarthak2024,9438354480,sarthak2024@gmail.com,13,2020-01-26 16:01:50
Dhruv G,AbunAnna,,gupta.dhruv99@gmail.com,14,2020-01-26 10:35:08
Channa Prajeeth,Prajeeth,7095266393,prajeeth.channa@gmail.com,1,2020-01-26 10:36:20
Richik,richik7777,8600897777,richikj@gmail.com,14,2020-01-26 13:48:22
Why oh why,whyohwhy,09849081683,manvitha612@outlook.com,-1,2020-01-26 13:11:39
Amartya raj,Amarthya,,sindhuja.bluesapphire@gmail.com,15,2020-01-26 16:02:25
Hura_Italian,Hura_Italian,66666666,ep17btech11001@iith.ac.in,1,2020-01-26 13:11:53
Timothy Marthand,beethoven,9885512800,sotahyderabad@gmail.com,2,2020-01-26 11:35:35
Nandita,nandgate,,cs19btech11051@iith.ac.in,3,2020-01-26 16:06:35
mansi nanavati,nanabananas,8688299704,mansinanavati29@gmail.com,13,2020-01-26 13:19:40
Srinix,Bhagvati,9866992152,ep18btech11003@iith.ac.in,2,2020-01-26 13:21:55
Nanavati,okboomer,8688299703,ee19btech11036@iith.ac.in,8,2020-01-26 14:26:58
Vikas,Vikasaddanki,9493845360,vikasaddanki14962@gmail.com,0,2020-01-26 14:01:59
Soumi Chakraborty,JaffaPodi,,soumi.chakraborty.2001@gmail.com,17,2020-01-26 14:27:04
Sarthak Chincholikar,geraltofrivia,8308811959,chincholikarsarthak@gmail.com,21,2020-01-26 16:30:09
Iameverything,Iameverything,9821526789,bsrinix@gmail.com,2,2020-01-26 13:23:44
Sai parayan,Parayan4,7032665999,parayan2001god@gmail.com,16,2020-01-26 16:39:57
Surbhi Guha,Surbhieg,8374650076,surbhisguha@gmail.com,1,2020-01-26 17:17:36
Madhu,Madhusoodanan,9539003820,madesthu@yahoo.com,0,2020-01-26 17:28:06
Aszetccee,oura162333,8411970205,ee17btech11049@iith.ac.in,16,2020-01-26 17:51:18
anonymous_iith,anonymous_iith,1234567890,adsk.qwerty@gmail.com,0,2020-01-26 15:04:01
Hermione Granger,HermyOwnKnee,,es19btech11017@iith.ac.in,3,2020-01-26 16:14:13
revanth nayak,Khal_nayak,09381243712,revanthsonu007@gmail.com,17,2020-01-26 19:07:50
FAKEid1,ModiShallNotGiveHints,911,gapsnarula@gmail.com,21,2020-01-26 18:39:05
